<?xml version="1.0" encoding="UTF-8"?>
<gpx xmlns="http://www.topografix.com/GPX/1/1" xmlns:gpxdata="http://www.cluetrust.com/XML/GPXDATA/1/0" xmlns:xsi="http://www.w3.org/2001/XMLSchema-instance" xsi:schemaLocation="http://www.topografix.com/GPX/1/1 https://www.topografix.com/GPX/1/1/gpx.xsd http://www.cluetrust.com/XML/GPXDATA/1/0 https://www.cluetrust.com/Schemas/gpxdata10.xsd" creator="COROS Wearables" version="1.1">
 <metadata>
  <link href="https://www.coros.com">
   <text>COROS</text>
  </link>
  <time>2026-09-15T09:39:38Z</time>
 </metadata>
 <trk>
  <name>Kluang District Trail Run</name>
  <type>running</type>
  <trkseg>
   <trkpt lat="2.0247772" lon="103.3448087">
    <ele>76</ele>
   </trkpt>
   <trkpt lat="2.0247759" lon="103.3448231">
    <ele>76</ele>
   </trkpt>
   <trkpt lat="2.0247744" lon="103.3448303">
    <ele>76</ele>
   </trkpt>
   <trkpt lat="2.0247730" lon="103.3448375">
    <ele>76</ele>
   </trkpt>
   <trkpt lat="2.0247715" lon="103.3448447">
    <ele>76</ele>
   </trkpt>
   <trkpt lat="2.0247664" lon="103.3448690">
    <ele>76</ele>
   </trkpt>
   <trkpt lat="2.0247641" lon="103.3448769">
    <ele>76</ele>
   </trkpt>
   <trkpt lat="2.0247619" lon="103.3448848">
    <ele>76</ele>
   </trkpt>
   <trkpt lat="2.0247597" lon="103.3448927">
    <ele>76</ele>
   </trkpt>
   <trkpt lat="2.0247562" lon="103.3449167">
    <ele>76</ele>
   </trkpt>
   <trkpt lat="2.0247570" lon="103.3449253">
    <ele>76</ele>
   </trkpt>
   <trkpt lat="2.0247578" lon="103.3449339">
    <ele>76</ele>
   </trkpt>
   <trkpt lat="2.0247587" lon="103.3449425">
    <ele>76</ele>
   </trkpt>
   <trkpt lat="2.0247638" lon="103.3449668">
    <ele>76</ele>
   </trkpt>
   <trkpt lat="2.0247660" lon="103.3449729">
    <ele>76</ele>
   </trkpt>
   <trkpt lat="2.0247682" lon="103.3449790">
    <ele>76</ele>
   </trkpt>
   <trkpt lat="2.0247704" lon="103.3449851">
    <ele>76</ele>
   </trkpt>
   <trkpt lat="2.0247820" lon="103.3450007">
    <ele>76</ele>
   </trkpt>
   <trkpt lat="2.0247866" lon="103.3450062">
    <ele>76</ele>
   </trkpt>
   <trkpt lat="2.0247912" lon="103.3450117">
    <ele>76</ele>
   </trkpt>
   <trkpt lat="2.0247958" lon="103.3450172">
    <ele>76</ele>
   </trkpt>
   <trkpt lat="2.0248071" lon="103.3450345">
    <ele>76</ele>
   </trkpt>
   <trkpt lat="2.0248095" lon="103.3450416">
    <ele>76</ele>
   </trkpt>
   <trkpt lat="2.0248120" lon="103.3450487">
    <ele>76</ele>
   </trkpt>
   <trkpt lat="2.0248145" lon="103.3450559">
    <ele>76</ele>
   </trkpt>
   <trkpt lat="2.0248193" lon="103.3450795">
    <ele>76</ele>
   </trkpt>
   <trkpt lat="2.0248210" lon="103.3450864">
    <ele>76</ele>
   </trkpt>
   <trkpt lat="2.0248228" lon="103.3450936">
    <ele>76</ele>
   </trkpt>
   <trkpt lat="2.0248246" lon="103.3451007">
    <ele>76</ele>
   </trkpt>
   <trkpt lat="2.0248274" lon="103.3451183">
    <ele>76</ele>
   </trkpt>
   <trkpt lat="2.0248284" lon="103.3451257">
    <ele>76</ele>
   </trkpt>
   <trkpt lat="2.0248293" lon="103.3451332">
    <ele>76</ele>
   </trkpt>
   <trkpt lat="2.0248301" lon="103.3451407">
    <ele>76</ele>
   </trkpt>
   <trkpt lat="2.0248398" lon="103.3451665">
    <ele>76</ele>
   </trkpt>
   <trkpt lat="2.0248436" lon="103.3451757">
    <ele>76</ele>
   </trkpt>
   <trkpt lat="2.0248474" lon="103.3451850">
    <ele>76</ele>
   </trkpt>
   <trkpt lat="2.0248512" lon="103.3451943">
    <ele>76</ele>
   </trkpt>
   <trkpt lat="2.0248619" lon="103.3452219">
    <ele>76</ele>
   </trkpt>
   <trkpt lat="2.0248639" lon="103.3452303">
    <ele>76</ele>
   </trkpt>
   <trkpt lat="2.0248659" lon="103.3452388">
    <ele>76</ele>
   </trkpt>
   <trkpt lat="2.0248679" lon="103.3452473">
    <ele>77</ele>
   </trkpt>
   <trkpt lat="2.0248670" lon="103.3452708">
    <ele>77</ele>
   </trkpt>
   <trkpt lat="2.0248662" lon="103.3452779">
    <ele>77</ele>
   </trkpt>
   <trkpt lat="2.0248655" lon="103.3452852">
    <ele>77</ele>
   </trkpt>
   <trkpt lat="2.0248648" lon="103.3452924">
    <ele>77</ele>
   </trkpt>
   <trkpt lat="2.0248680" lon="103.3453135">
    <ele>77</ele>
   </trkpt>
   <trkpt lat="2.0248693" lon="103.3453201">
    <ele>77</ele>
   </trkpt>
   <trkpt lat="2.0248706" lon="103.3453267">
    <ele>77</ele>
   </trkpt>
   <trkpt lat="2.0248719" lon="103.3453332">
    <ele>78</ele>
   </trkpt>
   <trkpt lat="2.0248749" lon="103.3453529">
    <ele>78</ele>
   </trkpt>
   <trkpt lat="2.0248759" lon="103.3453593">
    <ele>78</ele>
   </trkpt>
   <trkpt lat="2.0248769" lon="103.3453657">
    <ele>78</ele>
   </trkpt>
   <trkpt lat="2.0248780" lon="103.3453721">
    <ele>78</ele>
   </trkpt>
   <trkpt lat="2.0248810" lon="103.3453919">
    <ele>78</ele>
   </trkpt>
   <trkpt lat="2.0248822" lon="103.3453994">
    <ele>78</ele>
   </trkpt>
   <trkpt lat="2.0248834" lon="103.3454070">
    <ele>78</ele>
   </trkpt>
   <trkpt lat="2.0248846" lon="103.3454146">
    <ele>78</ele>
   </trkpt>
   <trkpt lat="2.0248898" lon="103.3454359">
    <ele>78</ele>
   </trkpt>
   <trkpt lat="2.0248917" lon="103.3454437">
    <ele>78</ele>
   </trkpt>
   <trkpt lat="2.0248936" lon="103.3454515">
    <ele>78</ele>
   </trkpt>
   <trkpt lat="2.0248957" lon="103.3454593">
    <ele>79</ele>
   </trkpt>
   <trkpt lat="2.0248965" lon="103.3454837">
    <ele>79</ele>
   </trkpt>
   <trkpt lat="2.0248955" lon="103.3454906">
    <ele>79</ele>
   </trkpt>
   <trkpt lat="2.0248945" lon="103.3454974">
    <ele>79</ele>
   </trkpt>
   <trkpt lat="2.0248935" lon="103.3455045">
    <ele>80</ele>
   </trkpt>
   <trkpt lat="2.0248919" lon="103.3455245">
    <ele>80</ele>
   </trkpt>
   <trkpt lat="2.0248920" lon="103.3455327">
    <ele>80</ele>
   </trkpt>
   <trkpt lat="2.0248922" lon="103.3455409">
    <ele>80</ele>
   </trkpt>
   <trkpt lat="2.0248924" lon="103.3455491">
    <ele>80</ele>
   </trkpt>
   <trkpt lat="2.0248999" lon="103.3455790">
    <ele>80</ele>
   </trkpt>
   <trkpt lat="2.0249038" lon="103.3455895">
    <ele>80</ele>
   </trkpt>
   <trkpt lat="2.0249077" lon="103.3456000">
    <ele>80</ele>
   </trkpt>
   <trkpt lat="2.0249115" lon="103.3456106">
    <ele>81</ele>
   </trkpt>
   <trkpt lat="2.0249218" lon="103.3456395">
    <ele>81</ele>
   </trkpt>
   <trkpt lat="2.0249238" lon="103.3456470">
    <ele>81</ele>
   </trkpt>
   <trkpt lat="2.0249259" lon="103.3456547">
    <ele>81</ele>
   </trkpt>
   <trkpt lat="2.0249280" lon="103.3456623">
    <ele>81</ele>
   </trkpt>
   <trkpt lat="2.0249313" lon="103.3456825">
    <ele>81</ele>
   </trkpt>
   <trkpt lat="2.0249328" lon="103.3456915">
    <ele>81</ele>
   </trkpt>
   <trkpt lat="2.0249343" lon="103.3457005">
    <ele>81</ele>
   </trkpt>
   <trkpt lat="2.0249359" lon="103.3457095">
    <ele>82</ele>
   </trkpt>
   <trkpt lat="2.0249461" lon="103.3457370">
    <ele>82</ele>
   </trkpt>
   <trkpt lat="2.0249502" lon="103.3457437">
    <ele>82</ele>
   </trkpt>
   <trkpt lat="2.0249543" lon="103.3457506">
    <ele>82</ele>
   </trkpt>
   <trkpt lat="2.0249585" lon="103.3457574">
    <ele>82</ele>
   </trkpt>
   <trkpt lat="2.0249699" lon="103.3457746">
    <ele>82</ele>
   </trkpt>
   <trkpt lat="2.0249725" lon="103.3457809">
    <ele>82</ele>
   </trkpt>
   <trkpt lat="2.0249750" lon="103.3457872">
    <ele>82</ele>
   </trkpt>
   <trkpt lat="2.0249778" lon="103.3457935">
    <ele>83</ele>
   </trkpt>
   <trkpt lat="2.0249856" lon="103.3458133">
    <ele>83</ele>
   </trkpt>
   <trkpt lat="2.0249870" lon="103.3458203">
    <ele>83</ele>
   </trkpt>
   <trkpt lat="2.0249883" lon="103.3458273">
    <ele>83</ele>
   </trkpt>
   <trkpt lat="2.0249898" lon="103.3458343">
    <ele>83</ele>
   </trkpt>
   <trkpt lat="2.0249955" lon="103.3458559">
    <ele>83</ele>
   </trkpt>
   <trkpt lat="2.0249997" lon="103.3458619">
    <ele>83</ele>
   </trkpt>
   <trkpt lat="2.0250039" lon="103.3458679">
    <ele>83</ele>
   </trkpt>
   <trkpt lat="2.0250082" lon="103.3458740">
    <ele>84</ele>
   </trkpt>
   <trkpt lat="2.0250243" lon="103.3458889">
    <ele>84</ele>
   </trkpt>
   <trkpt lat="2.0250287" lon="103.3458949">
    <ele>84</ele>
   </trkpt>
   <trkpt lat="2.0250331" lon="103.3459009">
    <ele>84</ele>
   </trkpt>
   <trkpt lat="2.0250376" lon="103.3459070">
    <ele>84</ele>
   </trkpt>
   <trkpt lat="2.0250477" lon="103.3459299">
    <ele>84</ele>
   </trkpt>
   <trkpt lat="2.0250510" lon="103.3459380">
    <ele>84</ele>
   </trkpt>
   <trkpt lat="2.0250543" lon="103.3459461">
    <ele>84</ele>
   </trkpt>
   <trkpt lat="2.0250577" lon="103.3459542">
    <ele>85</ele>
   </trkpt>
   <trkpt lat="2.0250708" lon="103.3459770">
    <ele>85</ele>
   </trkpt>
   <trkpt lat="2.0250761" lon="103.3459833">
    <ele>85</ele>
   </trkpt>
   <trkpt lat="2.0250813" lon="103.3459896">
    <ele>85</ele>
   </trkpt>
   <trkpt lat="2.0250866" lon="103.3459960">
    <ele>85</ele>
   </trkpt>
   <trkpt lat="2.0251031" lon="103.3460123">
    <ele>85</ele>
   </trkpt>
   <trkpt lat="2.0251091" lon="103.3460177">
    <ele>85</ele>
   </trkpt>
   <trkpt lat="2.0251151" lon="103.3460232">
    <ele>85</ele>
   </trkpt>
   <trkpt lat="2.0251210" lon="103.3460287">
    <ele>86</ele>
   </trkpt>
   <trkpt lat="2.0251410" lon="103.3460470">
    <ele>86</ele>
   </trkpt>
   <trkpt lat="2.0251472" lon="103.3460524">
    <ele>86</ele>
   </trkpt>
   <trkpt lat="2.0251534" lon="103.3460579">
    <ele>86</ele>
   </trkpt>
   <trkpt lat="2.0251596" lon="103.3460634">
    <ele>86</ele>
   </trkpt>
   <trkpt lat="2.0251774" lon="103.3460817">
    <ele>86</ele>
   </trkpt>
   <trkpt lat="2.0251813" lon="103.3460896">
    <ele>86</ele>
   </trkpt>
   <trkpt lat="2.0251853" lon="103.3460975">
    <ele>86</ele>
   </trkpt>
   <trkpt lat="2.0251893" lon="103.3461056">
    <ele>87</ele>
   </trkpt>
   <trkpt lat="2.0251921" lon="103.3461310">
    <ele>87</ele>
   </trkpt>
   <trkpt lat="2.0251926" lon="103.3461395">
    <ele>87</ele>
   </trkpt>
   <trkpt lat="2.0251931" lon="103.3461479">
    <ele>87</ele>
   </trkpt>
   <trkpt lat="2.0251936" lon="103.3461563">
    <ele>87</ele>
   </trkpt>
   <trkpt lat="2.0251984" lon="103.3461835">
    <ele>87</ele>
   </trkpt>
   <trkpt lat="2.0252002" lon="103.3461933">
    <ele>87</ele>
   </trkpt>
   <trkpt lat="2.0252021" lon="103.3462031">
    <ele>87</ele>
   </trkpt>
   <trkpt lat="2.0252040" lon="103.3462130">
    <ele>88</ele>
   </trkpt>
   <trkpt lat="2.0252079" lon="103.3462387">
    <ele>88</ele>
   </trkpt>
   <trkpt lat="2.0252089" lon="103.3462473">
    <ele>88</ele>
   </trkpt>
   <trkpt lat="2.0252099" lon="103.3462560">
    <ele>88</ele>
   </trkpt>
   <trkpt lat="2.0252110" lon="103.3462647">
    <ele>88</ele>
   </trkpt>
   <trkpt lat="2.0252124" lon="103.3462954">
    <ele>88</ele>
   </trkpt>
   <trkpt lat="2.0252135" lon="103.3463055">
    <ele>88</ele>
   </trkpt>
   <trkpt lat="2.0252146" lon="103.3463158">
    <ele>88</ele>
   </trkpt>
   <trkpt lat="2.0252157" lon="103.3463260">
    <ele>88</ele>
   </trkpt>
   <trkpt lat="2.0252235" lon="103.3463521">
    <ele>88</ele>
   </trkpt>
   <trkpt lat="2.0252274" lon="103.3463593">
    <ele>88</ele>
   </trkpt>
   <trkpt lat="2.0252314" lon="103.3463666">
    <ele>88</ele>
   </trkpt>
   <trkpt lat="2.0252354" lon="103.3463739">
    <ele>89</ele>
   </trkpt>
   <trkpt lat="2.0252469" lon="103.3463930">
    <ele>89</ele>
   </trkpt>
   <trkpt lat="2.0252518" lon="103.3463997">
    <ele>89</ele>
   </trkpt>
   <trkpt lat="2.0252567" lon="103.3464065">
    <ele>89</ele>
   </trkpt>
   <trkpt lat="2.0252616" lon="103.3464133">
    <ele>89</ele>
   </trkpt>
   <trkpt lat="2.0252721" lon="103.3464398">
    <ele>89</ele>
   </trkpt>
   <trkpt lat="2.0252738" lon="103.3464515">
    <ele>89</ele>
   </trkpt>
   <trkpt lat="2.0252756" lon="103.3464632">
    <ele>89</ele>
   </trkpt>
   <trkpt lat="2.0252773" lon="103.3464749">
    <ele>90</ele>
   </trkpt>
   <trkpt lat="2.0252833" lon="103.3465081">
    <ele>90</ele>
   </trkpt>
   <trkpt lat="2.0252876" lon="103.3465166">
    <ele>90</ele>
   </trkpt>
   <trkpt lat="2.0252921" lon="103.3465252">
    <ele>90</ele>
   </trkpt>
   <trkpt lat="2.0252966" lon="103.3465338">
    <ele>90</ele>
   </trkpt>
   <trkpt lat="2.0253161" lon="103.3465530">
    <ele>90</ele>
   </trkpt>
   <trkpt lat="2.0253223" lon="103.3465593">
    <ele>90</ele>
   </trkpt>
   <trkpt lat="2.0253283" lon="103.3465656">
    <ele>90</ele>
   </trkpt>
   <trkpt lat="2.0253346" lon="103.3465720">
    <ele>91</ele>
   </trkpt>
   <trkpt lat="2.0253452" lon="103.3465948">
    <ele>91</ele>
   </trkpt>
   <trkpt lat="2.0253478" lon="103.3466035">
    <ele>91</ele>
   </trkpt>
   <trkpt lat="2.0253505" lon="103.3466123">
    <ele>91</ele>
   </trkpt>
   <trkpt lat="2.0253532" lon="103.3466210">
    <ele>91</ele>
   </trkpt>
   <trkpt lat="2.0253613" lon="103.3466499">
    <ele>91</ele>
   </trkpt>
   <trkpt lat="2.0253639" lon="103.3466597">
    <ele>91</ele>
   </trkpt>
   <trkpt lat="2.0253665" lon="103.3466696">
    <ele>91</ele>
   </trkpt>
   <trkpt lat="2.0253692" lon="103.3466794">
    <ele>92</ele>
   </trkpt>
   <trkpt lat="2.0253769" lon="103.3467100">
    <ele>92</ele>
   </trkpt>
   <trkpt lat="2.0253790" lon="103.3467198">
    <ele>92</ele>
   </trkpt>
   <trkpt lat="2.0253811" lon="103.3467296">
    <ele>92</ele>
   </trkpt>
   <trkpt lat="2.0253833" lon="103.3467394">
    <ele>93</ele>
   </trkpt>
   <trkpt lat="2.0253878" lon="103.3467674">
    <ele>93</ele>
   </trkpt>
   <trkpt lat="2.0253891" lon="103.3467761">
    <ele>93</ele>
   </trkpt>
   <trkpt lat="2.0253906" lon="103.3467848">
    <ele>93</ele>
   </trkpt>
   <trkpt lat="2.0253920" lon="103.3467936">
    <ele>93</ele>
   </trkpt>
   <trkpt lat="2.0253972" lon="103.3468231">
    <ele>93</ele>
   </trkpt>
   <trkpt lat="2.0253980" lon="103.3468337">
    <ele>93</ele>
   </trkpt>
   <trkpt lat="2.0253988" lon="103.3468443">
    <ele>93</ele>
   </trkpt>
   <trkpt lat="2.0253996" lon="103.3468549">
    <ele>93</ele>
   </trkpt>
   <trkpt lat="2.0254005" lon="103.3468860">
    <ele>93</ele>
   </trkpt>
   <trkpt lat="2.0253998" lon="103.3468952">
    <ele>93</ele>
   </trkpt>
   <trkpt lat="2.0253991" lon="103.3469044">
    <ele>93</ele>
   </trkpt>
   <trkpt lat="2.0253984" lon="103.3469135">
    <ele>94</ele>
   </trkpt>
   <trkpt lat="2.0253924" lon="103.3469388">
    <ele>94</ele>
   </trkpt>
   <trkpt lat="2.0253907" lon="103.3469477">
    <ele>94</ele>
   </trkpt>
   <trkpt lat="2.0253890" lon="103.3469567">
    <ele>94</ele>
   </trkpt>
   <trkpt lat="2.0253874" lon="103.3469657">
    <ele>94</ele>
   </trkpt>
   <trkpt lat="2.0253834" lon="103.3469970">
    <ele>94</ele>
   </trkpt>
   <trkpt lat="2.0253846" lon="103.3470075">
    <ele>94</ele>
   </trkpt>
   <trkpt lat="2.0253858" lon="103.3470180">
    <ele>94</ele>
   </trkpt>
   <trkpt lat="2.0253871" lon="103.3470284">
    <ele>95</ele>
   </trkpt>
   <trkpt lat="2.0253926" lon="103.3470585">
    <ele>95</ele>
   </trkpt>
   <trkpt lat="2.0253918" lon="103.3470688">
    <ele>95</ele>
   </trkpt>
   <trkpt lat="2.0253910" lon="103.3470791">
    <ele>95</ele>
   </trkpt>
   <trkpt lat="2.0253902" lon="103.3470895">
    <ele>95</ele>
   </trkpt>
   <trkpt lat="2.0253837" lon="103.3471207">
    <ele>95</ele>
   </trkpt>
   <trkpt lat="2.0253822" lon="103.3471305">
    <ele>95</ele>
   </trkpt>
   <trkpt lat="2.0253807" lon="103.3471403">
    <ele>95</ele>
   </trkpt>
   <trkpt lat="2.0253793" lon="103.3471500">
    <ele>96</ele>
   </trkpt>
   <trkpt lat="2.0253783" lon="103.3471792">
    <ele>96</ele>
   </trkpt>
   <trkpt lat="2.0253784" lon="103.3471895">
    <ele>96</ele>
   </trkpt>
   <trkpt lat="2.0253785" lon="103.3471999">
    <ele>96</ele>
   </trkpt>
   <trkpt lat="2.0253785" lon="103.3472102">
    <ele>96</ele>
   </trkpt>
   <trkpt lat="2.0253806" lon="103.3472391">
    <ele>96</ele>
   </trkpt>
   <trkpt lat="2.0253814" lon="103.3472484">
    <ele>96</ele>
   </trkpt>
   <trkpt lat="2.0253822" lon="103.3472577">
    <ele>96</ele>
   </trkpt>
   <trkpt lat="2.0253830" lon="103.3472670">
    <ele>97</ele>
   </trkpt>
   <trkpt lat="2.0253853" lon="103.3472921">
    <ele>97</ele>
   </trkpt>
   <trkpt lat="2.0253863" lon="103.3472999">
    <ele>97</ele>
   </trkpt>
   <trkpt lat="2.0253872" lon="103.3473077">
    <ele>97</ele>
   </trkpt>
   <trkpt lat="2.0253883" lon="103.3473156">
    <ele>97</ele>
   </trkpt>
   <trkpt lat="2.0253916" lon="103.3473377">
    <ele>97</ele>
   </trkpt>
   <trkpt lat="2.0253926" lon="103.3473441">
    <ele>97</ele>
   </trkpt>
   <trkpt lat="2.0253936" lon="103.3473505">
    <ele>97</ele>
   </trkpt>
   <trkpt lat="2.0253946" lon="103.3473569">
    <ele>97</ele>
   </trkpt>
   <trkpt lat="2.0253994" lon="103.3473756">
    <ele>97</ele>
   </trkpt>
   <trkpt lat="2.0254013" lon="103.3473817">
    <ele>97</ele>
   </trkpt>
   <trkpt lat="2.0254032" lon="103.3473881">
    <ele>97</ele>
   </trkpt>
   <trkpt lat="2.0254053" lon="103.3473944">
    <ele>97</ele>
   </trkpt>
   <trkpt lat="2.0254092" lon="103.3474121">
    <ele>97</ele>
   </trkpt>
   <trkpt lat="2.0254103" lon="103.3474181">
    <ele>97</ele>
   </trkpt>
   <trkpt lat="2.0254114" lon="103.3474240">
    <ele>97</ele>
   </trkpt>
   <trkpt lat="2.0254126" lon="103.3474300">
    <ele>98</ele>
   </trkpt>
   <trkpt lat="2.0254197" lon="103.3474495">
    <ele>98</ele>
   </trkpt>
   <trkpt lat="2.0254237" lon="103.3474565">
    <ele>98</ele>
   </trkpt>
   <trkpt lat="2.0254277" lon="103.3474635">
    <ele>98</ele>
   </trkpt>
   <trkpt lat="2.0254317" lon="103.3474705">
    <ele>98</ele>
   </trkpt>
   <trkpt lat="2.0254453" lon="103.3474901">
    <ele>98</ele>
   </trkpt>
   <trkpt lat="2.0254501" lon="103.3474962">
    <ele>98</ele>
   </trkpt>
   <trkpt lat="2.0254549" lon="103.3475024">
    <ele>98</ele>
   </trkpt>
   <trkpt lat="2.0254598" lon="103.3475086">
    <ele>98</ele>
   </trkpt>
   <trkpt lat="2.0254749" lon="103.3475304">
    <ele>98</ele>
   </trkpt>
   <trkpt lat="2.0254789" lon="103.3475379">
    <ele>98</ele>
   </trkpt>
   <trkpt lat="2.0254830" lon="103.3475455">
    <ele>98</ele>
   </trkpt>
   <trkpt lat="2.0254871" lon="103.3475531">
    <ele>98</ele>
   </trkpt>
   <trkpt lat="2.0254973" lon="103.3475744">
    <ele>98</ele>
   </trkpt>
   <trkpt lat="2.0255002" lon="103.3475808">
    <ele>98</ele>
   </trkpt>
   <trkpt lat="2.0255031" lon="103.3475871">
    <ele>98</ele>
   </trkpt>
   <trkpt lat="2.0255061" lon="103.3475935">
    <ele>99</ele>
   </trkpt>
   <trkpt lat="2.0255188" lon="103.3476146">
    <ele>99</ele>
   </trkpt>
   <trkpt lat="2.0255226" lon="103.3476224">
    <ele>99</ele>
   </trkpt>
   <trkpt lat="2.0255267" lon="103.3476302">
    <ele>99</ele>
   </trkpt>
   <trkpt lat="2.0255307" lon="103.3476381">
    <ele>99</ele>
   </trkpt>
   <trkpt lat="2.0255422" lon="103.3476617">
    <ele>99</ele>
   </trkpt>
   <trkpt lat="2.0255466" lon="103.3476702">
    <ele>99</ele>
   </trkpt>
   <trkpt lat="2.0255510" lon="103.3476787">
    <ele>99</ele>
   </trkpt>
   <trkpt lat="2.0255554" lon="103.3476873">
    <ele>99</ele>
   </trkpt>
   <trkpt lat="2.0255678" lon="103.3477134">
    <ele>99</ele>
   </trkpt>
   <trkpt lat="2.0255717" lon="103.3477216">
    <ele>99</ele>
   </trkpt>
   <trkpt lat="2.0255758" lon="103.3477301">
    <ele>99</ele>
   </trkpt>
   <trkpt lat="2.0255798" lon="103.3477385">
    <ele>100</ele>
   </trkpt>
   <trkpt lat="2.0255926" lon="103.3477613">
    <ele>100</ele>
   </trkpt>
   <trkpt lat="2.0255973" lon="103.3477684">
    <ele>100</ele>
   </trkpt>
   <trkpt lat="2.0256020" lon="103.3477755">
    <ele>100</ele>
   </trkpt>
   <trkpt lat="2.0256067" lon="103.3477827">
    <ele>100</ele>
   </trkpt>
   <trkpt lat="2.0256226" lon="103.3478049">
    <ele>100</ele>
   </trkpt>
   <trkpt lat="2.0256275" lon="103.3478131">
    <ele>100</ele>
   </trkpt>
   <trkpt lat="2.0256324" lon="103.3478213">
    <ele>100</ele>
   </trkpt>
   <trkpt lat="2.0256373" lon="103.3478296">
    <ele>101</ele>
   </trkpt>
   <trkpt lat="2.0256480" lon="103.3478539">
    <ele>101</ele>
   </trkpt>
   <trkpt lat="2.0256507" lon="103.3478622">
    <ele>101</ele>
   </trkpt>
   <trkpt lat="2.0256534" lon="103.3478705">
    <ele>101</ele>
   </trkpt>
   <trkpt lat="2.0256561" lon="103.3478788">
    <ele>101</ele>
   </trkpt>
   <trkpt lat="2.0256624" lon="103.3479069">
    <ele>101</ele>
   </trkpt>
   <trkpt lat="2.0256648" lon="103.3479161">
    <ele>101</ele>
   </trkpt>
   <trkpt lat="2.0256672" lon="103.3479254">
    <ele>101</ele>
   </trkpt>
   <trkpt lat="2.0256696" lon="103.3479347">
    <ele>102</ele>
   </trkpt>
   <trkpt lat="2.0256792" lon="103.3479620">
    <ele>102</ele>
   </trkpt>
   <trkpt lat="2.0256826" lon="103.3479703">
    <ele>102</ele>
   </trkpt>
   <trkpt lat="2.0256860" lon="103.3479786">
    <ele>102</ele>
   </trkpt>
   <trkpt lat="2.0256895" lon="103.3479870">
    <ele>103</ele>
   </trkpt>
   <trkpt lat="2.0257006" lon="103.3480090">
    <ele>103</ele>
   </trkpt>
   <trkpt lat="2.0257037" lon="103.3480155">
    <ele>103</ele>
   </trkpt>
   <trkpt lat="2.0257068" lon="103.3480221">
    <ele>103</ele>
   </trkpt>
   <trkpt lat="2.0257099" lon="103.3480287">
    <ele>103</ele>
   </trkpt>
   <trkpt lat="2.0257172" lon="103.3480464">
    <ele>103</ele>
   </trkpt>
   <trkpt lat="2.0257189" lon="103.3480515">
    <ele>103</ele>
   </trkpt>
   <trkpt lat="2.0257206" lon="103.3480566">
    <ele>103</ele>
   </trkpt>
   <trkpt lat="2.0257223" lon="103.3480617">
    <ele>104</ele>
   </trkpt>
   <trkpt lat="2.0257247" lon="103.3480680">
    <ele>104</ele>
   </trkpt>
   <trkpt lat="2.0257272" lon="103.3480744">
    <ele>104</ele>
   </trkpt>
   <trkpt lat="2.0257297" lon="103.3480808">
    <ele>104</ele>
   </trkpt>
   <trkpt lat="2.0257422" lon="103.3481039">
    <ele>105</ele>
   </trkpt>
   <trkpt lat="2.0257467" lon="103.3481105">
    <ele>105</ele>
   </trkpt>
   <trkpt lat="2.0257513" lon="103.3481171">
    <ele>105</ele>
   </trkpt>
   <trkpt lat="2.0257559" lon="103.3481238">
    <ele>105</ele>
   </trkpt>
   <trkpt lat="2.0257721" lon="103.3481367">
    <ele>106</ele>
   </trkpt>
   <trkpt lat="2.0257774" lon="103.3481391">
    <ele>106</ele>
   </trkpt>
   <trkpt lat="2.0257828" lon="103.3481415">
    <ele>106</ele>
   </trkpt>
   <trkpt lat="2.0257882" lon="103.3481439">
    <ele>106</ele>
   </trkpt>
   <trkpt lat="2.0258034" lon="103.3481503">
    <ele>106</ele>
   </trkpt>
   <trkpt lat="2.0258091" lon="103.3481537">
    <ele>106</ele>
   </trkpt>
   <trkpt lat="2.0258149" lon="103.3481571">
    <ele>106</ele>
   </trkpt>
   <trkpt lat="2.0258207" lon="103.3481605">
    <ele>106</ele>
   </trkpt>
   <trkpt lat="2.0258366" lon="103.3481747">
    <ele>106</ele>
   </trkpt>
   <trkpt lat="2.0258400" lon="103.3481805">
    <ele>106</ele>
   </trkpt>
   <trkpt lat="2.0258434" lon="103.3481864">
    <ele>106</ele>
   </trkpt>
   <trkpt lat="2.0258468" lon="103.3481922">
    <ele>106</ele>
   </trkpt>
   <trkpt lat="2.0258514" lon="103.3482135">
    <ele>107</ele>
   </trkpt>
   <trkpt lat="2.0258530" lon="103.3482213">
    <ele>107</ele>
   </trkpt>
   <trkpt lat="2.0258546" lon="103.3482291">
    <ele>107</ele>
   </trkpt>
   <trkpt lat="2.0258563" lon="103.3482369">
    <ele>107</ele>
   </trkpt>
   <trkpt lat="2.0258642" lon="103.3482592">
    <ele>108</ele>
   </trkpt>
   <trkpt lat="2.0258678" lon="103.3482660">
    <ele>108</ele>
   </trkpt>
   <trkpt lat="2.0258714" lon="103.3482728">
    <ele>108</ele>
   </trkpt>
   <trkpt lat="2.0258750" lon="103.3482796">
    <ele>108</ele>
   </trkpt>
   <trkpt lat="2.0258854" lon="103.3482984">
    <ele>108</ele>
   </trkpt>
   <trkpt lat="2.0258881" lon="103.3483050">
    <ele>108</ele>
   </trkpt>
   <trkpt lat="2.0258907" lon="103.3483116">
    <ele>108</ele>
   </trkpt>
   <trkpt lat="2.0258934" lon="103.3483183">
    <ele>108</ele>
   </trkpt>
   <trkpt lat="2.0259017" lon="103.3483362">
    <ele>109</ele>
   </trkpt>
   <trkpt lat="2.0259051" lon="103.3483417">
    <ele>109</ele>
   </trkpt>
   <trkpt lat="2.0259086" lon="103.3483472">
    <ele>110</ele>
   </trkpt>
   <trkpt lat="2.0259121" lon="103.3483527">
    <ele>110</ele>
   </trkpt>
   <trkpt lat="2.0259208" lon="103.3483712">
    <ele>111</ele>
   </trkpt>
   <trkpt lat="2.0259230" lon="103.3483789">
    <ele>111</ele>
   </trkpt>
   <trkpt lat="2.0259253" lon="103.3483867">
    <ele>111</ele>
   </trkpt>
   <trkpt lat="2.0259276" lon="103.3483945">
    <ele>111</ele>
   </trkpt>
   <trkpt lat="2.0259348" lon="103.3484165">
    <ele>112</ele>
   </trkpt>
   <trkpt lat="2.0259374" lon="103.3484222">
    <ele>112</ele>
   </trkpt>
   <trkpt lat="2.0259400" lon="103.3484279">
    <ele>112</ele>
   </trkpt>
   <trkpt lat="2.0259427" lon="103.3484337">
    <ele>112</ele>
   </trkpt>
   <trkpt lat="2.0259543" lon="103.3484532">
    <ele>112</ele>
   </trkpt>
   <trkpt lat="2.0259577" lon="103.3484596">
    <ele>112</ele>
   </trkpt>
   <trkpt lat="2.0259611" lon="103.3484660">
    <ele>112</ele>
   </trkpt>
   <trkpt lat="2.0259646" lon="103.3484725">
    <ele>112</ele>
   </trkpt>
   <trkpt lat="2.0259708" lon="103.3484917">
    <ele>113</ele>
   </trkpt>
   <trkpt lat="2.0259727" lon="103.3484981">
    <ele>113</ele>
   </trkpt>
   <trkpt lat="2.0259747" lon="103.3485045">
    <ele>113</ele>
   </trkpt>
   <trkpt lat="2.0259767" lon="103.3485110">
    <ele>113</ele>
   </trkpt>
   <trkpt lat="2.0259852" lon="103.3485324">
    <ele>114</ele>
   </trkpt>
   <trkpt lat="2.0259883" lon="103.3485403">
    <ele>114</ele>
   </trkpt>
   <trkpt lat="2.0259914" lon="103.3485482">
    <ele>114</ele>
   </trkpt>
   <trkpt lat="2.0259945" lon="103.3485561">
    <ele>114</ele>
   </trkpt>
   <trkpt lat="2.0260060" lon="103.3485795">
    <ele>115</ele>
   </trkpt>
   <trkpt lat="2.0260102" lon="103.3485869">
    <ele>115</ele>
   </trkpt>
   <trkpt lat="2.0260144" lon="103.3485944">
    <ele>115</ele>
   </trkpt>
   <trkpt lat="2.0260186" lon="103.3486019">
    <ele>115</ele>
   </trkpt>
   <trkpt lat="2.0260315" lon="103.3486244">
    <ele>116</ele>
   </trkpt>
   <trkpt lat="2.0260349" lon="103.3486318">
    <ele>116</ele>
   </trkpt>
   <trkpt lat="2.0260385" lon="103.3486391">
    <ele>116</ele>
   </trkpt>
   <trkpt lat="2.0260421" lon="103.3486467">
    <ele>116</ele>
   </trkpt>
   <trkpt lat="2.0260479" lon="103.3486662">
    <ele>117</ele>
   </trkpt>
   <trkpt lat="2.0260482" lon="103.3486724">
    <ele>117</ele>
   </trkpt>
   <trkpt lat="2.0260485" lon="103.3486786">
    <ele>117</ele>
   </trkpt>
   <trkpt lat="2.0260489" lon="103.3486848">
    <ele>117</ele>
   </trkpt>
   <trkpt lat="2.0260486" lon="103.3487109">
    <ele>118</ele>
   </trkpt>
   <trkpt lat="2.0260479" lon="103.3487202">
    <ele>118</ele>
   </trkpt>
   <trkpt lat="2.0260472" lon="103.3487296">
    <ele>118</ele>
   </trkpt>
   <trkpt lat="2.0260465" lon="103.3487390">
    <ele>118</ele>
   </trkpt>
   <trkpt lat="2.0260439" lon="103.3487639">
    <ele>118</ele>
   </trkpt>
   <trkpt lat="2.0260436" lon="103.3487712">
    <ele>118</ele>
   </trkpt>
   <trkpt lat="2.0260435" lon="103.3487785">
    <ele>118</ele>
   </trkpt>
   <trkpt lat="2.0260434" lon="103.3487859">
    <ele>118</ele>
   </trkpt>
   <trkpt lat="2.0260474" lon="103.3488075">
    <ele>119</ele>
   </trkpt>
   <trkpt lat="2.0260501" lon="103.3488163">
    <ele>119</ele>
   </trkpt>
   <trkpt lat="2.0260530" lon="103.3488251">
    <ele>119</ele>
   </trkpt>
   <trkpt lat="2.0260558" lon="103.3488339">
    <ele>119</ele>
   </trkpt>
   <trkpt lat="2.0260642" lon="103.3488619">
    <ele>119</ele>
   </trkpt>
   <trkpt lat="2.0260653" lon="103.3488709">
    <ele>119</ele>
   </trkpt>
   <trkpt lat="2.0260666" lon="103.3488799">
    <ele>119</ele>
   </trkpt>
   <trkpt lat="2.0260678" lon="103.3488890">
    <ele>119</ele>
   </trkpt>
   <trkpt lat="2.0260659" lon="103.3489161">
    <ele>120</ele>
   </trkpt>
   <trkpt lat="2.0260643" lon="103.3489247">
    <ele>120</ele>
   </trkpt>
   <trkpt lat="2.0260627" lon="103.3489333">
    <ele>120</ele>
   </trkpt>
   <trkpt lat="2.0260612" lon="103.3489419">
    <ele>120</ele>
   </trkpt>
   <trkpt lat="2.0260498" lon="103.3489644">
    <ele>120</ele>
   </trkpt>
   <trkpt lat="2.0260449" lon="103.3489717">
    <ele>120</ele>
   </trkpt>
   <trkpt lat="2.0260400" lon="103.3489790">
    <ele>120</ele>
   </trkpt>
   <trkpt lat="2.0260351" lon="103.3489863">
    <ele>120</ele>
   </trkpt>
   <trkpt lat="2.0260271" lon="103.3490103">
    <ele>121</ele>
   </trkpt>
   <trkpt lat="2.0260254" lon="103.3490188">
    <ele>121</ele>
   </trkpt>
   <trkpt lat="2.0260239" lon="103.3490273">
    <ele>121</ele>
   </trkpt>
   <trkpt lat="2.0260223" lon="103.3490359">
    <ele>121</ele>
   </trkpt>
   <trkpt lat="2.0260165" lon="103.3490638">
    <ele>121</ele>
   </trkpt>
   <trkpt lat="2.0260144" lon="103.3490731">
    <ele>121</ele>
   </trkpt>
   <trkpt lat="2.0260123" lon="103.3490824">
    <ele>121</ele>
   </trkpt>
   <trkpt lat="2.0260103" lon="103.3490918">
    <ele>121</ele>
   </trkpt>
   <trkpt lat="2.0260018" lon="103.3491156">
    <ele>121</ele>
   </trkpt>
   <trkpt lat="2.0259969" lon="103.3491210">
    <ele>121</ele>
   </trkpt>
   <trkpt lat="2.0259920" lon="103.3491265">
    <ele>121</ele>
   </trkpt>
   <trkpt lat="2.0259872" lon="103.3491320">
    <ele>121</ele>
   </trkpt>
   <trkpt lat="2.0259718" lon="103.3491449">
    <ele>122</ele>
   </trkpt>
   <trkpt lat="2.0259626" lon="103.3491595">
    <ele>123</ele>
   </trkpt>
   <trkpt lat="2.0259544" lon="103.3491781">
    <ele>123</ele>
   </trkpt>
   <trkpt lat="2.0259538" lon="103.3491820">
    <ele>124</ele>
   </trkpt>
   <trkpt lat="2.0259532" lon="103.3491860">
    <ele>124</ele>
   </trkpt>
   <trkpt lat="2.0259526" lon="103.3491899">
    <ele>124</ele>
   </trkpt>
   <trkpt lat="2.0259521" lon="103.3491940">
    <ele>124</ele>
   </trkpt>
   <trkpt lat="2.0259515" lon="103.3492112">
    <ele>126</ele>
   </trkpt>
   <trkpt lat="2.0259531" lon="103.3492246">
    <ele>127</ele>
   </trkpt>
   <trkpt lat="2.0259532" lon="103.3492285">
    <ele>127</ele>
   </trkpt>
   <trkpt lat="2.0259533" lon="103.3492325">
    <ele>128</ele>
   </trkpt>
   <trkpt lat="2.0259535" lon="103.3492365">
    <ele>128</ele>
   </trkpt>
   <trkpt lat="2.0259535" lon="103.3492415">
    <ele>128</ele>
   </trkpt>
   <trkpt lat="2.0259537" lon="103.3492466">
    <ele>128</ele>
   </trkpt>
   <trkpt lat="2.0259538" lon="103.3492517">
    <ele>129</ele>
   </trkpt>
   <trkpt lat="2.0259551" lon="103.3492677">
    <ele>129</ele>
   </trkpt>
   <trkpt lat="2.0259568" lon="103.3492732">
    <ele>129</ele>
   </trkpt>
   <trkpt lat="2.0259585" lon="103.3492787">
    <ele>129</ele>
   </trkpt>
   <trkpt lat="2.0259603" lon="103.3492842">
    <ele>130</ele>
   </trkpt>
   <trkpt lat="2.0259718" lon="103.3493096">
    <ele>130</ele>
   </trkpt>
   <trkpt lat="2.0259770" lon="103.3493217">
    <ele>130</ele>
   </trkpt>
   <trkpt lat="2.0259822" lon="103.3493339">
    <ele>130</ele>
   </trkpt>
   <trkpt lat="2.0259875" lon="103.3493461">
    <ele>131</ele>
   </trkpt>
   <trkpt lat="2.0260014" lon="103.3493780">
    <ele>131</ele>
   </trkpt>
   <trkpt lat="2.0260043" lon="103.3493857">
    <ele>131</ele>
   </trkpt>
   <trkpt lat="2.0260072" lon="103.3493936">
    <ele>131</ele>
   </trkpt>
   <trkpt lat="2.0260101" lon="103.3494015">
    <ele>131</ele>
   </trkpt>
   <trkpt lat="2.0260123" lon="103.3494188">
    <ele>131</ele>
   </trkpt>
   <trkpt lat="2.0260123" lon="103.3494228">
    <ele>131</ele>
   </trkpt>
   <trkpt lat="2.0260123" lon="103.3494270">
    <ele>131</ele>
   </trkpt>
   <trkpt lat="2.0260124" lon="103.3494311">
    <ele>132</ele>
   </trkpt>
   <trkpt lat="2.0260108" lon="103.3494419">
    <ele>132</ele>
   </trkpt>
   <trkpt lat="2.0260112" lon="103.3494465">
    <ele>132</ele>
   </trkpt>
   <trkpt lat="2.0260116" lon="103.3494513">
    <ele>132</ele>
   </trkpt>
   <trkpt lat="2.0260120" lon="103.3494560">
    <ele>133</ele>
   </trkpt>
   <trkpt lat="2.0260135" lon="103.3494729">
    <ele>133</ele>
   </trkpt>
   <trkpt lat="2.0260132" lon="103.3494785">
    <ele>133</ele>
   </trkpt>
   <trkpt lat="2.0260131" lon="103.3494841">
    <ele>133</ele>
   </trkpt>
   <trkpt lat="2.0260130" lon="103.3494898">
    <ele>133</ele>
   </trkpt>
   <trkpt lat="2.0260093" lon="103.3495061">
    <ele>133</ele>
   </trkpt>
   <trkpt lat="2.0260070" lon="103.3495116">
    <ele>133</ele>
   </trkpt>
   <trkpt lat="2.0260047" lon="103.3495173">
    <ele>133</ele>
   </trkpt>
   <trkpt lat="2.0260025" lon="103.3495230">
    <ele>134</ele>
   </trkpt>
   <trkpt lat="2.0259984" lon="103.3495400">
    <ele>134</ele>
   </trkpt>
   <trkpt lat="2.0259978" lon="103.3495455">
    <ele>134</ele>
   </trkpt>
   <trkpt lat="2.0259972" lon="103.3495510">
    <ele>134</ele>
   </trkpt>
   <trkpt lat="2.0259968" lon="103.3495566">
    <ele>135</ele>
   </trkpt>
   <trkpt lat="2.0259966" lon="103.3495743">
    <ele>135</ele>
   </trkpt>
   <trkpt lat="2.0259965" lon="103.3495810">
    <ele>135</ele>
   </trkpt>
   <trkpt lat="2.0259964" lon="103.3495877">
    <ele>135</ele>
   </trkpt>
   <trkpt lat="2.0259963" lon="103.3495944">
    <ele>136</ele>
   </trkpt>
   <trkpt lat="2.0259951" lon="103.3496188">
    <ele>136</ele>
   </trkpt>
   <trkpt lat="2.0259948" lon="103.3496277">
    <ele>136</ele>
   </trkpt>
   <trkpt lat="2.0259945" lon="103.3496368">
    <ele>136</ele>
   </trkpt>
   <trkpt lat="2.0259942" lon="103.3496459">
    <ele>137</ele>
   </trkpt>
   <trkpt lat="2.0259925" lon="103.3496709">
    <ele>137</ele>
   </trkpt>
   <trkpt lat="2.0259913" lon="103.3496778">
    <ele>137</ele>
   </trkpt>
   <trkpt lat="2.0259902" lon="103.3496848">
    <ele>137</ele>
   </trkpt>
   <trkpt lat="2.0259891" lon="103.3496918">
    <ele>138</ele>
   </trkpt>
   <trkpt lat="2.0259853" lon="103.3497107">
    <ele>138</ele>
   </trkpt>
   <trkpt lat="2.0259839" lon="103.3497171">
    <ele>138</ele>
   </trkpt>
   <trkpt lat="2.0259827" lon="103.3497235">
    <ele>138</ele>
   </trkpt>
   <trkpt lat="2.0259814" lon="103.3497299">
    <ele>138</ele>
   </trkpt>
   <trkpt lat="2.0259732" lon="103.3497460">
    <ele>138</ele>
   </trkpt>
   <trkpt lat="2.0259700" lon="103.3497505">
    <ele>138</ele>
   </trkpt>
   <trkpt lat="2.0259668" lon="103.3497550">
    <ele>138</ele>
   </trkpt>
   <trkpt lat="2.0259636" lon="103.3497595">
    <ele>139</ele>
   </trkpt>
   <trkpt lat="2.0259573" lon="103.3497735">
    <ele>139</ele>
   </trkpt>
   <trkpt lat="2.0259562" lon="103.3497788">
    <ele>139</ele>
   </trkpt>
   <trkpt lat="2.0259552" lon="103.3497840">
    <ele>139</ele>
   </trkpt>
   <trkpt lat="2.0259542" lon="103.3497894">
    <ele>140</ele>
   </trkpt>
   <trkpt lat="2.0259537" lon="103.3498047">
    <ele>140</ele>
   </trkpt>
   <trkpt lat="2.0259538" lon="103.3498100">
    <ele>140</ele>
   </trkpt>
   <trkpt lat="2.0259540" lon="103.3498153">
    <ele>140</ele>
   </trkpt>
   <trkpt lat="2.0259542" lon="103.3498206">
    <ele>141</ele>
   </trkpt>
   <trkpt lat="2.0259554" lon="103.3498287">
    <ele>141</ele>
   </trkpt>
   <trkpt lat="2.0259550" lon="103.3498326">
    <ele>141</ele>
   </trkpt>
   <trkpt lat="2.0259546" lon="103.3498365">
    <ele>141</ele>
   </trkpt>
   <trkpt lat="2.0259542" lon="103.3498404">
    <ele>142</ele>
   </trkpt>
   <trkpt lat="2.0259483" lon="103.3498545">
    <ele>144</ele>
   </trkpt>
   <trkpt lat="2.0259446" lon="103.3498685">
    <ele>144</ele>
   </trkpt>
   <trkpt lat="2.0259443" lon="103.3498732">
    <ele>144</ele>
   </trkpt>
   <trkpt lat="2.0259440" lon="103.3498779">
    <ele>144</ele>
   </trkpt>
   <trkpt lat="2.0259439" lon="103.3498827">
    <ele>145</ele>
   </trkpt>
   <trkpt lat="2.0259418" lon="103.3498977">
    <ele>145</ele>
   </trkpt>
   <trkpt lat="2.0259399" lon="103.3499028">
    <ele>145</ele>
   </trkpt>
   <trkpt lat="2.0259381" lon="103.3499079">
    <ele>145</ele>
   </trkpt>
   <trkpt lat="2.0259363" lon="103.3499130">
    <ele>146</ele>
   </trkpt>
   <trkpt lat="2.0259351" lon="103.3499224">
    <ele>146</ele>
   </trkpt>
   <trkpt lat="2.0259356" lon="103.3499269">
    <ele>146</ele>
   </trkpt>
   <trkpt lat="2.0259361" lon="103.3499316">
    <ele>146</ele>
   </trkpt>
   <trkpt lat="2.0259367" lon="103.3499363">
    <ele>147</ele>
   </trkpt>
   <trkpt lat="2.0259455" lon="103.3499448">
    <ele>149</ele>
   </trkpt>
   <trkpt lat="2.0259592" lon="103.3499560">
    <ele>149</ele>
   </trkpt>
   <trkpt lat="2.0259636" lon="103.3499591">
    <ele>150</ele>
   </trkpt>
   <trkpt lat="2.0259679" lon="103.3499621">
    <ele>150</ele>
   </trkpt>
   <trkpt lat="2.0259723" lon="103.3499654">
    <ele>150</ele>
   </trkpt>
   <trkpt lat="2.0259856" lon="103.3499718">
    <ele>154</ele>
   </trkpt>
   <trkpt lat="2.0260015" lon="103.3499817">
    <ele>155</ele>
   </trkpt>
   <trkpt lat="2.0260185" lon="103.3499946">
    <ele>158</ele>
   </trkpt>
   <trkpt lat="2.0260357" lon="103.3500019">
    <ele>158</ele>
   </trkpt>
   <trkpt lat="2.0260416" lon="103.3500041">
    <ele>158</ele>
   </trkpt>
   <trkpt lat="2.0260474" lon="103.3500063">
    <ele>158</ele>
   </trkpt>
   <trkpt lat="2.0260534" lon="103.3500085">
    <ele>159</ele>
   </trkpt>
   <trkpt lat="2.0260715" lon="103.3500193">
    <ele>159</ele>
   </trkpt>
   <trkpt lat="2.0260748" lon="103.3500221">
    <ele>159</ele>
   </trkpt>
   <trkpt lat="2.0260784" lon="103.3500248">
    <ele>159</ele>
   </trkpt>
   <trkpt lat="2.0260819" lon="103.3500276">
    <ele>160</ele>
   </trkpt>
   <trkpt lat="2.0260854" lon="103.3500304">
    <ele>160</ele>
   </trkpt>
   <trkpt lat="2.0260862" lon="103.3500437">
    <ele>160</ele>
   </trkpt>
   <trkpt lat="2.0260847" lon="103.3500502">
    <ele>160</ele>
   </trkpt>
   <trkpt lat="2.0260832" lon="103.3500568">
    <ele>161</ele>
   </trkpt>
   <trkpt lat="2.0260818" lon="103.3500634">
    <ele>161</ele>
   </trkpt>
   <trkpt lat="2.0260838" lon="103.3500886">
    <ele>161</ele>
   </trkpt>
   <trkpt lat="2.0260858" lon="103.3501005">
    <ele>161</ele>
   </trkpt>
   <trkpt lat="2.0260878" lon="103.3501125">
    <ele>161</ele>
   </trkpt>
   <trkpt lat="2.0260898" lon="103.3501245">
    <ele>161</ele>
   </trkpt>
   <trkpt lat="2.0260910" lon="103.3501662">
    <ele>161</ele>
   </trkpt>
   <trkpt lat="2.0260893" lon="103.3501789">
    <ele>161</ele>
   </trkpt>
   <trkpt lat="2.0260877" lon="103.3501916">
    <ele>162</ele>
   </trkpt>
   <trkpt lat="2.0260861" lon="103.3502043">
    <ele>162</ele>
   </trkpt>
   <trkpt lat="2.0260839" lon="103.3502139">
    <ele>162</ele>
   </trkpt>
   <trkpt lat="2.0260817" lon="103.3502237">
    <ele>162</ele>
   </trkpt>
   <trkpt lat="2.0260794" lon="103.3502335">
    <ele>163</ele>
   </trkpt>
   <trkpt lat="2.0260799" lon="103.3502375">
    <ele>163</ele>
   </trkpt>
   <trkpt lat="2.0260803" lon="103.3502416">
    <ele>163</ele>
   </trkpt>
   <trkpt lat="2.0260807" lon="103.3502455">
    <ele>163</ele>
   </trkpt>
   <trkpt lat="2.0260812" lon="103.3502497">
    <ele>163</ele>
   </trkpt>
   <trkpt lat="2.0260870" lon="103.3502578">
    <ele>163</ele>
   </trkpt>
   <trkpt lat="2.0260892" lon="103.3502606">
    <ele>163</ele>
   </trkpt>
   <trkpt lat="2.0260913" lon="103.3502635">
    <ele>163</ele>
   </trkpt>
   <trkpt lat="2.0260934" lon="103.3502664">
    <ele>164</ele>
   </trkpt>
   <trkpt lat="2.0260995" lon="103.3502795">
    <ele>164</ele>
   </trkpt>
   <trkpt lat="2.0261019" lon="103.3502865">
    <ele>164</ele>
   </trkpt>
   <trkpt lat="2.0261043" lon="103.3502936">
    <ele>164</ele>
   </trkpt>
   <trkpt lat="2.0261067" lon="103.3503007">
    <ele>165</ele>
   </trkpt>
   <trkpt lat="2.0261153" lon="103.3503281">
    <ele>165</ele>
   </trkpt>
   <trkpt lat="2.0261192" lon="103.3503364">
    <ele>165</ele>
   </trkpt>
   <trkpt lat="2.0261231" lon="103.3503448">
    <ele>165</ele>
   </trkpt>
   <trkpt lat="2.0261272" lon="103.3503532">
    <ele>165</ele>
   </trkpt>
   <trkpt lat="2.0261432" lon="103.3503719">
    <ele>165</ele>
   </trkpt>
   <trkpt lat="2.0261710" lon="103.3503894">
    <ele>168</ele>
   </trkpt>
   <trkpt lat="2.0261746" lon="103.3503915">
    <ele>168</ele>
   </trkpt>
   <trkpt lat="2.0261782" lon="103.3503936">
    <ele>168</ele>
   </trkpt>
   <trkpt lat="2.0261817" lon="103.3503957">
    <ele>169</ele>
   </trkpt>
   <trkpt lat="2.0261854" lon="103.3503978">
    <ele>169</ele>
   </trkpt>
   <trkpt lat="2.0261890" lon="103.3503999">
    <ele>169</ele>
   </trkpt>
   <trkpt lat="2.0262127" lon="103.3504157">
    <ele>169</ele>
   </trkpt>
   <trkpt lat="2.0262185" lon="103.3504212">
    <ele>170</ele>
   </trkpt>
   <trkpt lat="2.0262243" lon="103.3504267">
    <ele>170</ele>
   </trkpt>
   <trkpt lat="2.0262302" lon="103.3504322">
    <ele>170</ele>
   </trkpt>
   <trkpt lat="2.0262361" lon="103.3504378">
    <ele>170</ele>
   </trkpt>
   <trkpt lat="2.0262421" lon="103.3504435">
    <ele>171</ele>
   </trkpt>
   <trkpt lat="2.0262481" lon="103.3504492">
    <ele>171</ele>
   </trkpt>
   <trkpt lat="2.0262632" lon="103.3504539">
    <ele>171</ele>
   </trkpt>
   <trkpt lat="2.0262661" lon="103.3504528">
    <ele>171</ele>
   </trkpt>
   <trkpt lat="2.0262690" lon="103.3504520">
    <ele>172</ele>
   </trkpt>
   <trkpt lat="2.0262718" lon="103.3504511">
    <ele>172</ele>
   </trkpt>
   <trkpt lat="2.0262875" lon="103.3504434">
    <ele>172</ele>
   </trkpt>
   <trkpt lat="2.0262921" lon="103.3504412">
    <ele>172</ele>
   </trkpt>
   <trkpt lat="2.0262967" lon="103.3504390">
    <ele>173</ele>
   </trkpt>
   <trkpt lat="2.0263014" lon="103.3504369">
    <ele>173</ele>
   </trkpt>
   <trkpt lat="2.0263134" lon="103.3504329">
    <ele>173</ele>
   </trkpt>
   <trkpt lat="2.0263167" lon="103.3504320">
    <ele>173</ele>
   </trkpt>
   <trkpt lat="2.0263200" lon="103.3504311">
    <ele>174</ele>
   </trkpt>
   <trkpt lat="2.0263234" lon="103.3504303">
    <ele>174</ele>
   </trkpt>
   <trkpt lat="2.0263340" lon="103.3504287">
    <ele>174</ele>
   </trkpt>
   <trkpt lat="2.0263469" lon="103.3504271">
    <ele>176</ele>
   </trkpt>
   <trkpt lat="2.0263668" lon="103.3504253">
    <ele>176</ele>
   </trkpt>
   <trkpt lat="2.0263716" lon="103.3504260">
    <ele>177</ele>
   </trkpt>
   <trkpt lat="2.0263764" lon="103.3504267">
    <ele>177</ele>
   </trkpt>
   <trkpt lat="2.0263812" lon="103.3504274">
    <ele>177</ele>
   </trkpt>
   <trkpt lat="2.0263860" lon="103.3504281">
    <ele>177</ele>
   </trkpt>
   <trkpt lat="2.0264025" lon="103.3504327">
    <ele>178</ele>
   </trkpt>
   <trkpt lat="2.0264209" lon="103.3504333">
    <ele>180</ele>
   </trkpt>
   <trkpt lat="2.0264364" lon="103.3504307">
    <ele>180</ele>
   </trkpt>
   <trkpt lat="2.0264401" lon="103.3504294">
    <ele>180</ele>
   </trkpt>
   <trkpt lat="2.0264438" lon="103.3504281">
    <ele>180</ele>
   </trkpt>
   <trkpt lat="2.0264476" lon="103.3504267">
    <ele>181</ele>
   </trkpt>
   <trkpt lat="2.0264496" lon="103.3504261">
    <ele>181</ele>
   </trkpt>
   <trkpt lat="2.0264516" lon="103.3504255">
    <ele>181</ele>
   </trkpt>
   <trkpt lat="2.0264536" lon="103.3504248">
    <ele>181</ele>
   </trkpt>
   <trkpt lat="2.0264634" lon="103.3504245">
    <ele>182</ele>
   </trkpt>
   <trkpt lat="2.0264665" lon="103.3504264">
    <ele>182</ele>
   </trkpt>
   <trkpt lat="2.0264696" lon="103.3504283">
    <ele>182</ele>
   </trkpt>
   <trkpt lat="2.0264726" lon="103.3504302">
    <ele>182</ele>
   </trkpt>
   <trkpt lat="2.0264845" lon="103.3504388">
    <ele>183</ele>
   </trkpt>
   <trkpt lat="2.0264889" lon="103.3504419">
    <ele>183</ele>
   </trkpt>
   <trkpt lat="2.0264934" lon="103.3504451">
    <ele>183</ele>
   </trkpt>
   <trkpt lat="2.0264979" lon="103.3504483">
    <ele>183</ele>
   </trkpt>
   <trkpt lat="2.0265200" lon="103.3504604">
    <ele>185</ele>
   </trkpt>
   <trkpt lat="2.0265421" lon="103.3504659">
    <ele>185</ele>
   </trkpt>
   <trkpt lat="2.0265479" lon="103.3504659">
    <ele>185</ele>
   </trkpt>
   <trkpt lat="2.0265537" lon="103.3504659">
    <ele>186</ele>
   </trkpt>
   <trkpt lat="2.0265596" lon="103.3504660">
    <ele>186</ele>
   </trkpt>
   <trkpt lat="2.0265770" lon="103.3504656">
    <ele>188</ele>
   </trkpt>
   <trkpt lat="2.0266003" lon="103.3504645">
    <ele>188</ele>
   </trkpt>
   <trkpt lat="2.0266059" lon="103.3504635">
    <ele>188</ele>
   </trkpt>
   <trkpt lat="2.0266115" lon="103.3504625">
    <ele>189</ele>
   </trkpt>
   <trkpt lat="2.0266172" lon="103.3504615">
    <ele>189</ele>
   </trkpt>
   <trkpt lat="2.0266315" lon="103.3504588">
    <ele>189</ele>
   </trkpt>
   <trkpt lat="2.0266352" lon="103.3504588">
    <ele>189</ele>
   </trkpt>
   <trkpt lat="2.0266390" lon="103.3504588">
    <ele>190</ele>
   </trkpt>
   <trkpt lat="2.0266428" lon="103.3504588">
    <ele>190</ele>
   </trkpt>
   <trkpt lat="2.0266535" lon="103.3504592">
    <ele>190</ele>
   </trkpt>
   <trkpt lat="2.0266688" lon="103.3504598">
    <ele>194</ele>
   </trkpt>
   <trkpt lat="2.0266856" lon="103.3504631">
    <ele>194</ele>
   </trkpt>
   <trkpt lat="2.0266885" lon="103.3504653">
    <ele>194</ele>
   </trkpt>
   <trkpt lat="2.0266913" lon="103.3504674">
    <ele>194</ele>
   </trkpt>
   <trkpt lat="2.0266943" lon="103.3504697">
    <ele>194</ele>
   </trkpt>
   <trkpt lat="2.0267018" lon="103.3504787">
    <ele>194</ele>
   </trkpt>
   <trkpt lat="2.0267120" lon="103.3504853">
    <ele>197</ele>
   </trkpt>
   <trkpt lat="2.0267291" lon="103.3504939">
    <ele>197</ele>
   </trkpt>
   <trkpt lat="2.0267343" lon="103.3504968">
    <ele>197</ele>
   </trkpt>
   <trkpt lat="2.0267396" lon="103.3504998">
    <ele>198</ele>
   </trkpt>
   <trkpt lat="2.0267449" lon="103.3505028">
    <ele>198</ele>
   </trkpt>
   <trkpt lat="2.0267649" lon="103.3505114">
    <ele>198</ele>
   </trkpt>
   <trkpt lat="2.0267714" lon="103.3505144">
    <ele>198</ele>
   </trkpt>
   <trkpt lat="2.0267779" lon="103.3505174">
    <ele>198</ele>
   </trkpt>
   <trkpt lat="2.0267844" lon="103.3505203">
    <ele>198</ele>
   </trkpt>
   <trkpt lat="2.0268039" lon="103.3505291">
    <ele>198</ele>
   </trkpt>
   <trkpt lat="2.0268196" lon="103.3505357">
    <ele>200</ele>
   </trkpt>
   <trkpt lat="2.0268283" lon="103.3505430">
    <ele>201</ele>
   </trkpt>
   <trkpt lat="2.0268313" lon="103.3505451">
    <ele>201</ele>
   </trkpt>
   <trkpt lat="2.0268343" lon="103.3505473">
    <ele>201</ele>
   </trkpt>
   <trkpt lat="2.0268373" lon="103.3505495">
    <ele>201</ele>
   </trkpt>
   <trkpt lat="2.0268490" lon="103.3505548">
    <ele>202</ele>
   </trkpt>
   <trkpt lat="2.0268493" lon="103.3505570">
    <ele>202</ele>
   </trkpt>
   <trkpt lat="2.0268495" lon="103.3505592">
    <ele>202</ele>
   </trkpt>
   <trkpt lat="2.0268499" lon="103.3505614">
    <ele>202</ele>
   </trkpt>
   <trkpt lat="2.0268493" lon="103.3505636">
    <ele>202</ele>
   </trkpt>
   <trkpt lat="2.0268487" lon="103.3505659">
    <ele>202</ele>
   </trkpt>
   <trkpt lat="2.0268482" lon="103.3505681">
    <ele>202</ele>
   </trkpt>
   <trkpt lat="2.0268476" lon="103.3505704">
    <ele>202</ele>
   </trkpt>
   <trkpt lat="2.0268472" lon="103.3505727">
    <ele>203</ele>
   </trkpt>
   <trkpt lat="2.0268487" lon="103.3505839">
    <ele>203</ele>
   </trkpt>
   <trkpt lat="2.0268503" lon="103.3505887">
    <ele>203</ele>
   </trkpt>
   <trkpt lat="2.0268520" lon="103.3505935">
    <ele>203</ele>
   </trkpt>
   <trkpt lat="2.0268537" lon="103.3505983">
    <ele>204</ele>
   </trkpt>
   <trkpt lat="2.0268603" lon="103.3506155">
    <ele>204</ele>
   </trkpt>
   <trkpt lat="2.0268665" lon="103.3506281">
    <ele>206</ele>
   </trkpt>
   <trkpt lat="2.0268769" lon="103.3506438">
    <ele>206</ele>
   </trkpt>
   <trkpt lat="2.0268804" lon="103.3506473">
    <ele>207</ele>
   </trkpt>
   <trkpt lat="2.0268840" lon="103.3506509">
    <ele>207</ele>
   </trkpt>
   <trkpt lat="2.0268875" lon="103.3506545">
    <ele>207</ele>
   </trkpt>
   <trkpt lat="2.0268889" lon="103.3506557">
    <ele>207</ele>
   </trkpt>
   <trkpt lat="2.0268902" lon="103.3506569">
    <ele>208</ele>
   </trkpt>
   <trkpt lat="2.0268915" lon="103.3506582">
    <ele>208</ele>
   </trkpt>
   <trkpt lat="2.0268928" lon="103.3506594">
    <ele>208</ele>
   </trkpt>
   <trkpt lat="2.0268942" lon="103.3506607">
    <ele>208</ele>
   </trkpt>
   <trkpt lat="2.0269020" lon="103.3506701">
    <ele>209</ele>
   </trkpt>
   <trkpt lat="2.0269048" lon="103.3506727">
    <ele>209</ele>
   </trkpt>
   <trkpt lat="2.0269076" lon="103.3506753">
    <ele>209</ele>
   </trkpt>
   <trkpt lat="2.0269103" lon="103.3506778">
    <ele>209</ele>
   </trkpt>
   <trkpt lat="2.0269142" lon="103.3506805">
    <ele>210</ele>
   </trkpt>
   <trkpt lat="2.0269181" lon="103.3506832">
    <ele>210</ele>
   </trkpt>
   <trkpt lat="2.0269220" lon="103.3506859">
    <ele>210</ele>
   </trkpt>
   <trkpt lat="2.0269355" lon="103.3506930">
    <ele>210</ele>
   </trkpt>
   <trkpt lat="2.0269506" lon="103.3506905">
    <ele>212</ele>
   </trkpt>
   <trkpt lat="2.0269705" lon="103.3506840">
    <ele>213</ele>
   </trkpt>
   <trkpt lat="2.0269757" lon="103.3506829">
    <ele>213</ele>
   </trkpt>
   <trkpt lat="2.0269810" lon="103.3506818">
    <ele>213</ele>
   </trkpt>
   <trkpt lat="2.0269863" lon="103.3506807">
    <ele>213</ele>
   </trkpt>
   <trkpt lat="2.0270025" lon="103.3506832">
    <ele>213</ele>
   </trkpt>
   <trkpt lat="2.0270047" lon="103.3506845">
    <ele>213</ele>
   </trkpt>
   <trkpt lat="2.0270069" lon="103.3506859">
    <ele>213</ele>
   </trkpt>
   <trkpt lat="2.0270091" lon="103.3506873">
    <ele>213</ele>
   </trkpt>
   <trkpt lat="2.0270151" lon="103.3506991">
    <ele>214</ele>
   </trkpt>
   <trkpt lat="2.0270152" lon="103.3507056">
    <ele>214</ele>
   </trkpt>
   <trkpt lat="2.0270153" lon="103.3507122">
    <ele>214</ele>
   </trkpt>
   <trkpt lat="2.0270153" lon="103.3507188">
    <ele>214</ele>
   </trkpt>
   <trkpt lat="2.0270144" lon="103.3507413">
    <ele>215</ele>
   </trkpt>
   <trkpt lat="2.0270147" lon="103.3507483">
    <ele>215</ele>
   </trkpt>
   <trkpt lat="2.0270151" lon="103.3507553">
    <ele>215</ele>
   </trkpt>
   <trkpt lat="2.0270155" lon="103.3507623">
    <ele>215</ele>
   </trkpt>
   <trkpt lat="2.0270208" lon="103.3507840">
    <ele>216</ele>
   </trkpt>
   <trkpt lat="2.0270236" lon="103.3507922">
    <ele>216</ele>
   </trkpt>
   <trkpt lat="2.0270264" lon="103.3508004">
    <ele>216</ele>
   </trkpt>
   <trkpt lat="2.0270293" lon="103.3508085">
    <ele>216</ele>
   </trkpt>
   <trkpt lat="2.0270400" lon="103.3508334">
    <ele>217</ele>
   </trkpt>
   <trkpt lat="2.0270422" lon="103.3508416">
    <ele>217</ele>
   </trkpt>
   <trkpt lat="2.0270445" lon="103.3508499">
    <ele>217</ele>
   </trkpt>
   <trkpt lat="2.0270468" lon="103.3508582">
    <ele>217</ele>
   </trkpt>
   <trkpt lat="2.0270470" lon="103.3508863">
    <ele>217</ele>
   </trkpt>
   <trkpt lat="2.0270465" lon="103.3508957">
    <ele>217</ele>
   </trkpt>
   <trkpt lat="2.0270460" lon="103.3509050">
    <ele>217</ele>
   </trkpt>
   <trkpt lat="2.0270456" lon="103.3509143">
    <ele>217</ele>
   </trkpt>
   <trkpt lat="2.0270460" lon="103.3509386">
    <ele>218</ele>
   </trkpt>
   <trkpt lat="2.0270464" lon="103.3509459">
    <ele>218</ele>
   </trkpt>
   <trkpt lat="2.0270469" lon="103.3509534">
    <ele>218</ele>
   </trkpt>
   <trkpt lat="2.0270474" lon="103.3509609">
    <ele>218</ele>
   </trkpt>
   <trkpt lat="2.0270562" lon="103.3509854">
    <ele>220</ele>
   </trkpt>
   <trkpt lat="2.0270692" lon="103.3510051">
    <ele>220</ele>
   </trkpt>
   <trkpt lat="2.0270722" lon="103.3510101">
    <ele>220</ele>
   </trkpt>
   <trkpt lat="2.0270752" lon="103.3510152">
    <ele>221</ele>
   </trkpt>
   <trkpt lat="2.0270782" lon="103.3510203">
    <ele>221</ele>
   </trkpt>
   <trkpt lat="2.0270832" lon="103.3510356">
    <ele>221</ele>
   </trkpt>
   <trkpt lat="2.0270838" lon="103.3510412">
    <ele>221</ele>
   </trkpt>
   <trkpt lat="2.0270844" lon="103.3510468">
    <ele>222</ele>
   </trkpt>
   <trkpt lat="2.0270851" lon="103.3510525">
    <ele>222</ele>
   </trkpt>
   <trkpt lat="2.0270869" lon="103.3510610">
    <ele>222</ele>
   </trkpt>
   <trkpt lat="2.0270887" lon="103.3510631">
    <ele>222</ele>
   </trkpt>
   <trkpt lat="2.0270905" lon="103.3510651">
    <ele>222</ele>
   </trkpt>
   <trkpt lat="2.0270924" lon="103.3510674">
    <ele>222</ele>
   </trkpt>
   <trkpt lat="2.0271032" lon="103.3510685">
    <ele>222</ele>
   </trkpt>
   <trkpt lat="2.0271085" lon="103.3510701">
    <ele>222</ele>
   </trkpt>
   <trkpt lat="2.0271138" lon="103.3510718">
    <ele>223</ele>
   </trkpt>
   <trkpt lat="2.0271192" lon="103.3510735">
    <ele>223</ele>
   </trkpt>
   <trkpt lat="2.0271328" lon="103.3510882">
    <ele>223</ele>
   </trkpt>
   <trkpt lat="2.0271339" lon="103.3510960">
    <ele>223</ele>
   </trkpt>
   <trkpt lat="2.0271350" lon="103.3511038">
    <ele>224</ele>
   </trkpt>
   <trkpt lat="2.0271361" lon="103.3511116">
    <ele>224</ele>
   </trkpt>
   <trkpt lat="2.0271376" lon="103.3511396">
    <ele>224</ele>
   </trkpt>
   <trkpt lat="2.0271379" lon="103.3511491">
    <ele>224</ele>
   </trkpt>
   <trkpt lat="2.0271383" lon="103.3511587">
    <ele>225</ele>
   </trkpt>
   <trkpt lat="2.0271387" lon="103.3511683">
    <ele>225</ele>
   </trkpt>
   <trkpt lat="2.0271401" lon="103.3511940">
    <ele>225</ele>
   </trkpt>
   <trkpt lat="2.0271406" lon="103.3512001">
    <ele>225</ele>
   </trkpt>
   <trkpt lat="2.0271411" lon="103.3512064">
    <ele>225</ele>
   </trkpt>
   <trkpt lat="2.0271417" lon="103.3512126">
    <ele>225</ele>
   </trkpt>
   <trkpt lat="2.0271416" lon="103.3512154">
    <ele>225</ele>
   </trkpt>
   <trkpt lat="2.0271416" lon="103.3512182">
    <ele>225</ele>
   </trkpt>
   <trkpt lat="2.0271416" lon="103.3512211">
    <ele>226</ele>
   </trkpt>
   <trkpt lat="2.0271423" lon="103.3512328">
    <ele>226</ele>
   </trkpt>
   <trkpt lat="2.0271417" lon="103.3512364">
    <ele>226</ele>
   </trkpt>
   <trkpt lat="2.0271410" lon="103.3512400">
    <ele>226</ele>
   </trkpt>
   <trkpt lat="2.0271403" lon="103.3512436">
    <ele>227</ele>
   </trkpt>
   <trkpt lat="2.0271401" lon="103.3512581">
    <ele>227</ele>
   </trkpt>
   <trkpt lat="2.0271417" lon="103.3512630">
    <ele>227</ele>
   </trkpt>
   <trkpt lat="2.0271433" lon="103.3512679">
    <ele>227</ele>
   </trkpt>
   <trkpt lat="2.0271449" lon="103.3512729">
    <ele>228</ele>
   </trkpt>
   <trkpt lat="2.0271491" lon="103.3512908">
    <ele>228</ele>
   </trkpt>
   <trkpt lat="2.0271487" lon="103.3512983">
    <ele>228</ele>
   </trkpt>
   <trkpt lat="2.0271483" lon="103.3513058">
    <ele>228</ele>
   </trkpt>
   <trkpt lat="2.0271479" lon="103.3513134">
    <ele>229</ele>
   </trkpt>
   <trkpt lat="2.0271469" lon="103.3513366">
    <ele>229</ele>
   </trkpt>
   <trkpt lat="2.0271480" lon="103.3513442">
    <ele>229</ele>
   </trkpt>
   <trkpt lat="2.0271491" lon="103.3513520">
    <ele>229</ele>
   </trkpt>
   <trkpt lat="2.0271503" lon="103.3513597">
    <ele>230</ele>
   </trkpt>
   <trkpt lat="2.0271556" lon="103.3513829">
    <ele>230</ele>
   </trkpt>
   <trkpt lat="2.0271539" lon="103.3513914">
    <ele>230</ele>
   </trkpt>
   <trkpt lat="2.0271521" lon="103.3514000">
    <ele>230</ele>
   </trkpt>
   <trkpt lat="2.0271503" lon="103.3514086">
    <ele>230</ele>
   </trkpt>
   <trkpt lat="2.0271370" lon="103.3514354">
    <ele>230</ele>
   </trkpt>
   <trkpt lat="2.0271323" lon="103.3514440">
    <ele>230</ele>
   </trkpt>
   <trkpt lat="2.0271277" lon="103.3514526">
    <ele>230</ele>
   </trkpt>
   <trkpt lat="2.0271231" lon="103.3514613">
    <ele>231</ele>
   </trkpt>
   <trkpt lat="2.0271125" lon="103.3514836">
    <ele>231</ele>
   </trkpt>
   <trkpt lat="2.0271098" lon="103.3514915">
    <ele>231</ele>
   </trkpt>
   <trkpt lat="2.0271072" lon="103.3514994">
    <ele>231</ele>
   </trkpt>
   <trkpt lat="2.0271046" lon="103.3515073">
    <ele>231</ele>
   </trkpt>
   <trkpt lat="2.0270969" lon="103.3515302">
    <ele>231</ele>
   </trkpt>
   <trkpt lat="2.0270934" lon="103.3515369">
    <ele>231</ele>
   </trkpt>
   <trkpt lat="2.0270899" lon="103.3515438">
    <ele>231</ele>
   </trkpt>
   <trkpt lat="2.0270864" lon="103.3515506">
    <ele>232</ele>
   </trkpt>
   <trkpt lat="2.0270739" lon="103.3515654">
    <ele>232</ele>
   </trkpt>
   <trkpt lat="2.0270693" lon="103.3515701">
    <ele>232</ele>
   </trkpt>
   <trkpt lat="2.0270650" lon="103.3515748">
    <ele>232</ele>
   </trkpt>
   <trkpt lat="2.0270606" lon="103.3515795">
    <ele>232</ele>
   </trkpt>
   <trkpt lat="2.0270465" lon="103.3515947">
    <ele>232</ele>
   </trkpt>
   <trkpt lat="2.0270414" lon="103.3516005">
    <ele>232</ele>
   </trkpt>
   <trkpt lat="2.0270362" lon="103.3516064">
    <ele>232</ele>
   </trkpt>
   <trkpt lat="2.0270312" lon="103.3516123">
    <ele>233</ele>
   </trkpt>
   <trkpt lat="2.0270172" lon="103.3516296">
    <ele>233</ele>
   </trkpt>
   <trkpt lat="2.0270136" lon="103.3516353">
    <ele>233</ele>
   </trkpt>
   <trkpt lat="2.0270100" lon="103.3516411">
    <ele>233</ele>
   </trkpt>
   <trkpt lat="2.0270065" lon="103.3516469">
    <ele>234</ele>
   </trkpt>
   <trkpt lat="2.0269965" lon="103.3516650">
    <ele>234</ele>
   </trkpt>
   <trkpt lat="2.0269938" lon="103.3516727">
    <ele>234</ele>
   </trkpt>
   <trkpt lat="2.0269911" lon="103.3516805">
    <ele>234</ele>
   </trkpt>
   <trkpt lat="2.0269885" lon="103.3516883">
    <ele>235</ele>
   </trkpt>
   <trkpt lat="2.0269797" lon="103.3517089">
    <ele>235</ele>
   </trkpt>
   <trkpt lat="2.0269764" lon="103.3517159">
    <ele>235</ele>
   </trkpt>
   <trkpt lat="2.0269731" lon="103.3517230">
    <ele>235</ele>
   </trkpt>
   <trkpt lat="2.0269698" lon="103.3517301">
    <ele>235</ele>
   </trkpt>
   <trkpt lat="2.0269613" lon="103.3517527">
    <ele>235</ele>
   </trkpt>
   <trkpt lat="2.0269599" lon="103.3517597">
    <ele>235</ele>
   </trkpt>
   <trkpt lat="2.0269584" lon="103.3517667">
    <ele>235</ele>
   </trkpt>
   <trkpt lat="2.0269569" lon="103.3517737">
    <ele>236</ele>
   </trkpt>
   <trkpt lat="2.0269554" lon="103.3517947">
    <ele>236</ele>
   </trkpt>
   <trkpt lat="2.0269548" lon="103.3518034">
    <ele>236</ele>
   </trkpt>
   <trkpt lat="2.0269542" lon="103.3518120">
    <ele>236</ele>
   </trkpt>
   <trkpt lat="2.0269536" lon="103.3518206">
    <ele>237</ele>
   </trkpt>
   <trkpt lat="2.0269526" lon="103.3518463">
    <ele>237</ele>
   </trkpt>
   <trkpt lat="2.0269520" lon="103.3518547">
    <ele>237</ele>
   </trkpt>
   <trkpt lat="2.0269515" lon="103.3518632">
    <ele>237</ele>
   </trkpt>
   <trkpt lat="2.0269510" lon="103.3518717">
    <ele>237</ele>
   </trkpt>
   <trkpt lat="2.0269438" lon="103.3519041">
    <ele>237</ele>
   </trkpt>
   <trkpt lat="2.0269408" lon="103.3519183">
    <ele>237</ele>
   </trkpt>
   <trkpt lat="2.0269377" lon="103.3519326">
    <ele>237</ele>
   </trkpt>
   <trkpt lat="2.0269348" lon="103.3519469">
    <ele>237</ele>
   </trkpt>
   <trkpt lat="2.0269235" lon="103.3519954">
    <ele>237</ele>
   </trkpt>
   <trkpt lat="2.0269199" lon="103.3520116">
    <ele>237</ele>
   </trkpt>
   <trkpt lat="2.0269163" lon="103.3520279">
    <ele>237</ele>
   </trkpt>
   <trkpt lat="2.0269127" lon="103.3520442">
    <ele>237</ele>
   </trkpt>
   <trkpt lat="2.0269083" lon="103.3520975">
    <ele>237</ele>
   </trkpt>
   <trkpt lat="2.0269090" lon="103.3521158">
    <ele>237</ele>
   </trkpt>
   <trkpt lat="2.0269097" lon="103.3521341">
    <ele>237</ele>
   </trkpt>
   <trkpt lat="2.0269103" lon="103.3521524">
    <ele>237</ele>
   </trkpt>
   <trkpt lat="2.0269166" lon="103.3522080">
    <ele>237</ele>
   </trkpt>
   <trkpt lat="2.0269179" lon="103.3522249">
    <ele>237</ele>
   </trkpt>
   <trkpt lat="2.0269193" lon="103.3522418">
    <ele>237</ele>
   </trkpt>
   <trkpt lat="2.0269206" lon="103.3522588">
    <ele>237</ele>
   </trkpt>
   <trkpt lat="2.0269220" lon="103.3522969">
    <ele>237</ele>
   </trkpt>
   <trkpt lat="2.0269222" lon="103.3523067">
    <ele>237</ele>
   </trkpt>
   <trkpt lat="2.0269224" lon="103.3523164">
    <ele>237</ele>
   </trkpt>
   <trkpt lat="2.0269225" lon="103.3523261">
    <ele>238</ele>
   </trkpt>
   <trkpt lat="2.0269242" lon="103.3523474">
    <ele>238</ele>
   </trkpt>
   <trkpt lat="2.0269251" lon="103.3523528">
    <ele>238</ele>
   </trkpt>
   <trkpt lat="2.0269260" lon="103.3523582">
    <ele>238</ele>
   </trkpt>
   <trkpt lat="2.0269270" lon="103.3523636">
    <ele>238</ele>
   </trkpt>
   <trkpt lat="2.0269320" lon="103.3523824">
    <ele>238</ele>
   </trkpt>
   <trkpt lat="2.0269349" lon="103.3523888">
    <ele>238</ele>
   </trkpt>
   <trkpt lat="2.0269377" lon="103.3523952">
    <ele>238</ele>
   </trkpt>
   <trkpt lat="2.0269406" lon="103.3524015">
    <ele>239</ele>
   </trkpt>
   <trkpt lat="2.0269564" lon="103.3524176">
    <ele>239</ele>
   </trkpt>
   <trkpt lat="2.0269624" lon="103.3524225">
    <ele>239</ele>
   </trkpt>
   <trkpt lat="2.0269687" lon="103.3524275">
    <ele>239</ele>
   </trkpt>
   <trkpt lat="2.0269749" lon="103.3524325">
    <ele>239</ele>
   </trkpt>
   <trkpt lat="2.0269872" lon="103.3524517">
    <ele>239</ele>
   </trkpt>
   <trkpt lat="2.0269886" lon="103.3524591">
    <ele>239</ele>
   </trkpt>
   <trkpt lat="2.0269900" lon="103.3524665">
    <ele>239</ele>
   </trkpt>
   <trkpt lat="2.0269915" lon="103.3524739">
    <ele>240</ele>
   </trkpt>
   <trkpt lat="2.0269955" lon="103.3524974">
    <ele>240</ele>
   </trkpt>
   <trkpt lat="2.0269974" lon="103.3525058">
    <ele>240</ele>
   </trkpt>
   <trkpt lat="2.0269996" lon="103.3525142">
    <ele>240</ele>
   </trkpt>
   <trkpt lat="2.0270017" lon="103.3525227">
    <ele>240</ele>
   </trkpt>
   <trkpt lat="2.0270043" lon="103.3525454">
    <ele>240</ele>
   </trkpt>
   <trkpt lat="2.0270057" lon="103.3525507">
    <ele>240</ele>
   </trkpt>
   <trkpt lat="2.0270071" lon="103.3525560">
    <ele>240</ele>
   </trkpt>
   <trkpt lat="2.0270085" lon="103.3525613">
    <ele>241</ele>
   </trkpt>
   <trkpt lat="2.0270155" lon="103.3525747">
    <ele>241</ele>
   </trkpt>
   <trkpt lat="2.0270162" lon="103.3525799">
    <ele>241</ele>
   </trkpt>
   <trkpt lat="2.0270170" lon="103.3525851">
    <ele>241</ele>
   </trkpt>
   <trkpt lat="2.0270178" lon="103.3525905">
    <ele>242</ele>
   </trkpt>
   <trkpt lat="2.0270153" lon="103.3526088">
    <ele>242</ele>
   </trkpt>
   <trkpt lat="2.0270149" lon="103.3526150">
    <ele>242</ele>
   </trkpt>
   <trkpt lat="2.0270145" lon="103.3526212">
    <ele>242</ele>
   </trkpt>
   <trkpt lat="2.0270141" lon="103.3526275">
    <ele>243</ele>
   </trkpt>
   <trkpt lat="2.0270152" lon="103.3526461">
    <ele>243</ele>
   </trkpt>
   <trkpt lat="2.0270151" lon="103.3526518">
    <ele>243</ele>
   </trkpt>
   <trkpt lat="2.0270150" lon="103.3526575">
    <ele>243</ele>
   </trkpt>
   <trkpt lat="2.0270149" lon="103.3526632">
    <ele>243</ele>
   </trkpt>
   <trkpt lat="2.0270110" lon="103.3526804">
    <ele>243</ele>
   </trkpt>
   <trkpt lat="2.0270093" lon="103.3526851">
    <ele>243</ele>
   </trkpt>
   <trkpt lat="2.0270076" lon="103.3526899">
    <ele>243</ele>
   </trkpt>
   <trkpt lat="2.0270060" lon="103.3526947">
    <ele>244</ele>
   </trkpt>
   <trkpt lat="2.0270018" lon="103.3527074">
    <ele>244</ele>
   </trkpt>
   <trkpt lat="2.0270014" lon="103.3527121">
    <ele>244</ele>
   </trkpt>
   <trkpt lat="2.0270010" lon="103.3527168">
    <ele>244</ele>
   </trkpt>
   <trkpt lat="2.0270006" lon="103.3527215">
    <ele>245</ele>
   </trkpt>
   <trkpt lat="2.0270058" lon="103.3527358">
    <ele>245</ele>
   </trkpt>
   <trkpt lat="2.0270065" lon="103.3527409">
    <ele>245</ele>
   </trkpt>
   <trkpt lat="2.0270073" lon="103.3527460">
    <ele>245</ele>
   </trkpt>
   <trkpt lat="2.0270081" lon="103.3527512">
    <ele>246</ele>
   </trkpt>
   <trkpt lat="2.0270093" lon="103.3527689">
    <ele>246</ele>
   </trkpt>
   <trkpt lat="2.0270098" lon="103.3527754">
    <ele>246</ele>
   </trkpt>
   <trkpt lat="2.0270104" lon="103.3527820">
    <ele>246</ele>
   </trkpt>
   <trkpt lat="2.0270110" lon="103.3527886">
    <ele>246</ele>
   </trkpt>
   <trkpt lat="2.0270083" lon="103.3528077">
    <ele>246</ele>
   </trkpt>
   <trkpt lat="2.0270056" lon="103.3528131">
    <ele>246</ele>
   </trkpt>
   <trkpt lat="2.0270029" lon="103.3528185">
    <ele>246</ele>
   </trkpt>
   <trkpt lat="2.0270001" lon="103.3528239">
    <ele>247</ele>
   </trkpt>
   <trkpt lat="2.0269897" lon="103.3528397">
    <ele>247</ele>
   </trkpt>
   <trkpt lat="2.0269876" lon="103.3528465">
    <ele>247</ele>
   </trkpt>
   <trkpt lat="2.0269855" lon="103.3528533">
    <ele>247</ele>
   </trkpt>
   <trkpt lat="2.0269834" lon="103.3528601">
    <ele>248</ele>
   </trkpt>
   <trkpt lat="2.0269872" lon="103.3528751">
    <ele>248</ele>
   </trkpt>
   <trkpt lat="2.0269911" lon="103.3528773">
    <ele>248</ele>
   </trkpt>
   <trkpt lat="2.0269951" lon="103.3528796">
    <ele>248</ele>
   </trkpt>
   <trkpt lat="2.0269991" lon="103.3528819">
    <ele>248</ele>
   </trkpt>
   <trkpt lat="2.0270091" lon="103.3528926">
    <ele>248</ele>
   </trkpt>
   <trkpt lat="2.0270111" lon="103.3528976">
    <ele>248</ele>
   </trkpt>
   <trkpt lat="2.0270131" lon="103.3529027">
    <ele>248</ele>
   </trkpt>
   <trkpt lat="2.0270152" lon="103.3529078">
    <ele>249</ele>
   </trkpt>
   <trkpt lat="2.0270181" lon="103.3529233">
    <ele>249</ele>
   </trkpt>
   <trkpt lat="2.0270196" lon="103.3529273">
    <ele>249</ele>
   </trkpt>
   <trkpt lat="2.0270210" lon="103.3529313">
    <ele>249</ele>
   </trkpt>
   <trkpt lat="2.0270227" lon="103.3529354">
    <ele>250</ele>
   </trkpt>
   <trkpt lat="2.0270255" lon="103.3529466">
    <ele>250</ele>
   </trkpt>
   <trkpt lat="2.0270254" lon="103.3529492">
    <ele>250</ele>
   </trkpt>
   <trkpt lat="2.0270253" lon="103.3529518">
    <ele>250</ele>
   </trkpt>
   <trkpt lat="2.0270252" lon="103.3529546">
    <ele>251</ele>
   </trkpt>
   <trkpt lat="2.0270251" lon="103.3529690">
    <ele>251</ele>
   </trkpt>
   <trkpt lat="2.0270258" lon="103.3529730">
    <ele>251</ele>
   </trkpt>
   <trkpt lat="2.0270265" lon="103.3529770">
    <ele>251</ele>
   </trkpt>
   <trkpt lat="2.0270272" lon="103.3529810">
    <ele>252</ele>
   </trkpt>
   <trkpt lat="2.0270292" lon="103.3529880">
    <ele>252</ele>
   </trkpt>
   <trkpt lat="2.0270296" lon="103.3529908">
    <ele>252</ele>
   </trkpt>
   <trkpt lat="2.0270300" lon="103.3529936">
    <ele>252</ele>
   </trkpt>
   <trkpt lat="2.0270304" lon="103.3529965">
    <ele>252</ele>
   </trkpt>
   <trkpt lat="2.0270308" lon="103.3529992">
    <ele>252</ele>
   </trkpt>
   <trkpt lat="2.0270312" lon="103.3530022">
    <ele>252</ele>
   </trkpt>
   <trkpt lat="2.0270343" lon="103.3530245">
    <ele>252</ele>
   </trkpt>
   <trkpt lat="2.0270352" lon="103.3530294">
    <ele>253</ele>
   </trkpt>
   <trkpt lat="2.0270361" lon="103.3530343">
    <ele>253</ele>
   </trkpt>
   <trkpt lat="2.0270370" lon="103.3530392">
    <ele>253</ele>
   </trkpt>
   <trkpt lat="2.0270379" lon="103.3530442">
    <ele>253</ele>
   </trkpt>
   <trkpt lat="2.0270454" lon="103.3530658">
    <ele>257</ele>
   </trkpt>
   <trkpt lat="2.0270474" lon="103.3530699">
    <ele>257</ele>
   </trkpt>
   <trkpt lat="2.0270495" lon="103.3530740">
    <ele>257</ele>
   </trkpt>
   <trkpt lat="2.0270516" lon="103.3530781">
    <ele>258</ele>
   </trkpt>
   <trkpt lat="2.0270537" lon="103.3530823">
    <ele>258</ele>
   </trkpt>
   <trkpt lat="2.0270666" lon="103.3531023">
    <ele>258</ele>
   </trkpt>
   <trkpt lat="2.0270689" lon="103.3531079">
    <ele>258</ele>
   </trkpt>
   <trkpt lat="2.0270712" lon="103.3531136">
    <ele>259</ele>
   </trkpt>
   <trkpt lat="2.0270736" lon="103.3531193">
    <ele>259</ele>
   </trkpt>
   <trkpt lat="2.0270753" lon="103.3531360">
    <ele>259</ele>
   </trkpt>
   <trkpt lat="2.0270758" lon="103.3531389">
    <ele>259</ele>
   </trkpt>
   <trkpt lat="2.0270764" lon="103.3531418">
    <ele>260</ele>
   </trkpt>
   <trkpt lat="2.0270769" lon="103.3531447">
    <ele>260</ele>
   </trkpt>
   <trkpt lat="2.0270820" lon="103.3531587">
    <ele>260</ele>
   </trkpt>
   <trkpt lat="2.0270988" lon="103.3531739">
    <ele>264</ele>
   </trkpt>
   <trkpt lat="2.0271237" lon="103.3531913">
    <ele>266</ele>
   </trkpt>
   <trkpt lat="2.0271420" lon="103.3532067">
    <ele>266</ele>
   </trkpt>
   <trkpt lat="2.0271495" lon="103.3532142">
    <ele>267</ele>
   </trkpt>
   <trkpt lat="2.0271570" lon="103.3532218">
    <ele>267</ele>
   </trkpt>
   <trkpt lat="2.0271646" lon="103.3532294">
    <ele>267</ele>
   </trkpt>
   <trkpt lat="2.0271797" lon="103.3532495">
    <ele>267</ele>
   </trkpt>
   <trkpt lat="2.0271807" lon="103.3532525">
    <ele>268</ele>
   </trkpt>
   <trkpt lat="2.0271818" lon="103.3532555">
    <ele>268</ele>
   </trkpt>
   <trkpt lat="2.0271829" lon="103.3532585">
    <ele>268</ele>
   </trkpt>
   <trkpt lat="2.0271840" lon="103.3532615">
    <ele>268</ele>
   </trkpt>
   <trkpt lat="2.0271848" lon="103.3532770">
    <ele>269</ele>
   </trkpt>
   <trkpt lat="2.0271805" lon="103.3532892">
    <ele>270</ele>
   </trkpt>
   <trkpt lat="2.0271799" lon="103.3532987">
    <ele>271</ele>
   </trkpt>
   <trkpt lat="2.0271801" lon="103.3533025">
    <ele>271</ele>
   </trkpt>
   <trkpt lat="2.0271803" lon="103.3533063">
    <ele>271</ele>
   </trkpt>
   <trkpt lat="2.0271806" lon="103.3533102">
    <ele>271</ele>
   </trkpt>
   <trkpt lat="2.0271832" lon="103.3533168">
    <ele>272</ele>
   </trkpt>
   <trkpt lat="2.0271933" lon="103.3533282">
    <ele>277</ele>
   </trkpt>
   <trkpt lat="2.0272050" lon="103.3533429">
    <ele>278</ele>
   </trkpt>
   <trkpt lat="2.0272141" lon="103.3533635">
    <ele>283</ele>
   </trkpt>
   <trkpt lat="2.0272190" lon="103.3533824">
    <ele>283</ele>
   </trkpt>
   <trkpt lat="2.0272202" lon="103.3533880">
    <ele>283</ele>
   </trkpt>
   <trkpt lat="2.0272214" lon="103.3533936">
    <ele>283</ele>
   </trkpt>
   <trkpt lat="2.0272226" lon="103.3533992">
    <ele>283</ele>
   </trkpt>
   <trkpt lat="2.0272309" lon="103.3534308">
    <ele>288</ele>
   </trkpt>
   <trkpt lat="2.0272347" lon="103.3534601">
    <ele>293</ele>
   </trkpt>
   <trkpt lat="2.0272403" lon="103.3534942">
    <ele>293</ele>
   </trkpt>
   <trkpt lat="2.0272421" lon="103.3535007">
    <ele>293</ele>
   </trkpt>
   <trkpt lat="2.0272439" lon="103.3535072">
    <ele>293</ele>
   </trkpt>
   <trkpt lat="2.0272457" lon="103.3535136">
    <ele>293</ele>
   </trkpt>
   <trkpt lat="2.0272548" lon="103.3535266">
    <ele>293</ele>
   </trkpt>
   <trkpt lat="2.0272571" lon="103.3535277">
    <ele>293</ele>
   </trkpt>
   <trkpt lat="2.0272594" lon="103.3535289">
    <ele>293</ele>
   </trkpt>
   <trkpt lat="2.0272617" lon="103.3535301">
    <ele>294</ele>
   </trkpt>
   <trkpt lat="2.0272752" lon="103.3535351">
    <ele>294</ele>
   </trkpt>
   <trkpt lat="2.0272792" lon="103.3535427">
    <ele>297</ele>
   </trkpt>
   <trkpt lat="2.0272815" lon="103.3535545">
    <ele>297</ele>
   </trkpt>
   <trkpt lat="2.0272814" lon="103.3535574">
    <ele>297</ele>
   </trkpt>
   <trkpt lat="2.0272812" lon="103.3535605">
    <ele>298</ele>
   </trkpt>
   <trkpt lat="2.0272810" lon="103.3535635">
    <ele>298</ele>
   </trkpt>
   <trkpt lat="2.0272808" lon="103.3535665">
    <ele>298</ele>
   </trkpt>
   <trkpt lat="2.0272761" lon="103.3535817">
    <ele>298</ele>
   </trkpt>
   <trkpt lat="2.0272711" lon="103.3536122">
    <ele>301</ele>
   </trkpt>
   <trkpt lat="2.0272704" lon="103.3536380">
    <ele>305</ele>
   </trkpt>
   <trkpt lat="2.0272726" lon="103.3536675">
    <ele>305</ele>
   </trkpt>
   <trkpt lat="2.0272747" lon="103.3536733">
    <ele>306</ele>
   </trkpt>
   <trkpt lat="2.0272768" lon="103.3536792">
    <ele>306</ele>
   </trkpt>
   <trkpt lat="2.0272790" lon="103.3536851">
    <ele>306</ele>
   </trkpt>
   <trkpt lat="2.0272935" lon="103.3536957">
    <ele>308</ele>
   </trkpt>
   <trkpt lat="2.0273133" lon="103.3537076">
    <ele>308</ele>
   </trkpt>
   <trkpt lat="2.0273171" lon="103.3537087">
    <ele>308</ele>
   </trkpt>
   <trkpt lat="2.0273210" lon="103.3537099">
    <ele>309</ele>
   </trkpt>
   <trkpt lat="2.0273249" lon="103.3537110">
    <ele>309</ele>
   </trkpt>
   <trkpt lat="2.0273288" lon="103.3537122">
    <ele>309</ele>
   </trkpt>
   <trkpt lat="2.0273327" lon="103.3537134">
    <ele>309</ele>
   </trkpt>
   <trkpt lat="2.0273487" lon="103.3537149">
    <ele>310</ele>
   </trkpt>
   <trkpt lat="2.0273537" lon="103.3537146">
    <ele>310</ele>
   </trkpt>
   <trkpt lat="2.0273588" lon="103.3537142">
    <ele>310</ele>
   </trkpt>
   <trkpt lat="2.0273639" lon="103.3537140">
    <ele>310</ele>
   </trkpt>
   <trkpt lat="2.0273786" lon="103.3537103">
    <ele>311</ele>
   </trkpt>
   <trkpt lat="2.0273933" lon="103.3537077">
    <ele>312</ele>
   </trkpt>
   <trkpt lat="2.0274036" lon="103.3537117">
    <ele>312</ele>
   </trkpt>
   <trkpt lat="2.0274171" lon="103.3537410">
    <ele>319</ele>
   </trkpt>
   <trkpt lat="2.0274294" lon="103.3537718">
    <ele>325</ele>
   </trkpt>
   <trkpt lat="2.0274318" lon="103.3537772">
    <ele>325</ele>
   </trkpt>
   <trkpt lat="2.0274342" lon="103.3537827">
    <ele>325</ele>
   </trkpt>
   <trkpt lat="2.0274366" lon="103.3537881">
    <ele>325</ele>
   </trkpt>
   <trkpt lat="2.0274390" lon="103.3537936">
    <ele>326</ele>
   </trkpt>
   <trkpt lat="2.0274533" lon="103.3538180">
    <ele>326</ele>
   </trkpt>
   <trkpt lat="2.0274575" lon="103.3538227">
    <ele>326</ele>
   </trkpt>
   <trkpt lat="2.0274618" lon="103.3538275">
    <ele>326</ele>
   </trkpt>
   <trkpt lat="2.0274661" lon="103.3538322">
    <ele>327</ele>
   </trkpt>
   <trkpt lat="2.0274676" lon="103.3538342">
    <ele>327</ele>
   </trkpt>
   <trkpt lat="2.0274690" lon="103.3538362">
    <ele>327</ele>
   </trkpt>
   <trkpt lat="2.0274706" lon="103.3538382">
    <ele>327</ele>
   </trkpt>
   <trkpt lat="2.0274722" lon="103.3538401">
    <ele>328</ele>
   </trkpt>
   <trkpt lat="2.0274788" lon="103.3538543">
    <ele>328</ele>
   </trkpt>
   <trkpt lat="2.0274793" lon="103.3538602">
    <ele>328</ele>
   </trkpt>
   <trkpt lat="2.0274798" lon="103.3538661">
    <ele>328</ele>
   </trkpt>
   <trkpt lat="2.0274804" lon="103.3538721">
    <ele>329</ele>
   </trkpt>
   <trkpt lat="2.0274785" lon="103.3538911">
    <ele>329</ele>
   </trkpt>
   <trkpt lat="2.0274774" lon="103.3538971">
    <ele>329</ele>
   </trkpt>
   <trkpt lat="2.0274763" lon="103.3539031">
    <ele>329</ele>
   </trkpt>
   <trkpt lat="2.0274753" lon="103.3539091">
    <ele>329</ele>
   </trkpt>
   <trkpt lat="2.0274726" lon="103.3539311">
    <ele>333</ele>
   </trkpt>
   <trkpt lat="2.0274706" lon="103.3539587">
    <ele>333</ele>
   </trkpt>
   <trkpt lat="2.0274807" lon="103.3539858">
    <ele>339</ele>
   </trkpt>
   <trkpt lat="2.0274933" lon="103.3540066">
    <ele>339</ele>
   </trkpt>
   <trkpt lat="2.0275080" lon="103.3540312">
    <ele>343</ele>
   </trkpt>
   <trkpt lat="2.0275223" lon="103.3540517">
    <ele>344</ele>
   </trkpt>
   <trkpt lat="2.0275337" lon="103.3540637">
    <ele>346</ele>
   </trkpt>
   <trkpt lat="2.0275439" lon="103.3540729">
    <ele>346</ele>
   </trkpt>
   <trkpt lat="2.0275618" lon="103.3540910">
    <ele>351</ele>
   </trkpt>
   <trkpt lat="2.0275781" lon="103.3541095">
    <ele>352</ele>
   </trkpt>
   <trkpt lat="2.0275827" lon="103.3541133">
    <ele>352</ele>
   </trkpt>
   <trkpt lat="2.0275874" lon="103.3541172">
    <ele>352</ele>
   </trkpt>
   <trkpt lat="2.0275921" lon="103.3541211">
    <ele>352</ele>
   </trkpt>
   <trkpt lat="2.0276057" lon="103.3541289">
    <ele>353</ele>
   </trkpt>
   <trkpt lat="2.0276084" lon="103.3541302">
    <ele>353</ele>
   </trkpt>
   <trkpt lat="2.0276112" lon="103.3541315">
    <ele>353</ele>
   </trkpt>
   <trkpt lat="2.0276139" lon="103.3541329">
    <ele>353</ele>
   </trkpt>
   <trkpt lat="2.0276168" lon="103.3541342">
    <ele>353</ele>
   </trkpt>
   <trkpt lat="2.0276196" lon="103.3541356">
    <ele>353</ele>
   </trkpt>
   <trkpt lat="2.0276258" lon="103.3541457">
    <ele>353</ele>
   </trkpt>
   <trkpt lat="2.0276260" lon="103.3541484">
    <ele>353</ele>
   </trkpt>
   <trkpt lat="2.0276262" lon="103.3541511">
    <ele>354</ele>
   </trkpt>
   <trkpt lat="2.0276264" lon="103.3541539">
    <ele>354</ele>
   </trkpt>
   <trkpt lat="2.0276266" lon="103.3541566">
    <ele>354</ele>
   </trkpt>
   <trkpt lat="2.0276269" lon="103.3541594">
    <ele>354</ele>
   </trkpt>
   <trkpt lat="2.0276319" lon="103.3541690">
    <ele>355</ele>
   </trkpt>
   <trkpt lat="2.0276386" lon="103.3541804">
    <ele>359</ele>
   </trkpt>
   <trkpt lat="2.0276446" lon="103.3541924">
    <ele>359</ele>
   </trkpt>
   <trkpt lat="2.0276466" lon="103.3541958">
    <ele>360</ele>
   </trkpt>
   <trkpt lat="2.0276487" lon="103.3541994">
    <ele>360</ele>
   </trkpt>
   <trkpt lat="2.0276508" lon="103.3542030">
    <ele>360</ele>
   </trkpt>
   <trkpt lat="2.0276608" lon="103.3542226">
    <ele>365</ele>
   </trkpt>
   <trkpt lat="2.0276674" lon="103.3542364">
    <ele>366</ele>
   </trkpt>
   <trkpt lat="2.0276715" lon="103.3542427">
    <ele>366</ele>
   </trkpt>
   <trkpt lat="2.0276755" lon="103.3542491">
    <ele>366</ele>
   </trkpt>
   <trkpt lat="2.0276797" lon="103.3542554">
    <ele>366</ele>
   </trkpt>
   <trkpt lat="2.0276981" lon="103.3542795">
    <ele>370</ele>
   </trkpt>
   <trkpt lat="2.0277128" lon="103.3543004">
    <ele>370</ele>
   </trkpt>
   <trkpt lat="2.0277238" lon="103.3543245">
    <ele>373</ele>
   </trkpt>
   <trkpt lat="2.0277319" lon="103.3543451">
    <ele>373</ele>
   </trkpt>
   <trkpt lat="2.0277338" lon="103.3543501">
    <ele>373</ele>
   </trkpt>
   <trkpt lat="2.0277358" lon="103.3543551">
    <ele>373</ele>
   </trkpt>
   <trkpt lat="2.0277378" lon="103.3543602">
    <ele>374</ele>
   </trkpt>
   <trkpt lat="2.0277402" lon="103.3543744">
    <ele>374</ele>
   </trkpt>
   <trkpt lat="2.0277420" lon="103.3543963">
    <ele>378</ele>
   </trkpt>
   <trkpt lat="2.0277451" lon="103.3544114">
    <ele>379</ele>
   </trkpt>
   <trkpt lat="2.0277523" lon="103.3544268">
    <ele>379</ele>
   </trkpt>
   <trkpt lat="2.0277542" lon="103.3544287">
    <ele>379</ele>
   </trkpt>
   <trkpt lat="2.0277561" lon="103.3544307">
    <ele>379</ele>
   </trkpt>
   <trkpt lat="2.0277580" lon="103.3544327">
    <ele>380</ele>
   </trkpt>
   <trkpt lat="2.0277601" lon="103.3544347">
    <ele>380</ele>
   </trkpt>
   <trkpt lat="2.0277621" lon="103.3544366">
    <ele>380</ele>
   </trkpt>
   <trkpt lat="2.0277696" lon="103.3544469">
    <ele>380</ele>
   </trkpt>
   <trkpt lat="2.0277743" lon="103.3544662">
    <ele>385</ele>
   </trkpt>
   <trkpt lat="2.0277751" lon="103.3544852">
    <ele>385</ele>
   </trkpt>
   <trkpt lat="2.0277793" lon="103.3545132">
    <ele>388</ele>
   </trkpt>
   <trkpt lat="2.0277957" lon="103.3545364">
    <ele>392</ele>
   </trkpt>
   <trkpt lat="2.0278163" lon="103.3545643">
    <ele>395</ele>
   </trkpt>
   <trkpt lat="2.0278326" lon="103.3545855">
    <ele>397</ele>
   </trkpt>
   <trkpt lat="2.0278550" lon="103.3546117">
    <ele>397</ele>
   </trkpt>
   <trkpt lat="2.0278611" lon="103.3546174">
    <ele>397</ele>
   </trkpt>
   <trkpt lat="2.0278674" lon="103.3546231">
    <ele>397</ele>
   </trkpt>
   <trkpt lat="2.0278736" lon="103.3546288">
    <ele>398</ele>
   </trkpt>
   <trkpt lat="2.0278934" lon="103.3546437">
    <ele>398</ele>
   </trkpt>
   <trkpt lat="2.0278962" lon="103.3546456">
    <ele>398</ele>
   </trkpt>
   <trkpt lat="2.0278990" lon="103.3546476">
    <ele>398</ele>
   </trkpt>
   <trkpt lat="2.0279017" lon="103.3546496">
    <ele>399</ele>
   </trkpt>
   <trkpt lat="2.0279045" lon="103.3546516">
    <ele>399</ele>
   </trkpt>
   <trkpt lat="2.0279244" lon="103.3546683">
    <ele>399</ele>
   </trkpt>
   <trkpt lat="2.0279310" lon="103.3546750">
    <ele>399</ele>
   </trkpt>
   <trkpt lat="2.0279377" lon="103.3546817">
    <ele>399</ele>
   </trkpt>
   <trkpt lat="2.0279444" lon="103.3546885">
    <ele>399</ele>
   </trkpt>
   <trkpt lat="2.0279504" lon="103.3546960">
    <ele>399</ele>
   </trkpt>
   <trkpt lat="2.0279564" lon="103.3547035">
    <ele>399</ele>
   </trkpt>
   <trkpt lat="2.0279625" lon="103.3547110">
    <ele>400</ele>
   </trkpt>
   <trkpt lat="2.0279735" lon="103.3547275">
    <ele>400</ele>
   </trkpt>
   <trkpt lat="2.0279752" lon="103.3547303">
    <ele>400</ele>
   </trkpt>
   <trkpt lat="2.0279770" lon="103.3547331">
    <ele>400</ele>
   </trkpt>
   <trkpt lat="2.0279788" lon="103.3547359">
    <ele>401</ele>
   </trkpt>
   <trkpt lat="2.0279805" lon="103.3547387">
    <ele>401</ele>
   </trkpt>
   <trkpt lat="2.0279824" lon="103.3547415">
    <ele>401</ele>
   </trkpt>
   <trkpt lat="2.0279899" lon="103.3547531">
    <ele>401</ele>
   </trkpt>
   <trkpt lat="2.0279917" lon="103.3547564">
    <ele>402</ele>
   </trkpt>
   <trkpt lat="2.0279935" lon="103.3547600">
    <ele>402</ele>
   </trkpt>
   <trkpt lat="2.0279953" lon="103.3547635">
    <ele>402</ele>
   </trkpt>
   <trkpt lat="2.0279984" lon="103.3547772">
    <ele>404</ele>
   </trkpt>
   <trkpt lat="2.0280045" lon="103.3547947">
    <ele>404</ele>
   </trkpt>
   <trkpt lat="2.0280078" lon="103.3547995">
    <ele>404</ele>
   </trkpt>
   <trkpt lat="2.0280111" lon="103.3548042">
    <ele>404</ele>
   </trkpt>
   <trkpt lat="2.0280144" lon="103.3548089">
    <ele>404</ele>
   </trkpt>
   <trkpt lat="2.0280242" lon="103.3548239">
    <ele>404</ele>
   </trkpt>
   <trkpt lat="2.0280264" lon="103.3548290">
    <ele>405</ele>
   </trkpt>
   <trkpt lat="2.0280286" lon="103.3548340">
    <ele>405</ele>
   </trkpt>
   <trkpt lat="2.0280307" lon="103.3548390">
    <ele>405</ele>
   </trkpt>
   <trkpt lat="2.0280269" lon="103.3548531">
    <ele>405</ele>
   </trkpt>
   <trkpt lat="2.0280241" lon="103.3548571">
    <ele>406</ele>
   </trkpt>
   <trkpt lat="2.0280212" lon="103.3548610">
    <ele>406</ele>
   </trkpt>
   <trkpt lat="2.0280185" lon="103.3548652">
    <ele>406</ele>
   </trkpt>
   <trkpt lat="2.0280079" lon="103.3548758">
    <ele>406</ele>
   </trkpt>
   <trkpt lat="2.0279980" lon="103.3548928">
    <ele>408</ele>
   </trkpt>
   <trkpt lat="2.0279917" lon="103.3549084">
    <ele>408</ele>
   </trkpt>
   <trkpt lat="2.0279900" lon="103.3549138">
    <ele>408</ele>
   </trkpt>
   <trkpt lat="2.0279884" lon="103.3549191">
    <ele>408</ele>
   </trkpt>
   <trkpt lat="2.0279868" lon="103.3549245">
    <ele>408</ele>
   </trkpt>
   <trkpt lat="2.0279798" lon="103.3549437">
    <ele>408</ele>
   </trkpt>
   <trkpt lat="2.0279782" lon="103.3549499">
    <ele>409</ele>
   </trkpt>
   <trkpt lat="2.0279766" lon="103.3549561">
    <ele>409</ele>
   </trkpt>
   <trkpt lat="2.0279751" lon="103.3549623">
    <ele>409</ele>
   </trkpt>
   <trkpt lat="2.0279732" lon="103.3549910">
    <ele>413</ele>
   </trkpt>
   <trkpt lat="2.0279735" lon="103.3549967">
    <ele>413</ele>
   </trkpt>
   <trkpt lat="2.0279738" lon="103.3550024">
    <ele>413</ele>
   </trkpt>
   <trkpt lat="2.0279740" lon="103.3550081">
    <ele>413</ele>
   </trkpt>
   <trkpt lat="2.0279780" lon="103.3550306">
    <ele>413</ele>
   </trkpt>
   <trkpt lat="2.0279708" lon="103.3550606">
    <ele>416</ele>
   </trkpt>
   <trkpt lat="2.0279671" lon="103.3550859">
    <ele>418</ele>
   </trkpt>
   <trkpt lat="2.0279676" lon="103.3551143">
    <ele>418</ele>
   </trkpt>
   <trkpt lat="2.0279702" lon="103.3551195">
    <ele>418</ele>
   </trkpt>
   <trkpt lat="2.0279728" lon="103.3551247">
    <ele>418</ele>
   </trkpt>
   <trkpt lat="2.0279754" lon="103.3551300">
    <ele>418</ele>
   </trkpt>
   <trkpt lat="2.0279777" lon="103.3551412">
    <ele>418</ele>
   </trkpt>
   <trkpt lat="2.0279683" lon="103.3551527">
    <ele>420</ele>
   </trkpt>
   <trkpt lat="2.0279656" lon="103.3551642">
    <ele>420</ele>
   </trkpt>
   <trkpt lat="2.0279663" lon="103.3551678">
    <ele>420</ele>
   </trkpt>
   <trkpt lat="2.0279670" lon="103.3551714">
    <ele>420</ele>
   </trkpt>
   <trkpt lat="2.0279678" lon="103.3551751">
    <ele>421</ele>
   </trkpt>
   <trkpt lat="2.0279756" lon="103.3551960">
    <ele>423</ele>
   </trkpt>
   <trkpt lat="2.0279872" lon="103.3552159">
    <ele>423</ele>
   </trkpt>
   <trkpt lat="2.0279976" lon="103.3552361">
    <ele>424</ele>
   </trkpt>
   <trkpt lat="2.0280024" lon="103.3552524">
    <ele>424</ele>
   </trkpt>
   <trkpt lat="2.0280014" lon="103.3552561">
    <ele>424</ele>
   </trkpt>
   <trkpt lat="2.0280004" lon="103.3552598">
    <ele>425</ele>
   </trkpt>
   <trkpt lat="2.0279995" lon="103.3552635">
    <ele>425</ele>
   </trkpt>
   <trkpt lat="2.0279971" lon="103.3552659">
    <ele>425</ele>
   </trkpt>
   <trkpt lat="2.0279947" lon="103.3552683">
    <ele>425</ele>
   </trkpt>
   <trkpt lat="2.0279923" lon="103.3552707">
    <ele>425</ele>
   </trkpt>
   <trkpt lat="2.0279899" lon="103.3552731">
    <ele>425</ele>
   </trkpt>
   <trkpt lat="2.0279875" lon="103.3552756">
    <ele>425</ele>
   </trkpt>
   <trkpt lat="2.0279799" lon="103.3552886">
    <ele>425</ele>
   </trkpt>
   <trkpt lat="2.0279790" lon="103.3552916">
    <ele>426</ele>
   </trkpt>
   <trkpt lat="2.0279782" lon="103.3552947">
    <ele>426</ele>
   </trkpt>
   <trkpt lat="2.0279774" lon="103.3552977">
    <ele>426</ele>
   </trkpt>
   <trkpt lat="2.0279766" lon="103.3553008">
    <ele>426</ele>
   </trkpt>
   <trkpt lat="2.0279705" lon="103.3553099">
    <ele>427</ele>
   </trkpt>
   <trkpt lat="2.0279689" lon="103.3553124">
    <ele>427</ele>
   </trkpt>
   <trkpt lat="2.0279672" lon="103.3553150">
    <ele>427</ele>
   </trkpt>
   <trkpt lat="2.0279657" lon="103.3553176">
    <ele>427</ele>
   </trkpt>
   <trkpt lat="2.0279698" lon="103.3553247">
    <ele>427</ele>
   </trkpt>
   <trkpt lat="2.0279747" lon="103.3553273">
    <ele>427</ele>
   </trkpt>
   <trkpt lat="2.0279796" lon="103.3553301">
    <ele>427</ele>
   </trkpt>
   <trkpt lat="2.0279845" lon="103.3553328">
    <ele>427</ele>
   </trkpt>
   <trkpt lat="2.0279982" lon="103.3553446">
    <ele>430</ele>
   </trkpt>
   <trkpt lat="2.0280028" lon="103.3553581">
    <ele>430</ele>
   </trkpt>
   <trkpt lat="2.0280026" lon="103.3553634">
    <ele>430</ele>
   </trkpt>
   <trkpt lat="2.0280024" lon="103.3553687">
    <ele>430</ele>
   </trkpt>
   <trkpt lat="2.0280022" lon="103.3553742">
    <ele>430</ele>
   </trkpt>
   <trkpt lat="2.0280005" lon="103.3553907">
    <ele>430</ele>
   </trkpt>
   <trkpt lat="2.0280008" lon="103.3553956">
    <ele>431</ele>
   </trkpt>
   <trkpt lat="2.0280012" lon="103.3554006">
    <ele>431</ele>
   </trkpt>
   <trkpt lat="2.0280016" lon="103.3554056">
    <ele>431</ele>
   </trkpt>
   <trkpt lat="2.0280052" lon="103.3554199">
    <ele>431</ele>
   </trkpt>
   <trkpt lat="2.0280025" lon="103.3554397">
    <ele>435</ele>
   </trkpt>
   <trkpt lat="2.0279997" lon="103.3554647">
    <ele>435</ele>
   </trkpt>
   <trkpt lat="2.0279989" lon="103.3554709">
    <ele>435</ele>
   </trkpt>
   <trkpt lat="2.0279982" lon="103.3554771">
    <ele>436</ele>
   </trkpt>
   <trkpt lat="2.0279975" lon="103.3554833">
    <ele>436</ele>
   </trkpt>
   <trkpt lat="2.0279941" lon="103.3554994">
    <ele>436</ele>
   </trkpt>
   <trkpt lat="2.0279932" lon="103.3555049">
    <ele>436</ele>
   </trkpt>
   <trkpt lat="2.0279923" lon="103.3555107">
    <ele>437</ele>
   </trkpt>
   <trkpt lat="2.0279915" lon="103.3555164">
    <ele>437</ele>
   </trkpt>
   <trkpt lat="2.0279914" lon="103.3555412">
    <ele>437</ele>
   </trkpt>
   <trkpt lat="2.0279910" lon="103.3555493">
    <ele>437</ele>
   </trkpt>
   <trkpt lat="2.0279906" lon="103.3555574">
    <ele>437</ele>
   </trkpt>
   <trkpt lat="2.0279902" lon="103.3555655">
    <ele>437</ele>
   </trkpt>
   <trkpt lat="2.0279907" lon="103.3555766">
    <ele>441</ele>
   </trkpt>
   <trkpt lat="2.0279893" lon="103.3555947">
    <ele>442</ele>
   </trkpt>
   <trkpt lat="2.0279875" lon="103.3556014">
    <ele>442</ele>
   </trkpt>
   <trkpt lat="2.0279857" lon="103.3556081">
    <ele>442</ele>
   </trkpt>
   <trkpt lat="2.0279840" lon="103.3556148">
    <ele>442</ele>
   </trkpt>
   <trkpt lat="2.0279782" lon="103.3556417">
    <ele>442</ele>
   </trkpt>
   <trkpt lat="2.0279775" lon="103.3556522">
    <ele>442</ele>
   </trkpt>
   <trkpt lat="2.0279767" lon="103.3556627">
    <ele>442</ele>
   </trkpt>
   <trkpt lat="2.0279762" lon="103.3556733">
    <ele>442</ele>
   </trkpt>
   <trkpt lat="2.0279748" lon="103.3556991">
    <ele>443</ele>
   </trkpt>
   <trkpt lat="2.0279724" lon="103.3557184">
    <ele>444</ele>
   </trkpt>
   <trkpt lat="2.0279719" lon="103.3557301">
    <ele>444</ele>
   </trkpt>
   <trkpt lat="2.0279734" lon="103.3557342">
    <ele>445</ele>
   </trkpt>
   <trkpt lat="2.0279748" lon="103.3557383">
    <ele>445</ele>
   </trkpt>
   <trkpt lat="2.0279764" lon="103.3557424">
    <ele>445</ele>
   </trkpt>
   <trkpt lat="2.0279817" lon="103.3557564">
    <ele>445</ele>
   </trkpt>
   <trkpt lat="2.0279805" lon="103.3557714">
    <ele>449</ele>
   </trkpt>
   <trkpt lat="2.0279796" lon="103.3557925">
    <ele>449</ele>
   </trkpt>
   <trkpt lat="2.0279791" lon="103.3557986">
    <ele>449</ele>
   </trkpt>
   <trkpt lat="2.0279786" lon="103.3558049">
    <ele>450</ele>
   </trkpt>
   <trkpt lat="2.0279782" lon="103.3558111">
    <ele>450</ele>
   </trkpt>
   <trkpt lat="2.0279754" lon="103.3558267">
    <ele>450</ele>
   </trkpt>
   <trkpt lat="2.0279752" lon="103.3558313">
    <ele>450</ele>
   </trkpt>
   <trkpt lat="2.0279751" lon="103.3558360">
    <ele>450</ele>
   </trkpt>
   <trkpt lat="2.0279750" lon="103.3558407">
    <ele>450</ele>
   </trkpt>
   <trkpt lat="2.0279708" lon="103.3558618">
    <ele>452</ele>
   </trkpt>
   <trkpt lat="2.0279636" lon="103.3558800">
    <ele>452</ele>
   </trkpt>
   <trkpt lat="2.0279615" lon="103.3558841">
    <ele>453</ele>
   </trkpt>
   <trkpt lat="2.0279596" lon="103.3558881">
    <ele>453</ele>
   </trkpt>
   <trkpt lat="2.0279577" lon="103.3558921">
    <ele>453</ele>
   </trkpt>
   <trkpt lat="2.0279522" lon="103.3559018">
    <ele>453</ele>
   </trkpt>
   <trkpt lat="2.0279549" lon="103.3559242">
    <ele>455</ele>
   </trkpt>
   <trkpt lat="2.0279596" lon="103.3559470">
    <ele>456</ele>
   </trkpt>
   <trkpt lat="2.0279584" lon="103.3559509">
    <ele>456</ele>
   </trkpt>
   <trkpt lat="2.0279572" lon="103.3559548">
    <ele>456</ele>
   </trkpt>
   <trkpt lat="2.0279560" lon="103.3559588">
    <ele>456</ele>
   </trkpt>
   <trkpt lat="2.0279508" lon="103.3559650">
    <ele>457</ele>
   </trkpt>
   <trkpt lat="2.0279479" lon="103.3559686">
    <ele>457</ele>
   </trkpt>
   <trkpt lat="2.0279450" lon="103.3559722">
    <ele>457</ele>
   </trkpt>
   <trkpt lat="2.0279421" lon="103.3559759">
    <ele>457</ele>
   </trkpt>
   <trkpt lat="2.0279372" lon="103.3559858">
    <ele>458</ele>
   </trkpt>
   <trkpt lat="2.0279346" lon="103.3559899">
    <ele>458</ele>
   </trkpt>
   <trkpt lat="2.0279321" lon="103.3559940">
    <ele>458</ele>
   </trkpt>
   <trkpt lat="2.0279296" lon="103.3559980">
    <ele>458</ele>
   </trkpt>
   <trkpt lat="2.0279167" lon="103.3560246">
    <ele>464</ele>
   </trkpt>
   <trkpt lat="2.0279146" lon="103.3560287">
    <ele>465</ele>
   </trkpt>
   <trkpt lat="2.0279126" lon="103.3560328">
    <ele>465</ele>
   </trkpt>
   <trkpt lat="2.0279105" lon="103.3560369">
    <ele>465</ele>
   </trkpt>
   <trkpt lat="2.0279085" lon="103.3560411">
    <ele>465</ele>
   </trkpt>
   <trkpt lat="2.0278969" lon="103.3560646">
    <ele>465</ele>
   </trkpt>
   <trkpt lat="2.0278939" lon="103.3560711">
    <ele>465</ele>
   </trkpt>
   <trkpt lat="2.0278909" lon="103.3560776">
    <ele>465</ele>
   </trkpt>
   <trkpt lat="2.0278880" lon="103.3560842">
    <ele>465</ele>
   </trkpt>
   <trkpt lat="2.0278793" lon="103.3561023">
    <ele>466</ele>
   </trkpt>
   <trkpt lat="2.0278776" lon="103.3561052">
    <ele>466</ele>
   </trkpt>
   <trkpt lat="2.0278759" lon="103.3561081">
    <ele>466</ele>
   </trkpt>
   <trkpt lat="2.0278743" lon="103.3561111">
    <ele>466</ele>
   </trkpt>
   <trkpt lat="2.0278725" lon="103.3561140">
    <ele>467</ele>
   </trkpt>
   <trkpt lat="2.0278710" lon="103.3561170">
    <ele>467</ele>
   </trkpt>
   <trkpt lat="2.0278702" lon="103.3561265">
    <ele>467</ele>
   </trkpt>
   <trkpt lat="2.0278709" lon="103.3561302">
    <ele>467</ele>
   </trkpt>
   <trkpt lat="2.0278716" lon="103.3561339">
    <ele>467</ele>
   </trkpt>
   <trkpt lat="2.0278723" lon="103.3561376">
    <ele>467</ele>
   </trkpt>
   <trkpt lat="2.0278740" lon="103.3561585">
    <ele>467</ele>
   </trkpt>
   <trkpt lat="2.0278732" lon="103.3561658">
    <ele>467</ele>
   </trkpt>
   <trkpt lat="2.0278724" lon="103.3561731">
    <ele>468</ele>
   </trkpt>
   <trkpt lat="2.0278716" lon="103.3561804">
    <ele>468</ele>
   </trkpt>
   <trkpt lat="2.0278601" lon="103.3561998">
    <ele>470</ele>
   </trkpt>
   <trkpt lat="2.0278467" lon="103.3562163">
    <ele>470</ele>
   </trkpt>
   <trkpt lat="2.0278317" lon="103.3562315">
    <ele>471</ele>
   </trkpt>
   <trkpt lat="2.0278269" lon="103.3562450">
    <ele>472</ele>
   </trkpt>
   <trkpt lat="2.0278278" lon="103.3562502">
    <ele>472</ele>
   </trkpt>
   <trkpt lat="2.0278287" lon="103.3562554">
    <ele>472</ele>
   </trkpt>
   <trkpt lat="2.0278296" lon="103.3562607">
    <ele>472</ele>
   </trkpt>
   <trkpt lat="2.0278282" lon="103.3562740">
    <ele>473</ele>
   </trkpt>
   <trkpt lat="2.0278264" lon="103.3562795">
    <ele>473</ele>
   </trkpt>
   <trkpt lat="2.0278247" lon="103.3562850">
    <ele>473</ele>
   </trkpt>
   <trkpt lat="2.0278230" lon="103.3562905">
    <ele>473</ele>
   </trkpt>
   <trkpt lat="2.0278282" lon="103.3563051">
    <ele>475</ele>
   </trkpt>
   <trkpt lat="2.0278359" lon="103.3563242">
    <ele>475</ele>
   </trkpt>
   <trkpt lat="2.0278380" lon="103.3563293">
    <ele>475</ele>
   </trkpt>
   <trkpt lat="2.0278401" lon="103.3563345">
    <ele>475</ele>
   </trkpt>
   <trkpt lat="2.0278423" lon="103.3563397">
    <ele>476</ele>
   </trkpt>
   <trkpt lat="2.0278456" lon="103.3563558">
    <ele>476</ele>
   </trkpt>
   <trkpt lat="2.0278489" lon="103.3563654">
    <ele>478</ele>
   </trkpt>
   <trkpt lat="2.0278540" lon="103.3563791">
    <ele>478</ele>
   </trkpt>
   <trkpt lat="2.0278551" lon="103.3563833">
    <ele>478</ele>
   </trkpt>
   <trkpt lat="2.0278562" lon="103.3563875">
    <ele>479</ele>
   </trkpt>
   <trkpt lat="2.0278573" lon="103.3563917">
    <ele>479</ele>
   </trkpt>
   <trkpt lat="2.0278598" lon="103.3563964">
    <ele>479</ele>
   </trkpt>
   <trkpt lat="2.0278622" lon="103.3564011">
    <ele>479</ele>
   </trkpt>
   <trkpt lat="2.0278649" lon="103.3564058">
    <ele>479</ele>
   </trkpt>
   <trkpt lat="2.0278744" lon="103.3564157">
    <ele>479</ele>
   </trkpt>
   <trkpt lat="2.0278839" lon="103.3564196">
    <ele>480</ele>
   </trkpt>
   <trkpt lat="2.0278871" lon="103.3564240">
    <ele>481</ele>
   </trkpt>
   <trkpt lat="2.0278869" lon="103.3564277">
    <ele>481</ele>
   </trkpt>
   <trkpt lat="2.0278867" lon="103.3564314">
    <ele>481</ele>
   </trkpt>
   <trkpt lat="2.0278865" lon="103.3564351">
    <ele>481</ele>
   </trkpt>
   <trkpt lat="2.0278871" lon="103.3564392">
    <ele>482</ele>
   </trkpt>
   <trkpt lat="2.0278877" lon="103.3564433">
    <ele>482</ele>
   </trkpt>
   <trkpt lat="2.0278883" lon="103.3564473">
    <ele>482</ele>
   </trkpt>
   <trkpt lat="2.0278890" lon="103.3564515">
    <ele>482</ele>
   </trkpt>
   <trkpt lat="2.0278943" lon="103.3564674">
    <ele>482</ele>
   </trkpt>
   <trkpt lat="2.0278952" lon="103.3564722">
    <ele>482</ele>
   </trkpt>
   <trkpt lat="2.0278962" lon="103.3564772">
    <ele>482</ele>
   </trkpt>
   <trkpt lat="2.0278972" lon="103.3564820">
    <ele>482</ele>
   </trkpt>
   <trkpt lat="2.0278966" lon="103.3564964">
    <ele>483</ele>
   </trkpt>
   <trkpt lat="2.0278968" lon="103.3564992">
    <ele>483</ele>
   </trkpt>
   <trkpt lat="2.0278970" lon="103.3565021">
    <ele>483</ele>
   </trkpt>
   <trkpt lat="2.0278972" lon="103.3565050">
    <ele>483</ele>
   </trkpt>
   <trkpt lat="2.0278991" lon="103.3565196">
    <ele>484</ele>
   </trkpt>
   <trkpt lat="2.0278996" lon="103.3565238">
    <ele>484</ele>
   </trkpt>
   <trkpt lat="2.0279001" lon="103.3565280">
    <ele>484</ele>
   </trkpt>
   <trkpt lat="2.0279006" lon="103.3565323">
    <ele>484</ele>
   </trkpt>
   <trkpt lat="2.0279056" lon="103.3565507">
    <ele>486</ele>
   </trkpt>
   <trkpt lat="2.0279122" lon="103.3565683">
    <ele>486</ele>
   </trkpt>
   <trkpt lat="2.0279132" lon="103.3565730">
    <ele>487</ele>
   </trkpt>
   <trkpt lat="2.0279145" lon="103.3565777">
    <ele>487</ele>
   </trkpt>
   <trkpt lat="2.0279157" lon="103.3565823">
    <ele>487</ele>
   </trkpt>
   <trkpt lat="2.0279159" lon="103.3565896">
    <ele>487</ele>
   </trkpt>
   <trkpt lat="2.0279158" lon="103.3565937">
    <ele>488</ele>
   </trkpt>
   <trkpt lat="2.0279158" lon="103.3565978">
    <ele>488</ele>
   </trkpt>
   <trkpt lat="2.0279158" lon="103.3566020">
    <ele>488</ele>
   </trkpt>
   <trkpt lat="2.0279167" lon="103.3566299">
    <ele>491</ele>
   </trkpt>
   <trkpt lat="2.0279193" lon="103.3566604">
    <ele>494</ele>
   </trkpt>
   <trkpt lat="2.0279195" lon="103.3566656">
    <ele>494</ele>
   </trkpt>
   <trkpt lat="2.0279197" lon="103.3566708">
    <ele>494</ele>
   </trkpt>
   <trkpt lat="2.0279200" lon="103.3566759">
    <ele>495</ele>
   </trkpt>
   <trkpt lat="2.0279202" lon="103.3566812">
    <ele>495</ele>
   </trkpt>
   <trkpt lat="2.0279205" lon="103.3566865">
    <ele>495</ele>
   </trkpt>
   <trkpt lat="2.0279188" lon="103.3567212">
    <ele>495</ele>
   </trkpt>
   <trkpt lat="2.0279159" lon="103.3567298">
    <ele>496</ele>
   </trkpt>
   <trkpt lat="2.0279130" lon="103.3567384">
    <ele>496</ele>
   </trkpt>
   <trkpt lat="2.0279101" lon="103.3567471">
    <ele>496</ele>
   </trkpt>
   <trkpt lat="2.0279061" lon="103.3567528">
    <ele>496</ele>
   </trkpt>
   <trkpt lat="2.0279021" lon="103.3567585">
    <ele>497</ele>
   </trkpt>
   <trkpt lat="2.0278981" lon="103.3567643">
    <ele>497</ele>
   </trkpt>
   <trkpt lat="2.0278891" lon="103.3567783">
    <ele>497</ele>
   </trkpt>
   <trkpt lat="2.0278875" lon="103.3567832">
    <ele>497</ele>
   </trkpt>
   <trkpt lat="2.0278858" lon="103.3567881">
    <ele>497</ele>
   </trkpt>
   <trkpt lat="2.0278843" lon="103.3567930">
    <ele>497</ele>
   </trkpt>
   <trkpt lat="2.0278836" lon="103.3568064">
    <ele>497</ele>
   </trkpt>
   <trkpt lat="2.0278848" lon="103.3568103">
    <ele>497</ele>
   </trkpt>
   <trkpt lat="2.0278860" lon="103.3568143">
    <ele>498</ele>
   </trkpt>
   <trkpt lat="2.0278872" lon="103.3568183">
    <ele>498</ele>
   </trkpt>
   <trkpt lat="2.0278913" lon="103.3568301">
    <ele>498</ele>
   </trkpt>
   <trkpt lat="2.0278920" lon="103.3568322">
    <ele>498</ele>
   </trkpt>
   <trkpt lat="2.0278927" lon="103.3568346">
    <ele>499</ele>
   </trkpt>
   <trkpt lat="2.0278934" lon="103.3568369">
    <ele>499</ele>
   </trkpt>
   <trkpt lat="2.0278919" lon="103.3568484">
    <ele>499</ele>
   </trkpt>
   <trkpt lat="2.0278887" lon="103.3568517">
    <ele>499</ele>
   </trkpt>
   <trkpt lat="2.0278855" lon="103.3568551">
    <ele>500</ele>
   </trkpt>
   <trkpt lat="2.0278824" lon="103.3568585">
    <ele>500</ele>
   </trkpt>
   <trkpt lat="2.0278720" lon="103.3568705">
    <ele>500</ele>
   </trkpt>
   <trkpt lat="2.0278692" lon="103.3568748">
    <ele>500</ele>
   </trkpt>
   <trkpt lat="2.0278664" lon="103.3568792">
    <ele>501</ele>
   </trkpt>
   <trkpt lat="2.0278637" lon="103.3568836">
    <ele>501</ele>
   </trkpt>
   <trkpt lat="2.0278533" lon="103.3568939">
    <ele>501</ele>
   </trkpt>
   <trkpt lat="2.0278494" lon="103.3568968">
    <ele>501</ele>
   </trkpt>
   <trkpt lat="2.0278455" lon="103.3568997">
    <ele>501</ele>
   </trkpt>
   <trkpt lat="2.0278416" lon="103.3569028">
    <ele>501</ele>
   </trkpt>
   <trkpt lat="2.0278360" lon="103.3569092">
    <ele>501</ele>
   </trkpt>
   <trkpt lat="2.0278337" lon="103.3569130">
    <ele>501</ele>
   </trkpt>
   <trkpt lat="2.0278314" lon="103.3569169">
    <ele>502</ele>
   </trkpt>
   <trkpt lat="2.0278291" lon="103.3569208">
    <ele>502</ele>
   </trkpt>
   <trkpt lat="2.0278282" lon="103.3569282">
    <ele>502</ele>
   </trkpt>
   <trkpt lat="2.0278288" lon="103.3569333">
    <ele>502</ele>
   </trkpt>
   <trkpt lat="2.0278295" lon="103.3569384">
    <ele>503</ele>
   </trkpt>
   <trkpt lat="2.0278302" lon="103.3569435">
    <ele>503</ele>
   </trkpt>
   <trkpt lat="2.0278332" lon="103.3569605">
    <ele>503</ele>
   </trkpt>
   <trkpt lat="2.0278336" lon="103.3569674">
    <ele>503</ele>
   </trkpt>
   <trkpt lat="2.0278340" lon="103.3569742">
    <ele>503</ele>
   </trkpt>
   <trkpt lat="2.0278344" lon="103.3569811">
    <ele>503</ele>
   </trkpt>
   <trkpt lat="2.0278285" lon="103.3570034">
    <ele>503</ele>
   </trkpt>
   <trkpt lat="2.0278236" lon="103.3570105">
    <ele>503</ele>
   </trkpt>
   <trkpt lat="2.0278187" lon="103.3570176">
    <ele>504</ele>
   </trkpt>
   <trkpt lat="2.0278139" lon="103.3570248">
    <ele>504</ele>
   </trkpt>
   <trkpt lat="2.0277937" lon="103.3570458">
    <ele>504</ele>
   </trkpt>
   <trkpt lat="2.0277864" lon="103.3570517">
    <ele>504</ele>
   </trkpt>
   <trkpt lat="2.0277791" lon="103.3570578">
    <ele>505</ele>
   </trkpt>
   <trkpt lat="2.0277718" lon="103.3570639">
    <ele>505</ele>
   </trkpt>
   <trkpt lat="2.0277515" lon="103.3570803">
    <ele>505</ele>
   </trkpt>
   <trkpt lat="2.0277454" lon="103.3570853">
    <ele>505</ele>
   </trkpt>
   <trkpt lat="2.0277393" lon="103.3570903">
    <ele>505</ele>
   </trkpt>
   <trkpt lat="2.0277333" lon="103.3570954">
    <ele>505</ele>
   </trkpt>
   <trkpt lat="2.0277171" lon="103.3571056">
    <ele>505</ele>
   </trkpt>
   <trkpt lat="2.0277132" lon="103.3571093">
    <ele>505</ele>
   </trkpt>
   <trkpt lat="2.0277093" lon="103.3571130">
    <ele>506</ele>
   </trkpt>
   <trkpt lat="2.0277055" lon="103.3571167">
    <ele>506</ele>
   </trkpt>
   <trkpt lat="2.0276938" lon="103.3571319">
    <ele>506</ele>
   </trkpt>
   <trkpt lat="2.0276893" lon="103.3571372">
    <ele>506</ele>
   </trkpt>
   <trkpt lat="2.0276848" lon="103.3571424">
    <ele>506</ele>
   </trkpt>
   <trkpt lat="2.0276804" lon="103.3571476">
    <ele>506</ele>
   </trkpt>
   <trkpt lat="2.0276659" lon="103.3571627">
    <ele>506</ele>
   </trkpt>
   <trkpt lat="2.0276614" lon="103.3571678">
    <ele>506</ele>
   </trkpt>
   <trkpt lat="2.0276569" lon="103.3571731">
    <ele>507</ele>
   </trkpt>
   <trkpt lat="2.0276525" lon="103.3571783">
    <ele>507</ele>
   </trkpt>
   <trkpt lat="2.0276409" lon="103.3571942">
    <ele>507</ele>
   </trkpt>
   <trkpt lat="2.0276376" lon="103.3571999">
    <ele>507</ele>
   </trkpt>
   <trkpt lat="2.0276343" lon="103.3572056">
    <ele>507</ele>
   </trkpt>
   <trkpt lat="2.0276310" lon="103.3572114">
    <ele>507</ele>
   </trkpt>
   <trkpt lat="2.0276219" lon="103.3572274">
    <ele>507</ele>
   </trkpt>
   <trkpt lat="2.0276192" lon="103.3572316">
    <ele>507</ele>
   </trkpt>
   <trkpt lat="2.0276165" lon="103.3572358">
    <ele>508</ele>
   </trkpt>
   <trkpt lat="2.0276138" lon="103.3572400">
    <ele>508</ele>
   </trkpt>
   <trkpt lat="2.0276031" lon="103.3572505">
    <ele>508</ele>
   </trkpt>
   <trkpt lat="2.0275983" lon="103.3572530">
    <ele>508</ele>
   </trkpt>
   <trkpt lat="2.0275935" lon="103.3572554">
    <ele>509</ele>
   </trkpt>
   <trkpt lat="2.0275888" lon="103.3572580">
    <ele>509</ele>
   </trkpt>
   <trkpt lat="2.0275702" lon="103.3572617">
    <ele>509</ele>
   </trkpt>
   <trkpt lat="2.0275632" lon="103.3572635">
    <ele>509</ele>
   </trkpt>
   <trkpt lat="2.0275563" lon="103.3572653">
    <ele>510</ele>
   </trkpt>
   <trkpt lat="2.0275494" lon="103.3572671">
    <ele>510</ele>
   </trkpt>
   <trkpt lat="2.0275315" lon="103.3572781">
    <ele>510</ele>
   </trkpt>
   <trkpt lat="2.0275290" lon="103.3572825">
    <ele>510</ele>
   </trkpt>
   <trkpt lat="2.0275265" lon="103.3572869">
    <ele>510</ele>
   </trkpt>
   <trkpt lat="2.0275240" lon="103.3572913">
    <ele>510</ele>
   </trkpt>
   <trkpt lat="2.0275268" lon="103.3572984">
    <ele>510</ele>
   </trkpt>
   <trkpt lat="2.0275301" lon="103.3572983">
    <ele>510</ele>
   </trkpt>
   <trkpt lat="2.0275333" lon="103.3572982">
    <ele>511</ele>
   </trkpt>
   <trkpt lat="2.0275365" lon="103.3572981">
    <ele>511</ele>
   </trkpt>
   <trkpt lat="2.0275531" lon="103.3572996">
    <ele>511</ele>
   </trkpt>
   <trkpt lat="2.0275591" lon="103.3573004">
    <ele>511</ele>
   </trkpt>
   <trkpt lat="2.0275654" lon="103.3573012">
    <ele>511</ele>
   </trkpt>
   <trkpt lat="2.0275716" lon="103.3573020">
    <ele>511</ele>
   </trkpt>
   <trkpt lat="2.0275881" lon="103.3573040">
    <ele>511</ele>
   </trkpt>
   <trkpt lat="2.0275924" lon="103.3573034">
    <ele>511</ele>
   </trkpt>
   <trkpt lat="2.0275967" lon="103.3573028">
    <ele>511</ele>
   </trkpt>
   <trkpt lat="2.0276011" lon="103.3573022">
    <ele>511</ele>
   </trkpt>
   <trkpt lat="2.0276112" lon="103.3572983">
    <ele>511</ele>
   </trkpt>
   <trkpt lat="2.0276131" lon="103.3572990">
    <ele>511</ele>
   </trkpt>
   <trkpt lat="2.0276118" lon="103.3573007">
    <ele>511</ele>
   </trkpt>
   <trkpt lat="2.0276105" lon="103.3573024">
    <ele>511</ele>
   </trkpt>
   <trkpt lat="2.0276092" lon="103.3573042">
    <ele>511</ele>
   </trkpt>
   <trkpt lat="2.0276052" lon="103.3573100">
    <ele>511</ele>
   </trkpt>
   <trkpt lat="2.0276029" lon="103.3573138">
    <ele>511</ele>
   </trkpt>
   <trkpt lat="2.0276006" lon="103.3573176">
    <ele>511</ele>
   </trkpt>
   <trkpt lat="2.0275983" lon="103.3573214">
    <ele>511</ele>
   </trkpt>
   <trkpt lat="2.0275896" lon="103.3573265">
    <ele>514</ele>
   </trkpt>
   <trkpt lat="2.0275806" lon="103.3573294">
    <ele>514</ele>
   </trkpt>
   <trkpt lat="2.0275781" lon="103.3573323">
    <ele>514</ele>
   </trkpt>
   <trkpt lat="2.0275757" lon="103.3573352">
    <ele>514</ele>
   </trkpt>
   <trkpt lat="2.0275732" lon="103.3573382">
    <ele>514</ele>
   </trkpt>
   <trkpt lat="2.0275615" lon="103.3573533">
    <ele>514</ele>
   </trkpt>
   <trkpt lat="2.0275515" lon="103.3573676">
    <ele>514</ele>
   </trkpt>
   <trkpt lat="2.0275466" lon="103.3573779">
    <ele>514</ele>
   </trkpt>
   <trkpt lat="2.0275437" lon="103.3573818">
    <ele>514</ele>
   </trkpt>
   <trkpt lat="2.0275408" lon="103.3573857">
    <ele>514</ele>
   </trkpt>
   <trkpt lat="2.0275379" lon="103.3573897">
    <ele>514</ele>
   </trkpt>
   <trkpt lat="2.0275282" lon="103.3574027">
    <ele>514</ele>
   </trkpt>
   <trkpt lat="2.0275242" lon="103.3574088">
    <ele>514</ele>
   </trkpt>
   <trkpt lat="2.0275203" lon="103.3574150">
    <ele>514</ele>
   </trkpt>
   <trkpt lat="2.0275164" lon="103.3574212">
    <ele>514</ele>
   </trkpt>
   <trkpt lat="2.0275036" lon="103.3574422">
    <ele>514</ele>
   </trkpt>
   <trkpt lat="2.0275013" lon="103.3574464">
    <ele>514</ele>
   </trkpt>
   <trkpt lat="2.0274990" lon="103.3574506">
    <ele>514</ele>
   </trkpt>
   <trkpt lat="2.0274967" lon="103.3574548">
    <ele>514</ele>
   </trkpt>
   <trkpt lat="2.0274854" lon="103.3574768">
    <ele>514</ele>
   </trkpt>
   <trkpt lat="2.0274808" lon="103.3574816">
    <ele>514</ele>
   </trkpt>
   <trkpt lat="2.0274762" lon="103.3574867">
    <ele>514</ele>
   </trkpt>
   <trkpt lat="2.0274717" lon="103.3574917">
    <ele>514</ele>
   </trkpt>
   <trkpt lat="2.0274555" lon="103.3574925">
    <ele>513</ele>
   </trkpt>
   <trkpt lat="2.0274329" lon="103.3574935">
    <ele>513</ele>
   </trkpt>
   <trkpt lat="2.0274267" lon="103.3574955">
    <ele>513</ele>
   </trkpt>
   <trkpt lat="2.0274206" lon="103.3574976">
    <ele>513</ele>
   </trkpt>
   <trkpt lat="2.0274145" lon="103.3574997">
    <ele>513</ele>
   </trkpt>
   <trkpt lat="2.0273923" lon="103.3575088">
    <ele>513</ele>
   </trkpt>
   <trkpt lat="2.0273836" lon="103.3575118">
    <ele>513</ele>
   </trkpt>
   <trkpt lat="2.0273749" lon="103.3575148">
    <ele>513</ele>
   </trkpt>
   <trkpt lat="2.0273663" lon="103.3575178">
    <ele>513</ele>
   </trkpt>
   <trkpt lat="2.0273441" lon="103.3575269">
    <ele>513</ele>
   </trkpt>
   <trkpt lat="2.0273386" lon="103.3575319">
    <ele>513</ele>
   </trkpt>
   <trkpt lat="2.0273332" lon="103.3575369">
    <ele>513</ele>
   </trkpt>
   <trkpt lat="2.0273278" lon="103.3575421">
    <ele>513</ele>
   </trkpt>
   <trkpt lat="2.0273141" lon="103.3575630">
    <ele>513</ele>
   </trkpt>
   <trkpt lat="2.0273068" lon="103.3575716">
    <ele>513</ele>
   </trkpt>
   <trkpt lat="2.0272994" lon="103.3575801">
    <ele>513</ele>
   </trkpt>
   <trkpt lat="2.0272923" lon="103.3575886">
    <ele>513</ele>
   </trkpt>
   <trkpt lat="2.0272587" lon="103.3576028">
    <ele>512</ele>
   </trkpt>
   <trkpt lat="2.0272479" lon="103.3576072">
    <ele>512</ele>
   </trkpt>
   <trkpt lat="2.0272370" lon="103.3576116">
    <ele>512</ele>
   </trkpt>
   <trkpt lat="2.0272264" lon="103.3576161">
    <ele>512</ele>
   </trkpt>
   <trkpt lat="2.0272122" lon="103.3576399">
    <ele>512</ele>
   </trkpt>
   <trkpt lat="2.0272081" lon="103.3576490">
    <ele>512</ele>
   </trkpt>
   <trkpt lat="2.0272039" lon="103.3576581">
    <ele>512</ele>
   </trkpt>
   <trkpt lat="2.0271999" lon="103.3576672">
    <ele>512</ele>
   </trkpt>
   <trkpt lat="2.0271651" lon="103.3576839">
    <ele>511</ele>
   </trkpt>
   <trkpt lat="2.0271474" lon="103.3576856">
    <ele>511</ele>
   </trkpt>
   <trkpt lat="2.0271296" lon="103.3576873">
    <ele>510</ele>
   </trkpt>
   <trkpt lat="2.0271118" lon="103.3576889">
    <ele>510</ele>
   </trkpt>
   <trkpt lat="2.0270559" lon="103.3576818">
    <ele>509</ele>
   </trkpt>
   <trkpt lat="2.0270389" lon="103.3576785">
    <ele>509</ele>
   </trkpt>
   <trkpt lat="2.0270221" lon="103.3576753">
    <ele>508</ele>
   </trkpt>
   <trkpt lat="2.0270052" lon="103.3576721">
    <ele>508</ele>
   </trkpt>
   <trkpt lat="2.0269628" lon="103.3576539">
    <ele>507</ele>
   </trkpt>
   <trkpt lat="2.0269514" lon="103.3576470">
    <ele>507</ele>
   </trkpt>
   <trkpt lat="2.0269400" lon="103.3576401">
    <ele>506</ele>
   </trkpt>
   <trkpt lat="2.0269287" lon="103.3576332">
    <ele>506</ele>
   </trkpt>
   <trkpt lat="2.0268938" lon="103.3576225">
    <ele>505</ele>
   </trkpt>
   <trkpt lat="2.0268814" lon="103.3576236">
    <ele>504</ele>
   </trkpt>
   <trkpt lat="2.0268690" lon="103.3576248">
    <ele>503</ele>
   </trkpt>
   <trkpt lat="2.0268566" lon="103.3576260">
    <ele>503</ele>
   </trkpt>
   <trkpt lat="2.0268207" lon="103.3576434">
    <ele>502</ele>
   </trkpt>
   <trkpt lat="2.0268086" lon="103.3576548">
    <ele>502</ele>
   </trkpt>
   <trkpt lat="2.0267965" lon="103.3576662">
    <ele>501</ele>
   </trkpt>
   <trkpt lat="2.0267844" lon="103.3576777">
    <ele>501</ele>
   </trkpt>
   <trkpt lat="2.0267496" lon="103.3577193">
    <ele>500</ele>
   </trkpt>
   <trkpt lat="2.0267383" lon="103.3577310">
    <ele>500</ele>
   </trkpt>
   <trkpt lat="2.0267271" lon="103.3577426">
    <ele>499</ele>
   </trkpt>
   <trkpt lat="2.0267159" lon="103.3577543">
    <ele>499</ele>
   </trkpt>
   <trkpt lat="2.0266794" lon="103.3577775">
    <ele>498</ele>
   </trkpt>
   <trkpt lat="2.0266670" lon="103.3577791">
    <ele>498</ele>
   </trkpt>
   <trkpt lat="2.0266546" lon="103.3577807">
    <ele>497</ele>
   </trkpt>
   <trkpt lat="2.0266422" lon="103.3577824">
    <ele>497</ele>
   </trkpt>
   <trkpt lat="2.0266107" lon="103.3577892">
    <ele>496</ele>
   </trkpt>
   <trkpt lat="2.0266004" lon="103.3577957">
    <ele>496</ele>
   </trkpt>
   <trkpt lat="2.0265901" lon="103.3578023">
    <ele>495</ele>
   </trkpt>
   <trkpt lat="2.0265800" lon="103.3578089">
    <ele>495</ele>
   </trkpt>
   <trkpt lat="2.0265502" lon="103.3578324">
    <ele>494</ele>
   </trkpt>
   <trkpt lat="2.0265385" lon="103.3578372">
    <ele>494</ele>
   </trkpt>
   <trkpt lat="2.0265269" lon="103.3578420">
    <ele>493</ele>
   </trkpt>
   <trkpt lat="2.0265152" lon="103.3578468">
    <ele>493</ele>
   </trkpt>
   <trkpt lat="2.0264752" lon="103.3578481">
    <ele>492</ele>
   </trkpt>
   <trkpt lat="2.0264638" lon="103.3578470">
    <ele>491</ele>
   </trkpt>
   <trkpt lat="2.0264524" lon="103.3578460">
    <ele>490</ele>
   </trkpt>
   <trkpt lat="2.0264411" lon="103.3578450">
    <ele>490</ele>
   </trkpt>
   <trkpt lat="2.0264113" lon="103.3578533">
    <ele>489</ele>
   </trkpt>
   <trkpt lat="2.0264004" lon="103.3578569">
    <ele>489</ele>
   </trkpt>
   <trkpt lat="2.0263896" lon="103.3578606">
    <ele>488</ele>
   </trkpt>
   <trkpt lat="2.0263787" lon="103.3578643">
    <ele>488</ele>
   </trkpt>
   <trkpt lat="2.0263432" lon="103.3578788">
    <ele>487</ele>
   </trkpt>
   <trkpt lat="2.0263332" lon="103.3578859">
    <ele>487</ele>
   </trkpt>
   <trkpt lat="2.0263233" lon="103.3578931">
    <ele>486</ele>
   </trkpt>
   <trkpt lat="2.0263134" lon="103.3579003">
    <ele>486</ele>
   </trkpt>
   <trkpt lat="2.0262838" lon="103.3579180">
    <ele>485</ele>
   </trkpt>
   <trkpt lat="2.0262730" lon="103.3579218">
    <ele>485</ele>
   </trkpt>
   <trkpt lat="2.0262622" lon="103.3579258">
    <ele>484</ele>
   </trkpt>
   <trkpt lat="2.0262514" lon="103.3579297">
    <ele>484</ele>
   </trkpt>
   <trkpt lat="2.0262150" lon="103.3579362">
    <ele>483</ele>
   </trkpt>
   <trkpt lat="2.0262026" lon="103.3579397">
    <ele>482</ele>
   </trkpt>
   <trkpt lat="2.0261904" lon="103.3579431">
    <ele>481</ele>
   </trkpt>
   <trkpt lat="2.0261783" lon="103.3579467">
    <ele>481</ele>
   </trkpt>
   <trkpt lat="2.0261400" lon="103.3579570">
    <ele>480</ele>
   </trkpt>
   <trkpt lat="2.0261302" lon="103.3579544">
    <ele>480</ele>
   </trkpt>
   <trkpt lat="2.0261204" lon="103.3579518">
    <ele>479</ele>
   </trkpt>
   <trkpt lat="2.0261106" lon="103.3579493">
    <ele>479</ele>
   </trkpt>
   <trkpt lat="2.0260892" lon="103.3579280">
    <ele>478</ele>
   </trkpt>
   <trkpt lat="2.0260847" lon="103.3579190">
    <ele>478</ele>
   </trkpt>
   <trkpt lat="2.0260802" lon="103.3579101">
    <ele>477</ele>
   </trkpt>
   <trkpt lat="2.0260758" lon="103.3579012">
    <ele>477</ele>
   </trkpt>
   <trkpt lat="2.0260630" lon="103.3578700">
    <ele>476</ele>
   </trkpt>
   <trkpt lat="2.0260571" lon="103.3578622">
    <ele>475</ele>
   </trkpt>
   <trkpt lat="2.0260512" lon="103.3578543">
    <ele>474</ele>
   </trkpt>
   <trkpt lat="2.0260453" lon="103.3578466">
    <ele>474</ele>
   </trkpt>
   <trkpt lat="2.0260256" lon="103.3578271">
    <ele>473</ele>
   </trkpt>
   <trkpt lat="2.0260205" lon="103.3578187">
    <ele>473</ele>
   </trkpt>
   <trkpt lat="2.0260155" lon="103.3578103">
    <ele>472</ele>
   </trkpt>
   <trkpt lat="2.0260105" lon="103.3578019">
    <ele>472</ele>
   </trkpt>
   <trkpt lat="2.0259995" lon="103.3577734">
    <ele>471</ele>
   </trkpt>
   <trkpt lat="2.0259953" lon="103.3577669">
    <ele>470</ele>
   </trkpt>
   <trkpt lat="2.0259913" lon="103.3577605">
    <ele>469</ele>
   </trkpt>
   <trkpt lat="2.0259872" lon="103.3577540">
    <ele>469</ele>
   </trkpt>
   <trkpt lat="2.0259649" lon="103.3577446">
    <ele>468</ele>
   </trkpt>
   <trkpt lat="2.0259541" lon="103.3577413">
    <ele>468</ele>
   </trkpt>
   <trkpt lat="2.0259434" lon="103.3577380">
    <ele>467</ele>
   </trkpt>
   <trkpt lat="2.0259326" lon="103.3577348">
    <ele>467</ele>
   </trkpt>
   <trkpt lat="2.0259113" lon="103.3577150">
    <ele>466</ele>
   </trkpt>
   <trkpt lat="2.0259081" lon="103.3577052">
    <ele>466</ele>
   </trkpt>
   <trkpt lat="2.0259050" lon="103.3576954">
    <ele>465</ele>
   </trkpt>
   <trkpt lat="2.0259019" lon="103.3576856">
    <ele>465</ele>
   </trkpt>
   <trkpt lat="2.0258898" lon="103.3576554">
    <ele>464</ele>
   </trkpt>
   <trkpt lat="2.0258835" lon="103.3576442">
    <ele>464</ele>
   </trkpt>
   <trkpt lat="2.0258773" lon="103.3576330">
    <ele>463</ele>
   </trkpt>
   <trkpt lat="2.0258710" lon="103.3576219">
    <ele>463</ele>
   </trkpt>
   <trkpt lat="2.0258472" lon="103.3575888">
    <ele>462</ele>
   </trkpt>
   <trkpt lat="2.0258413" lon="103.3575788">
    <ele>461</ele>
   </trkpt>
   <trkpt lat="2.0258354" lon="103.3575689">
    <ele>460</ele>
   </trkpt>
   <trkpt lat="2.0258295" lon="103.3575590">
    <ele>460</ele>
   </trkpt>
   <trkpt lat="2.0258147" lon="103.3575434">
    <ele>459</ele>
   </trkpt>
   <trkpt lat="2.0258098" lon="103.3575414">
    <ele>459</ele>
   </trkpt>
   <trkpt lat="2.0258050" lon="103.3575393">
    <ele>458</ele>
   </trkpt>
   <trkpt lat="2.0258002" lon="103.3575375">
    <ele>458</ele>
   </trkpt>
   <trkpt lat="2.0257896" lon="103.3575314">
    <ele>457</ele>
   </trkpt>
   <trkpt lat="2.0257872" lon="103.3575278">
    <ele>457</ele>
   </trkpt>
   <trkpt lat="2.0257847" lon="103.3575244">
    <ele>457</ele>
   </trkpt>
   <trkpt lat="2.0257823" lon="103.3575209">
    <ele>457</ele>
   </trkpt>
   <trkpt lat="2.0257757" lon="103.3575092">
    <ele>456</ele>
   </trkpt>
   <trkpt lat="2.0257706" lon="103.3575031">
    <ele>456</ele>
   </trkpt>
   <trkpt lat="2.0257655" lon="103.3574971">
    <ele>456</ele>
   </trkpt>
   <trkpt lat="2.0257605" lon="103.3574911">
    <ele>456</ele>
   </trkpt>
   <trkpt lat="2.0257405" lon="103.3574567">
    <ele>455</ele>
   </trkpt>
   <trkpt lat="2.0257370" lon="103.3574412">
    <ele>455</ele>
   </trkpt>
   <trkpt lat="2.0257334" lon="103.3574258">
    <ele>455</ele>
   </trkpt>
   <trkpt lat="2.0257298" lon="103.3574104">
    <ele>455</ele>
   </trkpt>
   <trkpt lat="2.0257259" lon="103.3573599">
    <ele>454</ele>
   </trkpt>
   <trkpt lat="2.0257264" lon="103.3573431">
    <ele>454</ele>
   </trkpt>
   <trkpt lat="2.0257269" lon="103.3573264">
    <ele>454</ele>
   </trkpt>
   <trkpt lat="2.0257274" lon="103.3573097">
    <ele>454</ele>
   </trkpt>
   <trkpt lat="2.0257272" lon="103.3572712">
    <ele>454</ele>
   </trkpt>
   <trkpt lat="2.0257258" lon="103.3572615">
    <ele>454</ele>
   </trkpt>
   <trkpt lat="2.0257244" lon="103.3572517">
    <ele>454</ele>
   </trkpt>
   <trkpt lat="2.0257231" lon="103.3572419">
    <ele>454</ele>
   </trkpt>
   <trkpt lat="2.0257175" lon="103.3572083">
    <ele>453</ele>
   </trkpt>
   <trkpt lat="2.0257149" lon="103.3571944">
    <ele>453</ele>
   </trkpt>
   <trkpt lat="2.0257123" lon="103.3571805">
    <ele>453</ele>
   </trkpt>
   <trkpt lat="2.0257098" lon="103.3571666">
    <ele>453</ele>
   </trkpt>
   <trkpt lat="2.0256987" lon="103.3571289">
    <ele>453</ele>
   </trkpt>
   <trkpt lat="2.0256941" lon="103.3571204">
    <ele>453</ele>
   </trkpt>
   <trkpt lat="2.0256897" lon="103.3571120">
    <ele>453</ele>
   </trkpt>
   <trkpt lat="2.0256852" lon="103.3571036">
    <ele>453</ele>
   </trkpt>
   <trkpt lat="2.0256725" lon="103.3570906">
    <ele>453</ele>
   </trkpt>
   <trkpt lat="2.0256688" lon="103.3570896">
    <ele>453</ele>
   </trkpt>
   <trkpt lat="2.0256652" lon="103.3570886">
    <ele>453</ele>
   </trkpt>
   <trkpt lat="2.0256615" lon="103.3570876">
    <ele>454</ele>
   </trkpt>
   <trkpt lat="2.0256579" lon="103.3570866">
    <ele>454</ele>
   </trkpt>
   <trkpt lat="2.0256418" lon="103.3570818">
    <ele>454</ele>
   </trkpt>
   <trkpt lat="2.0256351" lon="103.3570806">
    <ele>454</ele>
   </trkpt>
   <trkpt lat="2.0256284" lon="103.3570794">
    <ele>455</ele>
   </trkpt>
   <trkpt lat="2.0256217" lon="103.3570782">
    <ele>455</ele>
   </trkpt>
   <trkpt lat="2.0256017" lon="103.3570696">
    <ele>455</ele>
   </trkpt>
   <trkpt lat="2.0255974" lon="103.3570645">
    <ele>455</ele>
   </trkpt>
   <trkpt lat="2.0255931" lon="103.3570594">
    <ele>455</ele>
   </trkpt>
   <trkpt lat="2.0255888" lon="103.3570543">
    <ele>455</ele>
   </trkpt>
   <trkpt lat="2.0255810" lon="103.3570358">
    <ele>455</ele>
   </trkpt>
   <trkpt lat="2.0255785" lon="103.3570282">
    <ele>455</ele>
   </trkpt>
   <trkpt lat="2.0255760" lon="103.3570207">
    <ele>456</ele>
   </trkpt>
   <trkpt lat="2.0255735" lon="103.3570132">
    <ele>456</ele>
   </trkpt>
   <trkpt lat="2.0255654" lon="103.3569940">
    <ele>456</ele>
   </trkpt>
   <trkpt lat="2.0255626" lon="103.3569897">
    <ele>456</ele>
   </trkpt>
   <trkpt lat="2.0255598" lon="103.3569857">
    <ele>456</ele>
   </trkpt>
   <trkpt lat="2.0255571" lon="103.3569816">
    <ele>456</ele>
   </trkpt>
   <trkpt lat="2.0255481" lon="103.3569778">
    <ele>456</ele>
   </trkpt>
   <trkpt lat="2.0255445" lon="103.3569783">
    <ele>456</ele>
   </trkpt>
   <trkpt lat="2.0255409" lon="103.3569787">
    <ele>457</ele>
   </trkpt>
   <trkpt lat="2.0255374" lon="103.3569794">
    <ele>457</ele>
   </trkpt>
   <trkpt lat="2.0255236" lon="103.3569765">
    <ele>457</ele>
   </trkpt>
   <trkpt lat="2.0255196" lon="103.3569717">
    <ele>457</ele>
   </trkpt>
   <trkpt lat="2.0255156" lon="103.3569670">
    <ele>457</ele>
   </trkpt>
   <trkpt lat="2.0255117" lon="103.3569623">
    <ele>457</ele>
   </trkpt>
   <trkpt lat="2.0255023" lon="103.3569470">
    <ele>457</ele>
   </trkpt>
   <trkpt lat="2.0254979" lon="103.3569458">
    <ele>457</ele>
   </trkpt>
   <trkpt lat="2.0254935" lon="103.3569446">
    <ele>457</ele>
   </trkpt>
   <trkpt lat="2.0254892" lon="103.3569434">
    <ele>457</ele>
   </trkpt>
   <trkpt lat="2.0254716" lon="103.3569447">
    <ele>457</ele>
   </trkpt>
   <trkpt lat="2.0254653" lon="103.3569451">
    <ele>457</ele>
   </trkpt>
   <trkpt lat="2.0254590" lon="103.3569454">
    <ele>458</ele>
   </trkpt>
   <trkpt lat="2.0254528" lon="103.3569458">
    <ele>458</ele>
   </trkpt>
   <trkpt lat="2.0254342" lon="103.3569435">
    <ele>458</ele>
   </trkpt>
   <trkpt lat="2.0254293" lon="103.3569401">
    <ele>458</ele>
   </trkpt>
   <trkpt lat="2.0254244" lon="103.3569367">
    <ele>458</ele>
   </trkpt>
   <trkpt lat="2.0254195" lon="103.3569333">
    <ele>458</ele>
   </trkpt>
   <trkpt lat="2.0254085" lon="103.3569220">
    <ele>458</ele>
   </trkpt>
   <trkpt lat="2.0254046" lon="103.3569195">
    <ele>458</ele>
   </trkpt>
   <trkpt lat="2.0254007" lon="103.3569170">
    <ele>459</ele>
   </trkpt>
   <trkpt lat="2.0253969" lon="103.3569145">
    <ele>459</ele>
   </trkpt>
   <trkpt lat="2.0253785" lon="103.3569120">
    <ele>459</ele>
   </trkpt>
   <trkpt lat="2.0253713" lon="103.3569117">
    <ele>459</ele>
   </trkpt>
   <trkpt lat="2.0253640" lon="103.3569115">
    <ele>459</ele>
   </trkpt>
   <trkpt lat="2.0253568" lon="103.3569112">
    <ele>459</ele>
   </trkpt>
   <trkpt lat="2.0253358" lon="103.3569028">
    <ele>459</ele>
   </trkpt>
   <trkpt lat="2.0253301" lon="103.3568980">
    <ele>459</ele>
   </trkpt>
   <trkpt lat="2.0253244" lon="103.3568932">
    <ele>460</ele>
   </trkpt>
   <trkpt lat="2.0253187" lon="103.3568884">
    <ele>460</ele>
   </trkpt>
   <trkpt lat="2.0253039" lon="103.3568760">
    <ele>460</ele>
   </trkpt>
   <trkpt lat="2.0252992" lon="103.3568728">
    <ele>460</ele>
   </trkpt>
   <trkpt lat="2.0252946" lon="103.3568696">
    <ele>460</ele>
   </trkpt>
   <trkpt lat="2.0252900" lon="103.3568665">
    <ele>460</ele>
   </trkpt>
   <trkpt lat="2.0252756" lon="103.3568583">
    <ele>460</ele>
   </trkpt>
   <trkpt lat="2.0252703" lon="103.3568561">
    <ele>460</ele>
   </trkpt>
   <trkpt lat="2.0252651" lon="103.3568538">
    <ele>461</ele>
   </trkpt>
   <trkpt lat="2.0252599" lon="103.3568516">
    <ele>461</ele>
   </trkpt>
   <trkpt lat="2.0252418" lon="103.3568453">
    <ele>461</ele>
   </trkpt>
   <trkpt lat="2.0252366" lon="103.3568416">
    <ele>461</ele>
   </trkpt>
   <trkpt lat="2.0252314" lon="103.3568380">
    <ele>461</ele>
   </trkpt>
   <trkpt lat="2.0252262" lon="103.3568344">
    <ele>461</ele>
   </trkpt>
   <trkpt lat="2.0252130" lon="103.3568186">
    <ele>461</ele>
   </trkpt>
   <trkpt lat="2.0252079" lon="103.3568146">
    <ele>461</ele>
   </trkpt>
   <trkpt lat="2.0252029" lon="103.3568106">
    <ele>461</ele>
   </trkpt>
   <trkpt lat="2.0251979" lon="103.3568066">
    <ele>461</ele>
   </trkpt>
   <trkpt lat="2.0251801" lon="103.3568063">
    <ele>461</ele>
   </trkpt>
   <trkpt lat="2.0251738" lon="103.3568084">
    <ele>461</ele>
   </trkpt>
   <trkpt lat="2.0251674" lon="103.3568106">
    <ele>461</ele>
   </trkpt>
   <trkpt lat="2.0251612" lon="103.3568128">
    <ele>461</ele>
   </trkpt>
   <trkpt lat="2.0251435" lon="103.3568215">
    <ele>461</ele>
   </trkpt>
   <trkpt lat="2.0251364" lon="103.3568257">
    <ele>461</ele>
   </trkpt>
   <trkpt lat="2.0251293" lon="103.3568300">
    <ele>461</ele>
   </trkpt>
   <trkpt lat="2.0251223" lon="103.3568343">
    <ele>461</ele>
   </trkpt>
   <trkpt lat="2.0250952" lon="103.3568513">
    <ele>461</ele>
   </trkpt>
   <trkpt lat="2.0250859" lon="103.3568571">
    <ele>461</ele>
   </trkpt>
   <trkpt lat="2.0250765" lon="103.3568631">
    <ele>461</ele>
   </trkpt>
   <trkpt lat="2.0250674" lon="103.3568690">
    <ele>460</ele>
   </trkpt>
   <trkpt lat="2.0250407" lon="103.3568921">
    <ele>460</ele>
   </trkpt>
   <trkpt lat="2.0250314" lon="103.3569020">
    <ele>460</ele>
   </trkpt>
   <trkpt lat="2.0250221" lon="103.3569119">
    <ele>460</ele>
   </trkpt>
   <trkpt lat="2.0250129" lon="103.3569218">
    <ele>460</ele>
   </trkpt>
   <trkpt lat="2.0249866" lon="103.3569513">
    <ele>460</ele>
   </trkpt>
   <trkpt lat="2.0249775" lon="103.3569576">
    <ele>460</ele>
   </trkpt>
   <trkpt lat="2.0249684" lon="103.3569639">
    <ele>460</ele>
   </trkpt>
   <trkpt lat="2.0249594" lon="103.3569703">
    <ele>459</ele>
   </trkpt>
   <trkpt lat="2.0249331" lon="103.3569780">
    <ele>459</ele>
   </trkpt>
   <trkpt lat="2.0249240" lon="103.3569775">
    <ele>459</ele>
   </trkpt>
   <trkpt lat="2.0249151" lon="103.3569772">
    <ele>459</ele>
   </trkpt>
   <trkpt lat="2.0249062" lon="103.3569768">
    <ele>458</ele>
   </trkpt>
   <trkpt lat="2.0248808" lon="103.3569684">
    <ele>458</ele>
   </trkpt>
   <trkpt lat="2.0248727" lon="103.3569654">
    <ele>458</ele>
   </trkpt>
   <trkpt lat="2.0248649" lon="103.3569623">
    <ele>458</ele>
   </trkpt>
   <trkpt lat="2.0248570" lon="103.3569592">
    <ele>457</ele>
   </trkpt>
   <trkpt lat="2.0248329" lon="103.3569495">
    <ele>457</ele>
   </trkpt>
   <trkpt lat="2.0248240" lon="103.3569441">
    <ele>457</ele>
   </trkpt>
   <trkpt lat="2.0248151" lon="103.3569387">
    <ele>457</ele>
   </trkpt>
   <trkpt lat="2.0248063" lon="103.3569334">
    <ele>456</ele>
   </trkpt>
   <trkpt lat="2.0247834" lon="103.3569150">
    <ele>455</ele>
   </trkpt>
   <trkpt lat="2.0247671" lon="103.3569039">
    <ele>455</ele>
   </trkpt>
   <trkpt lat="2.0247620" lon="103.3568990">
    <ele>455</ele>
   </trkpt>
   <trkpt lat="2.0247571" lon="103.3568941">
    <ele>455</ele>
   </trkpt>
   <trkpt lat="2.0247521" lon="103.3568892">
    <ele>455</ele>
   </trkpt>
   <trkpt lat="2.0247339" lon="103.3568722">
    <ele>454</ele>
   </trkpt>
   <trkpt lat="2.0247251" lon="103.3568705">
    <ele>454</ele>
   </trkpt>
   <trkpt lat="2.0247166" lon="103.3568688">
    <ele>454</ele>
   </trkpt>
   <trkpt lat="2.0247080" lon="103.3568672">
    <ele>454</ele>
   </trkpt>
   <trkpt lat="2.0246805" lon="103.3568715">
    <ele>453</ele>
   </trkpt>
   <trkpt lat="2.0246705" lon="103.3568719">
    <ele>453</ele>
   </trkpt>
   <trkpt lat="2.0246605" lon="103.3568724">
    <ele>453</ele>
   </trkpt>
   <trkpt lat="2.0246506" lon="103.3568729">
    <ele>453</ele>
   </trkpt>
   <trkpt lat="2.0246146" lon="103.3568657">
    <ele>452</ele>
   </trkpt>
   <trkpt lat="2.0246006" lon="103.3568640">
    <ele>452</ele>
   </trkpt>
   <trkpt lat="2.0245866" lon="103.3568623">
    <ele>451</ele>
   </trkpt>
   <trkpt lat="2.0245726" lon="103.3568607">
    <ele>451</ele>
   </trkpt>
   <trkpt lat="2.0245278" lon="103.3568653">
    <ele>450</ele>
   </trkpt>
   <trkpt lat="2.0245152" lon="103.3568705">
    <ele>450</ele>
   </trkpt>
   <trkpt lat="2.0245026" lon="103.3568760">
    <ele>449</ele>
   </trkpt>
   <trkpt lat="2.0244901" lon="103.3568814">
    <ele>449</ele>
   </trkpt>
   <trkpt lat="2.0244706" lon="103.3569103">
    <ele>449</ele>
   </trkpt>
   <trkpt lat="2.0244664" lon="103.3569227">
    <ele>449</ele>
   </trkpt>
   <trkpt lat="2.0244623" lon="103.3569352">
    <ele>449</ele>
   </trkpt>
   <trkpt lat="2.0244582" lon="103.3569477">
    <ele>449</ele>
   </trkpt>
   <trkpt lat="2.0244517" lon="103.3569897">
    <ele>449</ele>
   </trkpt>
   <trkpt lat="2.0244502" lon="103.3570063">
    <ele>449</ele>
   </trkpt>
   <trkpt lat="2.0244488" lon="103.3570228">
    <ele>449</ele>
   </trkpt>
   <trkpt lat="2.0244474" lon="103.3570393">
    <ele>449</ele>
   </trkpt>
   <trkpt lat="2.0244366" lon="103.3570943">
    <ele>449</ele>
   </trkpt>
   <trkpt lat="2.0244298" lon="103.3571123">
    <ele>449</ele>
   </trkpt>
   <trkpt lat="2.0244231" lon="103.3571303">
    <ele>449</ele>
   </trkpt>
   <trkpt lat="2.0244163" lon="103.3571483">
    <ele>449</ele>
   </trkpt>
   <trkpt lat="2.0243895" lon="103.3571918">
    <ele>449</ele>
   </trkpt>
   <trkpt lat="2.0243772" lon="103.3572024">
    <ele>449</ele>
   </trkpt>
   <trkpt lat="2.0243650" lon="103.3572130">
    <ele>449</ele>
   </trkpt>
   <trkpt lat="2.0243528" lon="103.3572237">
    <ele>449</ele>
   </trkpt>
   <trkpt lat="2.0243100" lon="103.3572561">
    <ele>448</ele>
   </trkpt>
   <trkpt lat="2.0242959" lon="103.3572680">
    <ele>448</ele>
   </trkpt>
   <trkpt lat="2.0242819" lon="103.3572800">
    <ele>447</ele>
   </trkpt>
   <trkpt lat="2.0242679" lon="103.3572920">
    <ele>447</ele>
   </trkpt>
   <trkpt lat="2.0242310" lon="103.3573329">
    <ele>446</ele>
   </trkpt>
   <trkpt lat="2.0242214" lon="103.3573483">
    <ele>446</ele>
   </trkpt>
   <trkpt lat="2.0242117" lon="103.3573638">
    <ele>446</ele>
   </trkpt>
   <trkpt lat="2.0242022" lon="103.3573793">
    <ele>446</ele>
   </trkpt>
   <trkpt lat="2.0241824" lon="103.3574302">
    <ele>445</ele>
   </trkpt>
   <trkpt lat="2.0241771" lon="103.3574481">
    <ele>445</ele>
   </trkpt>
   <trkpt lat="2.0241718" lon="103.3574663">
    <ele>445</ele>
   </trkpt>
   <trkpt lat="2.0241665" lon="103.3574844">
    <ele>445</ele>
   </trkpt>
   <trkpt lat="2.0241458" lon="103.3575398">
    <ele>444</ele>
   </trkpt>
   <trkpt lat="2.0241371" lon="103.3575579">
    <ele>444</ele>
   </trkpt>
   <trkpt lat="2.0241284" lon="103.3575761">
    <ele>443</ele>
   </trkpt>
   <trkpt lat="2.0241197" lon="103.3575943">
    <ele>443</ele>
   </trkpt>
   <trkpt lat="2.0240967" lon="103.3576422">
    <ele>442</ele>
   </trkpt>
   <trkpt lat="2.0240922" lon="103.3576541">
    <ele>442</ele>
   </trkpt>
   <trkpt lat="2.0240877" lon="103.3576660">
    <ele>441</ele>
   </trkpt>
   <trkpt lat="2.0240832" lon="103.3576779">
    <ele>441</ele>
   </trkpt>
   <trkpt lat="2.0240695" lon="103.3577056">
    <ele>440</ele>
   </trkpt>
   <trkpt lat="2.0240641" lon="103.3577143">
    <ele>440</ele>
   </trkpt>
   <trkpt lat="2.0240587" lon="103.3577229">
    <ele>439</ele>
   </trkpt>
   <trkpt lat="2.0240533" lon="103.3577317">
    <ele>439</ele>
   </trkpt>
   <trkpt lat="2.0240243" lon="103.3577490">
    <ele>438</ele>
   </trkpt>
   <trkpt lat="2.0240120" lon="103.3577512">
    <ele>438</ele>
   </trkpt>
   <trkpt lat="2.0239997" lon="103.3577534">
    <ele>437</ele>
   </trkpt>
   <trkpt lat="2.0239874" lon="103.3577557">
    <ele>437</ele>
   </trkpt>
   <trkpt lat="2.0239479" lon="103.3577610">
    <ele>436</ele>
   </trkpt>
   <trkpt lat="2.0239352" lon="103.3577622">
    <ele>436</ele>
   </trkpt>
   <trkpt lat="2.0239225" lon="103.3577634">
    <ele>435</ele>
   </trkpt>
   <trkpt lat="2.0239098" lon="103.3577646">
    <ele>435</ele>
   </trkpt>
   <trkpt lat="2.0238692" lon="103.3577696">
    <ele>434</ele>
   </trkpt>
   <trkpt lat="2.0238546" lon="103.3577698">
    <ele>433</ele>
   </trkpt>
   <trkpt lat="2.0238400" lon="103.3577701">
    <ele>432</ele>
   </trkpt>
   <trkpt lat="2.0238255" lon="103.3577704">
    <ele>432</ele>
   </trkpt>
   <trkpt lat="2.0237852" lon="103.3577640">
    <ele>431</ele>
   </trkpt>
   <trkpt lat="2.0237712" lon="103.3577619">
    <ele>431</ele>
   </trkpt>
   <trkpt lat="2.0237572" lon="103.3577598">
    <ele>430</ele>
   </trkpt>
   <trkpt lat="2.0237432" lon="103.3577576">
    <ele>430</ele>
   </trkpt>
   <trkpt lat="2.0237056" lon="103.3577507">
    <ele>429</ele>
   </trkpt>
   <trkpt lat="2.0236948" lon="103.3577484">
    <ele>429</ele>
   </trkpt>
   <trkpt lat="2.0236840" lon="103.3577461">
    <ele>428</ele>
   </trkpt>
   <trkpt lat="2.0236732" lon="103.3577438">
    <ele>428</ele>
   </trkpt>
   <trkpt lat="2.0236376" lon="103.3577469">
    <ele>427</ele>
   </trkpt>
   <trkpt lat="2.0236253" lon="103.3577526">
    <ele>427</ele>
   </trkpt>
   <trkpt lat="2.0236131" lon="103.3577584">
    <ele>427</ele>
   </trkpt>
   <trkpt lat="2.0236011" lon="103.3577642">
    <ele>427</ele>
   </trkpt>
   <trkpt lat="2.0235621" lon="103.3577835">
    <ele>426</ele>
   </trkpt>
   <trkpt lat="2.0235496" lon="103.3577896">
    <ele>425</ele>
   </trkpt>
   <trkpt lat="2.0235374" lon="103.3577957">
    <ele>424</ele>
   </trkpt>
   <trkpt lat="2.0235251" lon="103.3578019">
    <ele>424</ele>
   </trkpt>
   <trkpt lat="2.0234901" lon="103.3578187">
    <ele>423</ele>
   </trkpt>
   <trkpt lat="2.0234785" lon="103.3578236">
    <ele>423</ele>
   </trkpt>
   <trkpt lat="2.0234670" lon="103.3578285">
    <ele>422</ele>
   </trkpt>
   <trkpt lat="2.0234555" lon="103.3578335">
    <ele>422</ele>
   </trkpt>
   <trkpt lat="2.0234248" lon="103.3578566">
    <ele>421</ele>
   </trkpt>
   <trkpt lat="2.0234143" lon="103.3578675">
    <ele>421</ele>
   </trkpt>
   <trkpt lat="2.0234038" lon="103.3578784">
    <ele>420</ele>
   </trkpt>
   <trkpt lat="2.0233933" lon="103.3578894">
    <ele>420</ele>
   </trkpt>
   <trkpt lat="2.0233605" lon="103.3579249">
    <ele>419</ele>
   </trkpt>
   <trkpt lat="2.0233515" lon="103.3579355">
    <ele>419</ele>
   </trkpt>
   <trkpt lat="2.0233426" lon="103.3579461">
    <ele>418</ele>
   </trkpt>
   <trkpt lat="2.0233336" lon="103.3579568">
    <ele>418</ele>
   </trkpt>
   <trkpt lat="2.0233130" lon="103.3579795">
    <ele>417</ele>
   </trkpt>
   <trkpt lat="2.0233058" lon="103.3579846">
    <ele>417</ele>
   </trkpt>
   <trkpt lat="2.0232986" lon="103.3579897">
    <ele>417</ele>
   </trkpt>
   <trkpt lat="2.0232915" lon="103.3579948">
    <ele>417</ele>
   </trkpt>
   <trkpt lat="2.0232663" lon="103.3580037">
    <ele>416</ele>
   </trkpt>
   <trkpt lat="2.0232574" lon="103.3580051">
    <ele>416</ele>
   </trkpt>
   <trkpt lat="2.0232484" lon="103.3580066">
    <ele>415</ele>
   </trkpt>
   <trkpt lat="2.0232397" lon="103.3580081">
    <ele>415</ele>
   </trkpt>
   <trkpt lat="2.0232101" lon="103.3580081">
    <ele>414</ele>
   </trkpt>
   <trkpt lat="2.0231988" lon="103.3580087">
    <ele>414</ele>
   </trkpt>
   <trkpt lat="2.0231876" lon="103.3580096">
    <ele>414</ele>
   </trkpt>
   <trkpt lat="2.0231764" lon="103.3580104">
    <ele>414</ele>
   </trkpt>
   <trkpt lat="2.0231420" lon="103.3580069">
    <ele>413</ele>
   </trkpt>
   <trkpt lat="2.0231306" lon="103.3580053">
    <ele>413</ele>
   </trkpt>
   <trkpt lat="2.0231192" lon="103.3580038">
    <ele>412</ele>
   </trkpt>
   <trkpt lat="2.0231079" lon="103.3580023">
    <ele>412</ele>
   </trkpt>
   <trkpt lat="2.0230826" lon="103.3580105">
    <ele>411</ele>
   </trkpt>
   <trkpt lat="2.0230756" lon="103.3580149">
    <ele>411</ele>
   </trkpt>
   <trkpt lat="2.0230685" lon="103.3580194">
    <ele>410</ele>
   </trkpt>
   <trkpt lat="2.0230615" lon="103.3580239">
    <ele>410</ele>
   </trkpt>
   <trkpt lat="2.0230369" lon="103.3580388">
    <ele>409</ele>
   </trkpt>
   <trkpt lat="2.0230277" lon="103.3580430">
    <ele>409</ele>
   </trkpt>
   <trkpt lat="2.0230186" lon="103.3580472">
    <ele>408</ele>
   </trkpt>
   <trkpt lat="2.0230095" lon="103.3580515">
    <ele>408</ele>
   </trkpt>
   <trkpt lat="2.0229826" lon="103.3580692">
    <ele>407</ele>
   </trkpt>
   <trkpt lat="2.0229736" lon="103.3580777">
    <ele>407</ele>
   </trkpt>
   <trkpt lat="2.0229646" lon="103.3580863">
    <ele>407</ele>
   </trkpt>
   <trkpt lat="2.0229556" lon="103.3580949">
    <ele>407</ele>
   </trkpt>
   <trkpt lat="2.0229254" lon="103.3581242">
    <ele>406</ele>
   </trkpt>
   <trkpt lat="2.0229134" lon="103.3581343">
    <ele>405</ele>
   </trkpt>
   <trkpt lat="2.0229014" lon="103.3581444">
    <ele>404</ele>
   </trkpt>
   <trkpt lat="2.0228894" lon="103.3581545">
    <ele>404</ele>
   </trkpt>
   <trkpt lat="2.0228484" lon="103.3581811">
    <ele>403</ele>
   </trkpt>
   <trkpt lat="2.0228362" lon="103.3581886">
    <ele>403</ele>
   </trkpt>
   <trkpt lat="2.0228240" lon="103.3581961">
    <ele>402</ele>
   </trkpt>
   <trkpt lat="2.0228120" lon="103.3582036">
    <ele>402</ele>
   </trkpt>
   <trkpt lat="2.0227849" lon="103.3582288">
    <ele>401</ele>
   </trkpt>
   <trkpt lat="2.0227763" lon="103.3582373">
    <ele>401</ele>
   </trkpt>
   <trkpt lat="2.0227678" lon="103.3582458">
    <ele>400</ele>
   </trkpt>
   <trkpt lat="2.0227593" lon="103.3582544">
    <ele>400</ele>
   </trkpt>
   <trkpt lat="2.0227322" lon="103.3582784">
    <ele>399</ele>
   </trkpt>
   <trkpt lat="2.0227282" lon="103.3582814">
    <ele>399</ele>
   </trkpt>
   <trkpt lat="2.0227244" lon="103.3582845">
    <ele>398</ele>
   </trkpt>
   <trkpt lat="2.0227206" lon="103.3582876">
    <ele>398</ele>
   </trkpt>
   <trkpt lat="2.0226987" lon="103.3582981">
    <ele>397</ele>
   </trkpt>
   <trkpt lat="2.0226905" lon="103.3583018">
    <ele>397</ele>
   </trkpt>
   <trkpt lat="2.0226823" lon="103.3583055">
    <ele>397</ele>
   </trkpt>
   <trkpt lat="2.0226742" lon="103.3583093">
    <ele>397</ele>
   </trkpt>
   <trkpt lat="2.0226487" lon="103.3583204">
    <ele>396</ele>
   </trkpt>
   <trkpt lat="2.0226382" lon="103.3583251">
    <ele>396</ele>
   </trkpt>
   <trkpt lat="2.0226277" lon="103.3583298">
    <ele>395</ele>
   </trkpt>
   <trkpt lat="2.0226173" lon="103.3583345">
    <ele>395</ele>
   </trkpt>
   <trkpt lat="2.0225787" lon="103.3583505">
    <ele>394</ele>
   </trkpt>
   <trkpt lat="2.0225646" lon="103.3583552">
    <ele>394</ele>
   </trkpt>
   <trkpt lat="2.0225504" lon="103.3583600">
    <ele>393</ele>
   </trkpt>
   <trkpt lat="2.0225363" lon="103.3583648">
    <ele>393</ele>
   </trkpt>
   <trkpt lat="2.0224997" lon="103.3583734">
    <ele>392</ele>
   </trkpt>
   <trkpt lat="2.0224891" lon="103.3583748">
    <ele>392</ele>
   </trkpt>
   <trkpt lat="2.0224785" lon="103.3583762">
    <ele>392</ele>
   </trkpt>
   <trkpt lat="2.0224680" lon="103.3583776">
    <ele>392</ele>
   </trkpt>
   <trkpt lat="2.0224433" lon="103.3583816">
    <ele>391</ele>
   </trkpt>
   <trkpt lat="2.0224367" lon="103.3583784">
    <ele>391</ele>
   </trkpt>
   <trkpt lat="2.0224300" lon="103.3583752">
    <ele>390</ele>
   </trkpt>
   <trkpt lat="2.0224232" lon="103.3583720">
    <ele>390</ele>
   </trkpt>
   <trkpt lat="2.0224169" lon="103.3583374">
    <ele>389</ele>
   </trkpt>
   <trkpt lat="2.0224192" lon="103.3583206">
    <ele>389</ele>
   </trkpt>
   <trkpt lat="2.0224215" lon="103.3583040">
    <ele>389</ele>
   </trkpt>
   <trkpt lat="2.0224239" lon="103.3582873">
    <ele>389</ele>
   </trkpt>
   <trkpt lat="2.0224321" lon="103.3582303">
    <ele>388</ele>
   </trkpt>
   <trkpt lat="2.0224325" lon="103.3582098">
    <ele>388</ele>
   </trkpt>
   <trkpt lat="2.0224329" lon="103.3581893">
    <ele>388</ele>
   </trkpt>
   <trkpt lat="2.0224333" lon="103.3581688">
    <ele>388</ele>
   </trkpt>
   <trkpt lat="2.0224316" lon="103.3581099">
    <ele>387</ele>
   </trkpt>
   <trkpt lat="2.0224302" lon="103.3580912">
    <ele>387</ele>
   </trkpt>
   <trkpt lat="2.0224288" lon="103.3580725">
    <ele>387</ele>
   </trkpt>
   <trkpt lat="2.0224274" lon="103.3580537">
    <ele>387</ele>
   </trkpt>
   <trkpt lat="2.0224279" lon="103.3579992">
    <ele>387</ele>
   </trkpt>
   <trkpt lat="2.0224307" lon="103.3579817">
    <ele>387</ele>
   </trkpt>
   <trkpt lat="2.0224336" lon="103.3579642">
    <ele>387</ele>
   </trkpt>
   <trkpt lat="2.0224365" lon="103.3579467">
    <ele>387</ele>
   </trkpt>
   <trkpt lat="2.0224533" lon="103.3579026">
    <ele>387</ele>
   </trkpt>
   <trkpt lat="2.0224605" lon="103.3578893">
    <ele>387</ele>
   </trkpt>
   <trkpt lat="2.0224677" lon="103.3578760">
    <ele>387</ele>
   </trkpt>
   <trkpt lat="2.0224749" lon="103.3578628">
    <ele>387</ele>
   </trkpt>
   <trkpt lat="2.0224989" lon="103.3578186">
    <ele>387</ele>
   </trkpt>
   <trkpt lat="2.0225061" lon="103.3578028">
    <ele>387</ele>
   </trkpt>
   <trkpt lat="2.0225133" lon="103.3577870">
    <ele>387</ele>
   </trkpt>
   <trkpt lat="2.0225205" lon="103.3577712">
    <ele>387</ele>
   </trkpt>
   <trkpt lat="2.0225386" lon="103.3577257">
    <ele>387</ele>
   </trkpt>
   <trkpt lat="2.0225447" lon="103.3577089">
    <ele>387</ele>
   </trkpt>
   <trkpt lat="2.0225508" lon="103.3576922">
    <ele>387</ele>
   </trkpt>
   <trkpt lat="2.0225570" lon="103.3576755">
    <ele>388</ele>
   </trkpt>
   <trkpt lat="2.0225774" lon="103.3576216">
    <ele>387</ele>
   </trkpt>
   <trkpt lat="2.0225835" lon="103.3576050">
    <ele>387</ele>
   </trkpt>
   <trkpt lat="2.0225896" lon="103.3575884">
    <ele>387</ele>
   </trkpt>
   <trkpt lat="2.0225958" lon="103.3575719">
    <ele>387</ele>
   </trkpt>
   <trkpt lat="2.0226118" lon="103.3575262">
    <ele>387</ele>
   </trkpt>
   <trkpt lat="2.0226170" lon="103.3575108">
    <ele>387</ele>
   </trkpt>
   <trkpt lat="2.0226222" lon="103.3574954">
    <ele>387</ele>
   </trkpt>
   <trkpt lat="2.0226274" lon="103.3574801">
    <ele>387</ele>
   </trkpt>
   <trkpt lat="2.0226411" lon="103.3574299">
    <ele>387</ele>
   </trkpt>
   <trkpt lat="2.0226435" lon="103.3574132">
    <ele>387</ele>
   </trkpt>
   <trkpt lat="2.0226459" lon="103.3573964">
    <ele>387</ele>
   </trkpt>
   <trkpt lat="2.0226484" lon="103.3573798">
    <ele>387</ele>
   </trkpt>
   <trkpt lat="2.0226497" lon="103.3573277">
    <ele>386</ele>
   </trkpt>
   <trkpt lat="2.0226509" lon="103.3573107">
    <ele>386</ele>
   </trkpt>
   <trkpt lat="2.0226521" lon="103.3572939">
    <ele>385</ele>
   </trkpt>
   <trkpt lat="2.0226534" lon="103.3572770">
    <ele>385</ele>
   </trkpt>
   <trkpt lat="2.0226603" lon="103.3572331">
    <ele>384</ele>
   </trkpt>
   <trkpt lat="2.0226617" lon="103.3572195">
    <ele>384</ele>
   </trkpt>
   <trkpt lat="2.0226631" lon="103.3572061">
    <ele>384</ele>
   </trkpt>
   <trkpt lat="2.0226645" lon="103.3571926">
    <ele>384</ele>
   </trkpt>
   <trkpt lat="2.0226590" lon="103.3571558">
    <ele>383</ele>
   </trkpt>
   <trkpt lat="2.0226531" lon="103.3571443">
    <ele>383</ele>
   </trkpt>
   <trkpt lat="2.0226473" lon="103.3571329">
    <ele>382</ele>
   </trkpt>
   <trkpt lat="2.0226415" lon="103.3571215">
    <ele>382</ele>
   </trkpt>
   <trkpt lat="2.0226092" lon="103.3570868">
    <ele>381</ele>
   </trkpt>
   <trkpt lat="2.0225947" lon="103.3570757">
    <ele>381</ele>
   </trkpt>
   <trkpt lat="2.0225803" lon="103.3570647">
    <ele>380</ele>
   </trkpt>
   <trkpt lat="2.0225659" lon="103.3570537">
    <ele>380</ele>
   </trkpt>
   <trkpt lat="2.0225133" lon="103.3570266">
    <ele>379</ele>
   </trkpt>
   <trkpt lat="2.0224940" lon="103.3570173">
    <ele>379</ele>
   </trkpt>
   <trkpt lat="2.0224747" lon="103.3570081">
    <ele>378</ele>
   </trkpt>
   <trkpt lat="2.0224554" lon="103.3569988">
    <ele>378</ele>
   </trkpt>
   <trkpt lat="2.0224053" lon="103.3569653">
    <ele>377</ele>
   </trkpt>
   <trkpt lat="2.0223912" lon="103.3569535">
    <ele>377</ele>
   </trkpt>
   <trkpt lat="2.0223774" lon="103.3569418">
    <ele>376</ele>
   </trkpt>
   <trkpt lat="2.0223635" lon="103.3569301">
    <ele>376</ele>
   </trkpt>
   <trkpt lat="2.0223234" lon="103.3568938">
    <ele>375</ele>
   </trkpt>
   <trkpt lat="2.0223083" lon="103.3568829">
    <ele>375</ele>
   </trkpt>
   <trkpt lat="2.0222932" lon="103.3568721">
    <ele>375</ele>
   </trkpt>
   <trkpt lat="2.0222781" lon="103.3568613">
    <ele>375</ele>
   </trkpt>
   <trkpt lat="2.0222272" lon="103.3568354">
    <ele>374</ele>
   </trkpt>
   <trkpt lat="2.0222099" lon="103.3568279">
    <ele>374</ele>
   </trkpt>
   <trkpt lat="2.0221926" lon="103.3568204">
    <ele>374</ele>
   </trkpt>
   <trkpt lat="2.0221754" lon="103.3568130">
    <ele>374</ele>
   </trkpt>
   <trkpt lat="2.0221300" lon="103.3567841">
    <ele>373</ele>
   </trkpt>
   <trkpt lat="2.0221165" lon="103.3567724">
    <ele>373</ele>
   </trkpt>
   <trkpt lat="2.0221030" lon="103.3567607">
    <ele>373</ele>
   </trkpt>
   <trkpt lat="2.0220896" lon="103.3567489">
    <ele>373</ele>
   </trkpt>
   <trkpt lat="2.0220477" lon="103.3567126">
    <ele>372</ele>
   </trkpt>
   <trkpt lat="2.0220321" lon="103.3566998">
    <ele>372</ele>
   </trkpt>
   <trkpt lat="2.0220166" lon="103.3566869">
    <ele>371</ele>
   </trkpt>
   <trkpt lat="2.0220011" lon="103.3566742">
    <ele>371</ele>
   </trkpt>
   <trkpt lat="2.0219519" lon="103.3566339">
    <ele>370</ele>
   </trkpt>
   <trkpt lat="2.0219371" lon="103.3566200">
    <ele>370</ele>
   </trkpt>
   <trkpt lat="2.0219223" lon="103.3566060">
    <ele>370</ele>
   </trkpt>
   <trkpt lat="2.0219077" lon="103.3565923">
    <ele>370</ele>
   </trkpt>
   <trkpt lat="2.0218693" lon="103.3565490">
    <ele>370</ele>
   </trkpt>
   <trkpt lat="2.0218577" lon="103.3565348">
    <ele>370</ele>
   </trkpt>
   <trkpt lat="2.0218461" lon="103.3565206">
    <ele>370</ele>
   </trkpt>
   <trkpt lat="2.0218346" lon="103.3565064">
    <ele>370</ele>
   </trkpt>
   <trkpt lat="2.0218052" lon="103.3564651">
    <ele>369</ele>
   </trkpt>
   <trkpt lat="2.0217959" lon="103.3564508">
    <ele>369</ele>
   </trkpt>
   <trkpt lat="2.0217867" lon="103.3564365">
    <ele>369</ele>
   </trkpt>
   <trkpt lat="2.0217774" lon="103.3564222">
    <ele>369</ele>
   </trkpt>
   <trkpt lat="2.0217391" lon="103.3563786">
    <ele>369</ele>
   </trkpt>
   <trkpt lat="2.0217220" lon="103.3563670">
    <ele>369</ele>
   </trkpt>
   <trkpt lat="2.0217049" lon="103.3563553">
    <ele>369</ele>
   </trkpt>
   <trkpt lat="2.0216879" lon="103.3563436">
    <ele>369</ele>
   </trkpt>
   <trkpt lat="2.0216383" lon="103.3563123">
    <ele>368</ele>
   </trkpt>
   <trkpt lat="2.0216241" lon="103.3563020">
    <ele>368</ele>
   </trkpt>
   <trkpt lat="2.0216100" lon="103.3562917">
    <ele>368</ele>
   </trkpt>
   <trkpt lat="2.0215959" lon="103.3562814">
    <ele>368</ele>
   </trkpt>
   <trkpt lat="2.0215605" lon="103.3562536">
    <ele>368</ele>
   </trkpt>
   <trkpt lat="2.0215529" lon="103.3562461">
    <ele>368</ele>
   </trkpt>
   <trkpt lat="2.0215453" lon="103.3562386">
    <ele>368</ele>
   </trkpt>
   <trkpt lat="2.0215378" lon="103.3562312">
    <ele>368</ele>
   </trkpt>
   <trkpt lat="2.0215238" lon="103.3562140">
    <ele>368</ele>
   </trkpt>
   <trkpt lat="2.0215188" lon="103.3562088">
    <ele>368</ele>
   </trkpt>
   <trkpt lat="2.0215139" lon="103.3562037">
    <ele>368</ele>
   </trkpt>
   <trkpt lat="2.0215090" lon="103.3561986">
    <ele>368</ele>
   </trkpt>
   <trkpt lat="2.0214902" lon="103.3561889">
    <ele>368</ele>
   </trkpt>
   <trkpt lat="2.0214823" lon="103.3561849">
    <ele>368</ele>
   </trkpt>
   <trkpt lat="2.0214743" lon="103.3561809">
    <ele>368</ele>
   </trkpt>
   <trkpt lat="2.0214665" lon="103.3561769">
    <ele>368</ele>
   </trkpt>
   <trkpt lat="2.0214369" lon="103.3561656">
    <ele>368</ele>
   </trkpt>
   <trkpt lat="2.0214271" lon="103.3561620">
    <ele>368</ele>
   </trkpt>
   <trkpt lat="2.0214173" lon="103.3561585">
    <ele>368</ele>
   </trkpt>
   <trkpt lat="2.0214076" lon="103.3561550">
    <ele>368</ele>
   </trkpt>
   <trkpt lat="2.0213796" lon="103.3561490">
    <ele>368</ele>
   </trkpt>
   <trkpt lat="2.0213705" lon="103.3561475">
    <ele>368</ele>
   </trkpt>
   <trkpt lat="2.0213614" lon="103.3561460">
    <ele>368</ele>
   </trkpt>
   <trkpt lat="2.0213523" lon="103.3561445">
    <ele>368</ele>
   </trkpt>
   <trkpt lat="2.0213256" lon="103.3561352">
    <ele>368</ele>
   </trkpt>
   <trkpt lat="2.0213172" lon="103.3561313">
    <ele>368</ele>
   </trkpt>
   <trkpt lat="2.0213088" lon="103.3561274">
    <ele>368</ele>
   </trkpt>
   <trkpt lat="2.0213005" lon="103.3561236">
    <ele>368</ele>
   </trkpt>
   <trkpt lat="2.0212753" lon="103.3561168">
    <ele>368</ele>
   </trkpt>
   <trkpt lat="2.0212662" lon="103.3561164">
    <ele>368</ele>
   </trkpt>
   <trkpt lat="2.0212571" lon="103.3561160">
    <ele>368</ele>
   </trkpt>
   <trkpt lat="2.0212481" lon="103.3561156">
    <ele>368</ele>
   </trkpt>
   <trkpt lat="2.0212198" lon="103.3561172">
    <ele>368</ele>
   </trkpt>
   <trkpt lat="2.0212108" lon="103.3561175">
    <ele>368</ele>
   </trkpt>
   <trkpt lat="2.0212018" lon="103.3561177">
    <ele>368</ele>
   </trkpt>
   <trkpt lat="2.0211928" lon="103.3561179">
    <ele>368</ele>
   </trkpt>
   <trkpt lat="2.0211657" lon="103.3561112">
    <ele>368</ele>
   </trkpt>
   <trkpt lat="2.0211575" lon="103.3561067">
    <ele>368</ele>
   </trkpt>
   <trkpt lat="2.0211493" lon="103.3561022">
    <ele>368</ele>
   </trkpt>
   <trkpt lat="2.0211411" lon="103.3560978">
    <ele>368</ele>
   </trkpt>
   <trkpt lat="2.0211207" lon="103.3560825">
    <ele>368</ele>
   </trkpt>
   <trkpt lat="2.0211140" lon="103.3560778">
    <ele>368</ele>
   </trkpt>
   <trkpt lat="2.0211073" lon="103.3560731">
    <ele>368</ele>
   </trkpt>
   <trkpt lat="2.0211007" lon="103.3560685">
    <ele>368</ele>
   </trkpt>
   <trkpt lat="2.0210842" lon="103.3560554">
    <ele>368</ele>
   </trkpt>
   <trkpt lat="2.0210820" lon="103.3560525">
    <ele>368</ele>
   </trkpt>
   <trkpt lat="2.0210798" lon="103.3560496">
    <ele>368</ele>
   </trkpt>
   <trkpt lat="2.0210777" lon="103.3560466">
    <ele>369</ele>
   </trkpt>
   <trkpt lat="2.0210685" lon="103.3560283">
    <ele>369</ele>
   </trkpt>
   <trkpt lat="2.0210649" lon="103.3560221">
    <ele>369</ele>
   </trkpt>
   <trkpt lat="2.0210613" lon="103.3560159">
    <ele>369</ele>
   </trkpt>
   <trkpt lat="2.0210579" lon="103.3560098">
    <ele>369</ele>
   </trkpt>
   <trkpt lat="2.0210423" lon="103.3559896">
    <ele>369</ele>
   </trkpt>
   <trkpt lat="2.0210375" lon="103.3559832">
    <ele>369</ele>
   </trkpt>
   <trkpt lat="2.0210328" lon="103.3559767">
    <ele>369</ele>
   </trkpt>
   <trkpt lat="2.0210281" lon="103.3559704">
    <ele>370</ele>
   </trkpt>
   <trkpt lat="2.0210187" lon="103.3559578">
    <ele>370</ele>
   </trkpt>
   <trkpt lat="2.0210156" lon="103.3559541">
    <ele>370</ele>
   </trkpt>
   <trkpt lat="2.0210125" lon="103.3559505">
    <ele>370</ele>
   </trkpt>
   <trkpt lat="2.0210095" lon="103.3559469">
    <ele>371</ele>
   </trkpt>
   <trkpt lat="2.0210022" lon="103.3559323">
    <ele>371</ele>
   </trkpt>
   <trkpt lat="2.0210015" lon="103.3559265">
    <ele>371</ele>
   </trkpt>
   <trkpt lat="2.0210009" lon="103.3559207">
    <ele>371</ele>
   </trkpt>
   <trkpt lat="2.0210003" lon="103.3559149">
    <ele>371</ele>
   </trkpt>
   <trkpt lat="2.0209971" lon="103.3559003">
    <ele>371</ele>
   </trkpt>
   <trkpt lat="2.0209954" lon="103.3558940">
    <ele>371</ele>
   </trkpt>
   <trkpt lat="2.0209937" lon="103.3558878">
    <ele>371</ele>
   </trkpt>
   <trkpt lat="2.0209921" lon="103.3558816">
    <ele>372</ele>
   </trkpt>
   <trkpt lat="2.0209869" lon="103.3558574">
    <ele>372</ele>
   </trkpt>
   <trkpt lat="2.0209851" lon="103.3558481">
    <ele>372</ele>
   </trkpt>
   <trkpt lat="2.0209833" lon="103.3558389">
    <ele>372</ele>
   </trkpt>
   <trkpt lat="2.0209816" lon="103.3558297">
    <ele>372</ele>
   </trkpt>
   <trkpt lat="2.0209778" lon="103.3557998">
    <ele>372</ele>
   </trkpt>
   <trkpt lat="2.0209776" lon="103.3557912">
    <ele>372</ele>
   </trkpt>
   <trkpt lat="2.0209774" lon="103.3557826">
    <ele>372</ele>
   </trkpt>
   <trkpt lat="2.0209772" lon="103.3557740">
    <ele>373</ele>
   </trkpt>
   <trkpt lat="2.0209807" lon="103.3557500">
    <ele>373</ele>
   </trkpt>
   <trkpt lat="2.0209828" lon="103.3557412">
    <ele>373</ele>
   </trkpt>
   <trkpt lat="2.0209849" lon="103.3557325">
    <ele>373</ele>
   </trkpt>
   <trkpt lat="2.0209870" lon="103.3557238">
    <ele>373</ele>
   </trkpt>
   <trkpt lat="2.0209956" lon="103.3556971">
    <ele>373</ele>
   </trkpt>
   <trkpt lat="2.0209992" lon="103.3556889">
    <ele>373</ele>
   </trkpt>
   <trkpt lat="2.0210028" lon="103.3556808">
    <ele>373</ele>
   </trkpt>
   <trkpt lat="2.0210064" lon="103.3556727">
    <ele>373</ele>
   </trkpt>
   <trkpt lat="2.0210127" lon="103.3556538">
    <ele>373</ele>
   </trkpt>
   <trkpt lat="2.0210142" lon="103.3556486">
    <ele>373</ele>
   </trkpt>
   <trkpt lat="2.0210157" lon="103.3556435">
    <ele>373</ele>
   </trkpt>
   <trkpt lat="2.0210172" lon="103.3556384">
    <ele>374</ele>
   </trkpt>
   <trkpt lat="2.0210206" lon="103.3556257">
    <ele>374</ele>
   </trkpt>
   <trkpt lat="2.0210210" lon="103.3556237">
    <ele>374</ele>
   </trkpt>
   <trkpt lat="2.0210213" lon="103.3556217">
    <ele>374</ele>
   </trkpt>
   <trkpt lat="2.0210216" lon="103.3556197">
    <ele>375</ele>
   </trkpt>
   <trkpt lat="2.0210220" lon="103.3556178">
    <ele>375</ele>
   </trkpt>
   <trkpt lat="2.0210209" lon="103.3556056">
    <ele>375</ele>
   </trkpt>
   <trkpt lat="2.0210200" lon="103.3556019">
    <ele>375</ele>
   </trkpt>
   <trkpt lat="2.0210191" lon="103.3555982">
    <ele>375</ele>
   </trkpt>
   <trkpt lat="2.0210183" lon="103.3555946">
    <ele>375</ele>
   </trkpt>
   <trkpt lat="2.0210176" lon="103.3555847">
    <ele>375</ele>
   </trkpt>
   <trkpt lat="2.0210187" lon="103.3555808">
    <ele>375</ele>
   </trkpt>
   <trkpt lat="2.0210197" lon="103.3555769">
    <ele>376</ele>
   </trkpt>
   <trkpt lat="2.0210206" lon="103.3555730">
    <ele>376</ele>
   </trkpt>
   <trkpt lat="2.0210240" lon="103.3555645">
    <ele>376</ele>
   </trkpt>
   <trkpt lat="2.0210266" lon="103.3555581">
    <ele>376</ele>
   </trkpt>
   <trkpt lat="2.0210292" lon="103.3555517">
    <ele>377</ele>
   </trkpt>
   <trkpt lat="2.0210319" lon="103.3555453">
    <ele>377</ele>
   </trkpt>
   <trkpt lat="2.0210364" lon="103.3555262">
    <ele>377</ele>
   </trkpt>
   <trkpt lat="2.0210373" lon="103.3555206">
    <ele>377</ele>
   </trkpt>
   <trkpt lat="2.0210382" lon="103.3555150">
    <ele>378</ele>
   </trkpt>
   <trkpt lat="2.0210392" lon="103.3555094">
    <ele>378</ele>
   </trkpt>
   <trkpt lat="2.0210410" lon="103.3555042">
    <ele>378</ele>
   </trkpt>
   <trkpt lat="2.0210428" lon="103.3554990">
    <ele>378</ele>
   </trkpt>
   <trkpt lat="2.0210447" lon="103.3554939">
    <ele>379</ele>
   </trkpt>
   <trkpt lat="2.0210449" lon="103.3554810">
    <ele>379</ele>
   </trkpt>
   <trkpt lat="2.0210447" lon="103.3554755">
    <ele>379</ele>
   </trkpt>
   <trkpt lat="2.0210445" lon="103.3554700">
    <ele>379</ele>
   </trkpt>
   <trkpt lat="2.0210442" lon="103.3554646">
    <ele>380</ele>
   </trkpt>
   <trkpt lat="2.0210450" lon="103.3554580">
    <ele>380</ele>
   </trkpt>
   <trkpt lat="2.0210458" lon="103.3554515">
    <ele>380</ele>
   </trkpt>
   <trkpt lat="2.0210466" lon="103.3554450">
    <ele>380</ele>
   </trkpt>
   <trkpt lat="2.0210460" lon="103.3554397">
    <ele>380</ele>
   </trkpt>
   <trkpt lat="2.0210455" lon="103.3554345">
    <ele>380</ele>
   </trkpt>
   <trkpt lat="2.0210450" lon="103.3554293">
    <ele>380</ele>
   </trkpt>
   <trkpt lat="2.0210363" lon="103.3554214">
    <ele>380</ele>
   </trkpt>
   <trkpt lat="2.0210311" lon="103.3554202">
    <ele>381</ele>
   </trkpt>
   <trkpt lat="2.0210259" lon="103.3554190">
    <ele>381</ele>
   </trkpt>
   <trkpt lat="2.0210208" lon="103.3554178">
    <ele>381</ele>
   </trkpt>
   <trkpt lat="2.0210045" lon="103.3554131">
    <ele>381</ele>
   </trkpt>
   <trkpt lat="2.0209984" lon="103.3554120">
    <ele>381</ele>
   </trkpt>
   <trkpt lat="2.0209923" lon="103.3554109">
    <ele>381</ele>
   </trkpt>
   <trkpt lat="2.0209862" lon="103.3554099">
    <ele>381</ele>
   </trkpt>
   <trkpt lat="2.0209666" lon="103.3554054">
    <ele>381</ele>
   </trkpt>
   <trkpt lat="2.0209631" lon="103.3554014">
    <ele>382</ele>
   </trkpt>
   <trkpt lat="2.0209596" lon="103.3553974">
    <ele>382</ele>
   </trkpt>
   <trkpt lat="2.0209562" lon="103.3553935">
    <ele>382</ele>
   </trkpt>
   <trkpt lat="2.0209543" lon="103.3553789">
    <ele>382</ele>
   </trkpt>
   <trkpt lat="2.0209533" lon="103.3553746">
    <ele>382</ele>
   </trkpt>
   <trkpt lat="2.0209522" lon="103.3553703">
    <ele>382</ele>
   </trkpt>
   <trkpt lat="2.0209514" lon="103.3553661">
    <ele>382</ele>
   </trkpt>
   <trkpt lat="2.0209476" lon="103.3553545">
    <ele>382</ele>
   </trkpt>
   <trkpt lat="2.0209427" lon="103.3553513">
    <ele>383</ele>
   </trkpt>
   <trkpt lat="2.0209378" lon="103.3553482">
    <ele>383</ele>
   </trkpt>
   <trkpt lat="2.0209329" lon="103.3553450">
    <ele>383</ele>
   </trkpt>
   <trkpt lat="2.0209145" lon="103.3553354">
    <ele>383</ele>
   </trkpt>
   <trkpt lat="2.0209088" lon="103.3553333">
    <ele>383</ele>
   </trkpt>
   <trkpt lat="2.0209033" lon="103.3553313">
    <ele>383</ele>
   </trkpt>
   <trkpt lat="2.0208978" lon="103.3553292">
    <ele>383</ele>
   </trkpt>
   <trkpt lat="2.0208849" lon="103.3553271">
    <ele>383</ele>
   </trkpt>
   <trkpt lat="2.0208788" lon="103.3553160">
    <ele>386</ele>
   </trkpt>
   <trkpt lat="2.0208711" lon="103.3552998">
    <ele>387</ele>
   </trkpt>
   <trkpt lat="2.0208605" lon="103.3552712">
    <ele>392</ele>
   </trkpt>
   <trkpt lat="2.0208463" lon="103.3552512">
    <ele>394</ele>
   </trkpt>
   <trkpt lat="2.0208271" lon="103.3552273">
    <ele>394</ele>
   </trkpt>
   <trkpt lat="2.0208127" lon="103.3552088">
    <ele>396</ele>
   </trkpt>
   <trkpt lat="2.0208031" lon="103.3551949">
    <ele>396</ele>
   </trkpt>
   <trkpt lat="2.0207898" lon="103.3551840">
    <ele>398</ele>
   </trkpt>
   <trkpt lat="2.0207761" lon="103.3551779">
    <ele>398</ele>
   </trkpt>
   <trkpt lat="2.0207720" lon="103.3551752">
    <ele>398</ele>
   </trkpt>
   <trkpt lat="2.0207679" lon="103.3551725">
    <ele>398</ele>
   </trkpt>
   <trkpt lat="2.0207638" lon="103.3551699">
    <ele>399</ele>
   </trkpt>
   <trkpt lat="2.0207627" lon="103.3551674">
    <ele>399</ele>
   </trkpt>
   <trkpt lat="2.0207617" lon="103.3551649">
    <ele>399</ele>
   </trkpt>
   <trkpt lat="2.0207607" lon="103.3551624">
    <ele>399</ele>
   </trkpt>
   <trkpt lat="2.0207597" lon="103.3551599">
    <ele>400</ele>
   </trkpt>
   <trkpt lat="2.0207587" lon="103.3551574">
    <ele>400</ele>
   </trkpt>
   <trkpt lat="2.0207544" lon="103.3551471">
    <ele>400</ele>
   </trkpt>
   <trkpt lat="2.0207517" lon="103.3551447">
    <ele>400</ele>
   </trkpt>
   <trkpt lat="2.0207489" lon="103.3551423">
    <ele>401</ele>
   </trkpt>
   <trkpt lat="2.0207461" lon="103.3551400">
    <ele>401</ele>
   </trkpt>
   <trkpt lat="2.0207399" lon="103.3551372">
    <ele>401</ele>
   </trkpt>
   <trkpt lat="2.0207359" lon="103.3551361">
    <ele>401</ele>
   </trkpt>
   <trkpt lat="2.0207319" lon="103.3551351">
    <ele>402</ele>
   </trkpt>
   <trkpt lat="2.0207278" lon="103.3551341">
    <ele>402</ele>
   </trkpt>
   <trkpt lat="2.0207183" lon="103.3551353">
    <ele>402</ele>
   </trkpt>
   <trkpt lat="2.0207161" lon="103.3551345">
    <ele>402</ele>
   </trkpt>
   <trkpt lat="2.0207137" lon="103.3551338">
    <ele>403</ele>
   </trkpt>
   <trkpt lat="2.0207116" lon="103.3551331">
    <ele>403</ele>
   </trkpt>
   <trkpt lat="2.0206937" lon="103.3551236">
    <ele>408</ele>
   </trkpt>
   <trkpt lat="2.0206694" lon="103.3551104">
    <ele>413</ele>
   </trkpt>
   <trkpt lat="2.0206399" lon="103.3550946">
    <ele>413</ele>
   </trkpt>
   <trkpt lat="2.0206349" lon="103.3550920">
    <ele>413</ele>
   </trkpt>
   <trkpt lat="2.0206300" lon="103.3550896">
    <ele>413</ele>
   </trkpt>
   <trkpt lat="2.0206251" lon="103.3550872">
    <ele>414</ele>
   </trkpt>
   <trkpt lat="2.0206202" lon="103.3550849">
    <ele>414</ele>
   </trkpt>
   <trkpt lat="2.0206113" lon="103.3550748">
    <ele>414</ele>
   </trkpt>
   <trkpt lat="2.0206084" lon="103.3550603">
    <ele>416</ele>
   </trkpt>
   <trkpt lat="2.0206087" lon="103.3550513">
    <ele>416</ele>
   </trkpt>
   <trkpt lat="2.0206092" lon="103.3550480">
    <ele>416</ele>
   </trkpt>
   <trkpt lat="2.0206098" lon="103.3550448">
    <ele>416</ele>
   </trkpt>
   <trkpt lat="2.0206103" lon="103.3550416">
    <ele>416</ele>
   </trkpt>
   <trkpt lat="2.0206072" lon="103.3550327">
    <ele>416</ele>
   </trkpt>
   <trkpt lat="2.0205918" lon="103.3550242">
    <ele>420</ele>
   </trkpt>
   <trkpt lat="2.0205809" lon="103.3550139">
    <ele>420</ele>
   </trkpt>
   <trkpt lat="2.0205793" lon="103.3550102">
    <ele>420</ele>
   </trkpt>
   <trkpt lat="2.0205777" lon="103.3550066">
    <ele>420</ele>
   </trkpt>
   <trkpt lat="2.0205762" lon="103.3550030">
    <ele>420</ele>
   </trkpt>
   <trkpt lat="2.0205656" lon="103.3549831">
    <ele>425</ele>
   </trkpt>
   <trkpt lat="2.0205455" lon="103.3549618">
    <ele>428</ele>
   </trkpt>
   <trkpt lat="2.0205198" lon="103.3549387">
    <ele>428</ele>
   </trkpt>
   <trkpt lat="2.0204863" lon="103.3549225">
    <ele>433</ele>
   </trkpt>
   <trkpt lat="2.0204688" lon="103.3549001">
    <ele>437</ele>
   </trkpt>
   <trkpt lat="2.0204524" lon="103.3548739">
    <ele>440</ele>
   </trkpt>
   <trkpt lat="2.0204320" lon="103.3548440">
    <ele>440</ele>
   </trkpt>
   <trkpt lat="2.0204284" lon="103.3548391">
    <ele>440</ele>
   </trkpt>
   <trkpt lat="2.0204247" lon="103.3548342">
    <ele>440</ele>
   </trkpt>
   <trkpt lat="2.0204212" lon="103.3548294">
    <ele>441</ele>
   </trkpt>
   <trkpt lat="2.0204177" lon="103.3548246">
    <ele>441</ele>
   </trkpt>
   <trkpt lat="2.0204066" lon="103.3548090">
    <ele>441</ele>
   </trkpt>
   <trkpt lat="2.0203997" lon="103.3548014">
    <ele>442</ele>
   </trkpt>
   <trkpt lat="2.0203907" lon="103.3547906">
    <ele>442</ele>
   </trkpt>
   <trkpt lat="2.0203888" lon="103.3547870">
    <ele>442</ele>
   </trkpt>
   <trkpt lat="2.0203869" lon="103.3547835">
    <ele>442</ele>
   </trkpt>
   <trkpt lat="2.0203851" lon="103.3547800">
    <ele>443</ele>
   </trkpt>
   <trkpt lat="2.0203749" lon="103.3547718">
    <ele>445</ele>
   </trkpt>
   <trkpt lat="2.0203599" lon="103.3547611">
    <ele>445</ele>
   </trkpt>
   <trkpt lat="2.0203562" lon="103.3547574">
    <ele>445</ele>
   </trkpt>
   <trkpt lat="2.0203525" lon="103.3547538">
    <ele>446</ele>
   </trkpt>
   <trkpt lat="2.0203488" lon="103.3547502">
    <ele>446</ele>
   </trkpt>
   <trkpt lat="2.0203379" lon="103.3547286">
    <ele>450</ele>
   </trkpt>
   <trkpt lat="2.0203281" lon="103.3547101">
    <ele>450</ele>
   </trkpt>
   <trkpt lat="2.0203257" lon="103.3547064">
    <ele>450</ele>
   </trkpt>
   <trkpt lat="2.0203233" lon="103.3547028">
    <ele>450</ele>
   </trkpt>
   <trkpt lat="2.0203209" lon="103.3546992">
    <ele>450</ele>
   </trkpt>
   <trkpt lat="2.0203108" lon="103.3546855">
    <ele>450</ele>
   </trkpt>
   <trkpt lat="2.0203069" lon="103.3546795">
    <ele>450</ele>
   </trkpt>
   <trkpt lat="2.0203031" lon="103.3546735">
    <ele>450</ele>
   </trkpt>
   <trkpt lat="2.0202993" lon="103.3546675">
    <ele>451</ele>
   </trkpt>
   <trkpt lat="2.0202867" lon="103.3546563">
    <ele>451</ele>
   </trkpt>
   <trkpt lat="2.0202760" lon="103.3546525">
    <ele>453</ele>
   </trkpt>
   <trkpt lat="2.0202654" lon="103.3546451">
    <ele>453</ele>
   </trkpt>
   <trkpt lat="2.0202634" lon="103.3546414">
    <ele>453</ele>
   </trkpt>
   <trkpt lat="2.0202614" lon="103.3546377">
    <ele>453</ele>
   </trkpt>
   <trkpt lat="2.0202595" lon="103.3546340">
    <ele>453</ele>
   </trkpt>
   <trkpt lat="2.0202543" lon="103.3546219">
    <ele>453</ele>
   </trkpt>
   <trkpt lat="2.0202473" lon="103.3546157">
    <ele>454</ele>
   </trkpt>
   <trkpt lat="2.0202429" lon="103.3546132">
    <ele>455</ele>
   </trkpt>
   <trkpt lat="2.0202416" lon="103.3546106">
    <ele>455</ele>
   </trkpt>
   <trkpt lat="2.0202402" lon="103.3546080">
    <ele>455</ele>
   </trkpt>
   <trkpt lat="2.0202389" lon="103.3546054">
    <ele>455</ele>
   </trkpt>
   <trkpt lat="2.0202325" lon="103.3545951">
    <ele>456</ele>
   </trkpt>
   <trkpt lat="2.0202296" lon="103.3545929">
    <ele>456</ele>
   </trkpt>
   <trkpt lat="2.0202269" lon="103.3545907">
    <ele>456</ele>
   </trkpt>
   <trkpt lat="2.0202241" lon="103.3545885">
    <ele>456</ele>
   </trkpt>
   <trkpt lat="2.0202151" lon="103.3545786">
    <ele>457</ele>
   </trkpt>
   <trkpt lat="2.0202143" lon="103.3545648">
    <ele>457</ele>
   </trkpt>
   <trkpt lat="2.0202146" lon="103.3545604">
    <ele>458</ele>
   </trkpt>
   <trkpt lat="2.0202150" lon="103.3545560">
    <ele>458</ele>
   </trkpt>
   <trkpt lat="2.0202154" lon="103.3545515">
    <ele>458</ele>
   </trkpt>
   <trkpt lat="2.0202051" lon="103.3545369">
    <ele>460</ele>
   </trkpt>
   <trkpt lat="2.0201899" lon="103.3545276">
    <ele>461</ele>
   </trkpt>
   <trkpt lat="2.0201854" lon="103.3545242">
    <ele>461</ele>
   </trkpt>
   <trkpt lat="2.0201809" lon="103.3545208">
    <ele>461</ele>
   </trkpt>
   <trkpt lat="2.0201764" lon="103.3545175">
    <ele>461</ele>
   </trkpt>
   <trkpt lat="2.0201628" lon="103.3544977">
    <ele>464</ele>
   </trkpt>
   <trkpt lat="2.0201457" lon="103.3544740">
    <ele>464</ele>
   </trkpt>
   <trkpt lat="2.0201366" lon="103.3544543">
    <ele>465</ele>
   </trkpt>
   <trkpt lat="2.0201295" lon="103.3544390">
    <ele>465</ele>
   </trkpt>
   <trkpt lat="2.0201205" lon="103.3544311">
    <ele>467</ele>
   </trkpt>
   <trkpt lat="2.0201094" lon="103.3544314">
    <ele>467</ele>
   </trkpt>
   <trkpt lat="2.0201040" lon="103.3544299">
    <ele>467</ele>
   </trkpt>
   <trkpt lat="2.0200986" lon="103.3544287">
    <ele>467</ele>
   </trkpt>
   <trkpt lat="2.0200933" lon="103.3544274">
    <ele>468</ele>
   </trkpt>
   <trkpt lat="2.0200755" lon="103.3544114">
    <ele>470</ele>
   </trkpt>
   <trkpt lat="2.0200521" lon="103.3543903">
    <ele>470</ele>
   </trkpt>
   <trkpt lat="2.0200471" lon="103.3543858">
    <ele>470</ele>
   </trkpt>
   <trkpt lat="2.0200421" lon="103.3543813">
    <ele>470</ele>
   </trkpt>
   <trkpt lat="2.0200372" lon="103.3543768">
    <ele>470</ele>
   </trkpt>
   <trkpt lat="2.0200256" lon="103.3543686">
    <ele>470</ele>
   </trkpt>
   <trkpt lat="2.0200205" lon="103.3543666">
    <ele>470</ele>
   </trkpt>
   <trkpt lat="2.0200154" lon="103.3543647">
    <ele>471</ele>
   </trkpt>
   <trkpt lat="2.0200104" lon="103.3543628">
    <ele>471</ele>
   </trkpt>
   <trkpt lat="2.0199910" lon="103.3543568">
    <ele>471</ele>
   </trkpt>
   <trkpt lat="2.0199861" lon="103.3543539">
    <ele>471</ele>
   </trkpt>
   <trkpt lat="2.0199812" lon="103.3543510">
    <ele>471</ele>
   </trkpt>
   <trkpt lat="2.0199763" lon="103.3543481">
    <ele>471</ele>
   </trkpt>
   <trkpt lat="2.0199684" lon="103.3543359">
    <ele>471</ele>
   </trkpt>
   <trkpt lat="2.0199663" lon="103.3543316">
    <ele>471</ele>
   </trkpt>
   <trkpt lat="2.0199643" lon="103.3543273">
    <ele>472</ele>
   </trkpt>
   <trkpt lat="2.0199623" lon="103.3543231">
    <ele>472</ele>
   </trkpt>
   <trkpt lat="2.0199614" lon="103.3543075">
    <ele>472</ele>
   </trkpt>
   <trkpt lat="2.0199593" lon="103.3542973">
    <ele>472</ele>
   </trkpt>
   <trkpt lat="2.0199631" lon="103.3542903">
    <ele>474</ele>
   </trkpt>
   <trkpt lat="2.0199727" lon="103.3542869">
    <ele>474</ele>
   </trkpt>
   <trkpt lat="2.0199757" lon="103.3542877">
    <ele>474</ele>
   </trkpt>
   <trkpt lat="2.0199788" lon="103.3542885">
    <ele>474</ele>
   </trkpt>
   <trkpt lat="2.0199819" lon="103.3542894">
    <ele>474</ele>
   </trkpt>
   <trkpt lat="2.0199927" lon="103.3543001">
    <ele>474</ele>
   </trkpt>
   <trkpt lat="2.0199956" lon="103.3543028">
    <ele>474</ele>
   </trkpt>
   <trkpt lat="2.0199984" lon="103.3543057">
    <ele>474</ele>
   </trkpt>
   <trkpt lat="2.0200013" lon="103.3543086">
    <ele>474</ele>
   </trkpt>
   <trkpt lat="2.0200078" lon="103.3543186">
    <ele>474</ele>
   </trkpt>
   <trkpt lat="2.0200114" lon="103.3543222">
    <ele>474</ele>
   </trkpt>
   <trkpt lat="2.0200150" lon="103.3543257">
    <ele>474</ele>
   </trkpt>
   <trkpt lat="2.0200187" lon="103.3543292">
    <ele>474</ele>
   </trkpt>
   <trkpt lat="2.0200328" lon="103.3543326">
    <ele>473</ele>
   </trkpt>
   <trkpt lat="2.0200366" lon="103.3543301">
    <ele>473</ele>
   </trkpt>
   <trkpt lat="2.0200405" lon="103.3543276">
    <ele>473</ele>
   </trkpt>
   <trkpt lat="2.0200444" lon="103.3543251">
    <ele>473</ele>
   </trkpt>
   <trkpt lat="2.0200625" lon="103.3543144">
    <ele>472</ele>
   </trkpt>
   <trkpt lat="2.0200723" lon="103.3543093">
    <ele>472</ele>
   </trkpt>
   <trkpt lat="2.0200821" lon="103.3543042">
    <ele>472</ele>
   </trkpt>
   <trkpt lat="2.0200920" lon="103.3542992">
    <ele>472</ele>
   </trkpt>
   <trkpt lat="2.0201284" lon="103.3542798">
    <ele>471</ele>
   </trkpt>
   <trkpt lat="2.0201397" lon="103.3542722">
    <ele>471</ele>
   </trkpt>
   <trkpt lat="2.0201509" lon="103.3542645">
    <ele>470</ele>
   </trkpt>
   <trkpt lat="2.0201623" lon="103.3542571">
    <ele>470</ele>
   </trkpt>
   <trkpt lat="2.0201908" lon="103.3542311">
    <ele>469</ele>
   </trkpt>
   <trkpt lat="2.0202008" lon="103.3542216">
    <ele>469</ele>
   </trkpt>
   <trkpt lat="2.0202106" lon="103.3542122">
    <ele>468</ele>
   </trkpt>
   <trkpt lat="2.0202206" lon="103.3542028">
    <ele>468</ele>
   </trkpt>
   <trkpt lat="2.0202496" lon="103.3541783">
    <ele>467</ele>
   </trkpt>
   <trkpt lat="2.0202607" lon="103.3541683">
    <ele>467</ele>
   </trkpt>
   <trkpt lat="2.0202718" lon="103.3541584">
    <ele>467</ele>
   </trkpt>
   <trkpt lat="2.0202829" lon="103.3541484">
    <ele>467</ele>
   </trkpt>
   <trkpt lat="2.0203176" lon="103.3541179">
    <ele>466</ele>
   </trkpt>
   <trkpt lat="2.0203300" lon="103.3541081">
    <ele>466</ele>
   </trkpt>
   <trkpt lat="2.0203424" lon="103.3540984">
    <ele>465</ele>
   </trkpt>
   <trkpt lat="2.0203549" lon="103.3540887">
    <ele>465</ele>
   </trkpt>
   <trkpt lat="2.0203954" lon="103.3540655">
    <ele>465</ele>
   </trkpt>
   <trkpt lat="2.0204108" lon="103.3540608">
    <ele>465</ele>
   </trkpt>
   <trkpt lat="2.0204262" lon="103.3540560">
    <ele>465</ele>
   </trkpt>
   <trkpt lat="2.0204416" lon="103.3540514">
    <ele>465</ele>
   </trkpt>
   <trkpt lat="2.0204848" lon="103.3540440">
    <ele>465</ele>
   </trkpt>
   <trkpt lat="2.0204991" lon="103.3540416">
    <ele>465</ele>
   </trkpt>
   <trkpt lat="2.0205135" lon="103.3540392">
    <ele>465</ele>
   </trkpt>
   <trkpt lat="2.0205279" lon="103.3540369">
    <ele>465</ele>
   </trkpt>
   <trkpt lat="2.0205707" lon="103.3540268">
    <ele>465</ele>
   </trkpt>
   <trkpt lat="2.0205857" lon="103.3540201">
    <ele>465</ele>
   </trkpt>
   <trkpt lat="2.0206007" lon="103.3540134">
    <ele>465</ele>
   </trkpt>
   <trkpt lat="2.0206158" lon="103.3540067">
    <ele>465</ele>
   </trkpt>
   <trkpt lat="2.0206580" lon="103.3539826">
    <ele>464</ele>
   </trkpt>
   <trkpt lat="2.0206719" lon="103.3539755">
    <ele>464</ele>
   </trkpt>
   <trkpt lat="2.0206861" lon="103.3539684">
    <ele>464</ele>
   </trkpt>
   <trkpt lat="2.0207002" lon="103.3539615">
    <ele>464</ele>
   </trkpt>
   <trkpt lat="2.0207454" lon="103.3539414">
    <ele>464</ele>
   </trkpt>
   <trkpt lat="2.0207606" lon="103.3539340">
    <ele>464</ele>
   </trkpt>
   <trkpt lat="2.0207758" lon="103.3539266">
    <ele>464</ele>
   </trkpt>
   <trkpt lat="2.0207911" lon="103.3539192">
    <ele>464</ele>
   </trkpt>
   <trkpt lat="2.0208404" lon="103.3538989">
    <ele>463</ele>
   </trkpt>
   <trkpt lat="2.0208583" lon="103.3538980">
    <ele>463</ele>
   </trkpt>
   <trkpt lat="2.0208762" lon="103.3538971">
    <ele>463</ele>
   </trkpt>
   <trkpt lat="2.0208942" lon="103.3538963">
    <ele>463</ele>
   </trkpt>
   <trkpt lat="2.0209449" lon="103.3539160">
    <ele>462</ele>
   </trkpt>
   <trkpt lat="2.0209577" lon="103.3539277">
    <ele>462</ele>
   </trkpt>
   <trkpt lat="2.0209704" lon="103.3539396">
    <ele>461</ele>
   </trkpt>
   <trkpt lat="2.0209834" lon="103.3539514">
    <ele>461</ele>
   </trkpt>
   <trkpt lat="2.0210073" lon="103.3539834">
    <ele>460</ele>
   </trkpt>
   <trkpt lat="2.0210106" lon="103.3539916">
    <ele>459</ele>
   </trkpt>
   <trkpt lat="2.0210138" lon="103.3539999">
    <ele>458</ele>
   </trkpt>
   <trkpt lat="2.0210172" lon="103.3540082">
    <ele>458</ele>
   </trkpt>
   <trkpt lat="2.0210236" lon="103.3540278">
    <ele>457</ele>
   </trkpt>
   <trkpt lat="2.0210281" lon="103.3540320">
    <ele>457</ele>
   </trkpt>
   <trkpt lat="2.0210327" lon="103.3540363">
    <ele>456</ele>
   </trkpt>
   <trkpt lat="2.0210373" lon="103.3540406">
    <ele>456</ele>
   </trkpt>
   <trkpt lat="2.0210561" lon="103.3540492">
    <ele>455</ele>
   </trkpt>
   <trkpt lat="2.0210638" lon="103.3540515">
    <ele>455</ele>
   </trkpt>
   <trkpt lat="2.0210715" lon="103.3540538">
    <ele>454</ele>
   </trkpt>
   <trkpt lat="2.0210792" lon="103.3540560">
    <ele>454</ele>
   </trkpt>
   <trkpt lat="2.0210938" lon="103.3540599">
    <ele>453</ele>
   </trkpt>
   <trkpt lat="2.0211025" lon="103.3540630">
    <ele>452</ele>
   </trkpt>
   <trkpt lat="2.0211112" lon="103.3540661">
    <ele>451</ele>
   </trkpt>
   <trkpt lat="2.0211199" lon="103.3540693">
    <ele>451</ele>
   </trkpt>
   <trkpt lat="2.0211441" lon="103.3540819">
    <ele>450</ele>
   </trkpt>
   <trkpt lat="2.0211480" lon="103.3540833">
    <ele>450</ele>
   </trkpt>
   <trkpt lat="2.0211519" lon="103.3540850">
    <ele>449</ele>
   </trkpt>
   <trkpt lat="2.0211559" lon="103.3540866">
    <ele>449</ele>
   </trkpt>
   <trkpt lat="2.0211784" lon="103.3540852">
    <ele>448</ele>
   </trkpt>
   <trkpt lat="2.0211860" lon="103.3540850">
    <ele>448</ele>
   </trkpt>
   <trkpt lat="2.0211936" lon="103.3540848">
    <ele>447</ele>
   </trkpt>
   <trkpt lat="2.0212012" lon="103.3540847">
    <ele>447</ele>
   </trkpt>
   <trkpt lat="2.0212174" lon="103.3540951">
    <ele>446</ele>
   </trkpt>
   <trkpt lat="2.0212216" lon="103.3540957">
    <ele>446</ele>
   </trkpt>
   <trkpt lat="2.0212258" lon="103.3540963">
    <ele>445</ele>
   </trkpt>
   <trkpt lat="2.0212300" lon="103.3540970">
    <ele>445</ele>
   </trkpt>
   <trkpt lat="2.0212480" lon="103.3540867">
    <ele>444</ele>
   </trkpt>
   <trkpt lat="2.0212563" lon="103.3540820">
    <ele>444</ele>
   </trkpt>
   <trkpt lat="2.0212646" lon="103.3540773">
    <ele>443</ele>
   </trkpt>
   <trkpt lat="2.0212729" lon="103.3540727">
    <ele>443</ele>
   </trkpt>
   <trkpt lat="2.0212997" lon="103.3540722">
    <ele>442</ele>
   </trkpt>
   <trkpt lat="2.0213050" lon="103.3540778">
    <ele>442</ele>
   </trkpt>
   <trkpt lat="2.0213104" lon="103.3540833">
    <ele>441</ele>
   </trkpt>
   <trkpt lat="2.0213158" lon="103.3540891">
    <ele>441</ele>
   </trkpt>
   <trkpt lat="2.0213184" lon="103.3541177">
    <ele>440</ele>
   </trkpt>
   <trkpt lat="2.0213196" lon="103.3541265">
    <ele>440</ele>
   </trkpt>
   <trkpt lat="2.0213209" lon="103.3541353">
    <ele>439</ele>
   </trkpt>
   <trkpt lat="2.0213222" lon="103.3541441">
    <ele>439</ele>
   </trkpt>
   <trkpt lat="2.0213397" lon="103.3541567">
    <ele>438</ele>
   </trkpt>
   <trkpt lat="2.0213442" lon="103.3541562">
    <ele>438</ele>
   </trkpt>
   <trkpt lat="2.0213488" lon="103.3541557">
    <ele>437</ele>
   </trkpt>
   <trkpt lat="2.0213534" lon="103.3541551">
    <ele>437</ele>
   </trkpt>
   <trkpt lat="2.0213802" lon="103.3541472">
    <ele>436</ele>
   </trkpt>
   <trkpt lat="2.0213875" lon="103.3541472">
    <ele>435</ele>
   </trkpt>
   <trkpt lat="2.0213948" lon="103.3541472">
    <ele>434</ele>
   </trkpt>
   <trkpt lat="2.0214022" lon="103.3541474">
    <ele>434</ele>
   </trkpt>
   <trkpt lat="2.0214073" lon="103.3541472">
    <ele>433</ele>
   </trkpt>
   <trkpt lat="2.0214125" lon="103.3541472">
    <ele>433</ele>
   </trkpt>
   <trkpt lat="2.0214177" lon="103.3541472">
    <ele>432</ele>
   </trkpt>
   <trkpt lat="2.0214229" lon="103.3541472">
    <ele>432</ele>
   </trkpt>
   <trkpt lat="2.0214353" lon="103.3541489">
    <ele>431</ele>
   </trkpt>
   <trkpt lat="2.0214391" lon="103.3541501">
    <ele>431</ele>
   </trkpt>
   <trkpt lat="2.0214429" lon="103.3541513">
    <ele>430</ele>
   </trkpt>
   <trkpt lat="2.0214467" lon="103.3541526">
    <ele>430</ele>
   </trkpt>
   <trkpt lat="2.0214637" lon="103.3541544">
    <ele>429</ele>
   </trkpt>
   <trkpt lat="2.0214719" lon="103.3541556">
    <ele>429</ele>
   </trkpt>
   <trkpt lat="2.0214800" lon="103.3541569">
    <ele>429</ele>
   </trkpt>
   <trkpt lat="2.0214884" lon="103.3541582">
    <ele>429</ele>
   </trkpt>
   <trkpt lat="2.0215114" lon="103.3541690">
    <ele>428</ele>
   </trkpt>
   <trkpt lat="2.0215181" lon="103.3541714">
    <ele>427</ele>
   </trkpt>
   <trkpt lat="2.0215249" lon="103.3541737">
    <ele>426</ele>
   </trkpt>
   <trkpt lat="2.0215317" lon="103.3541760">
    <ele>426</ele>
   </trkpt>
   <trkpt lat="2.0215497" lon="103.3541833">
    <ele>425</ele>
   </trkpt>
   <trkpt lat="2.0215538" lon="103.3541862">
    <ele>425</ele>
   </trkpt>
   <trkpt lat="2.0215582" lon="103.3541891">
    <ele>424</ele>
   </trkpt>
   <trkpt lat="2.0215625" lon="103.3541922">
    <ele>424</ele>
   </trkpt>
   <trkpt lat="2.0215695" lon="103.3541973">
    <ele>423</ele>
   </trkpt>
   <trkpt lat="2.0215757" lon="103.3541991">
    <ele>423</ele>
   </trkpt>
   <trkpt lat="2.0215819" lon="103.3542010">
    <ele>423</ele>
   </trkpt>
   <trkpt lat="2.0215881" lon="103.3542029">
    <ele>423</ele>
   </trkpt>
   <trkpt lat="2.0216096" lon="103.3542067">
    <ele>422</ele>
   </trkpt>
   <trkpt lat="2.0216154" lon="103.3542088">
    <ele>422</ele>
   </trkpt>
   <trkpt lat="2.0216215" lon="103.3542109">
    <ele>421</ele>
   </trkpt>
   <trkpt lat="2.0216275" lon="103.3542131">
    <ele>421</ele>
   </trkpt>
   <trkpt lat="2.0216459" lon="103.3542153">
    <ele>420</ele>
   </trkpt>
   <trkpt lat="2.0216530" lon="103.3542156">
    <ele>420</ele>
   </trkpt>
   <trkpt lat="2.0216602" lon="103.3542159">
    <ele>419</ele>
   </trkpt>
   <trkpt lat="2.0216674" lon="103.3542163">
    <ele>419</ele>
   </trkpt>
   <trkpt lat="2.0216827" lon="103.3542178">
    <ele>418</ele>
   </trkpt>
   <trkpt lat="2.0216869" lon="103.3542165">
    <ele>418</ele>
   </trkpt>
   <trkpt lat="2.0216910" lon="103.3542153">
    <ele>417</ele>
   </trkpt>
   <trkpt lat="2.0216951" lon="103.3542140">
    <ele>417</ele>
   </trkpt>
   <trkpt lat="2.0217099" lon="103.3542092">
    <ele>416</ele>
   </trkpt>
   <trkpt lat="2.0217166" lon="103.3542071">
    <ele>416</ele>
   </trkpt>
   <trkpt lat="2.0217234" lon="103.3542049">
    <ele>415</ele>
   </trkpt>
   <trkpt lat="2.0217303" lon="103.3542030">
    <ele>415</ele>
   </trkpt>
   <trkpt lat="2.0217518" lon="103.3541945">
    <ele>414</ele>
   </trkpt>
   <trkpt lat="2.0217552" lon="103.3541934">
    <ele>414</ele>
   </trkpt>
   <trkpt lat="2.0217587" lon="103.3541926">
    <ele>413</ele>
   </trkpt>
   <trkpt lat="2.0217622" lon="103.3541917">
    <ele>413</ele>
   </trkpt>
   <trkpt lat="2.0217782" lon="103.3541897">
    <ele>412</ele>
   </trkpt>
   <trkpt lat="2.0217837" lon="103.3541903">
    <ele>412</ele>
   </trkpt>
   <trkpt lat="2.0217892" lon="103.3541910">
    <ele>412</ele>
   </trkpt>
   <trkpt lat="2.0217947" lon="103.3541917">
    <ele>412</ele>
   </trkpt>
   <trkpt lat="2.0218111" lon="103.3542001">
    <ele>411</ele>
   </trkpt>
   <trkpt lat="2.0218142" lon="103.3542045">
    <ele>411</ele>
   </trkpt>
   <trkpt lat="2.0218173" lon="103.3542089">
    <ele>410</ele>
   </trkpt>
   <trkpt lat="2.0218204" lon="103.3542134">
    <ele>410</ele>
   </trkpt>
   <trkpt lat="2.0218269" lon="103.3542242">
    <ele>409</ele>
   </trkpt>
   <trkpt lat="2.0218314" lon="103.3542271">
    <ele>409</ele>
   </trkpt>
   <trkpt lat="2.0218360" lon="103.3542301">
    <ele>409</ele>
   </trkpt>
   <trkpt lat="2.0218408" lon="103.3542331">
    <ele>409</ele>
   </trkpt>
   <trkpt lat="2.0218584" lon="103.3542348">
    <ele>408</ele>
   </trkpt>
   <trkpt lat="2.0218651" lon="103.3542308">
    <ele>408</ele>
   </trkpt>
   <trkpt lat="2.0218718" lon="103.3542269">
    <ele>407</ele>
   </trkpt>
   <trkpt lat="2.0218786" lon="103.3542230">
    <ele>407</ele>
   </trkpt>
   <trkpt lat="2.0218866" lon="103.3542180">
    <ele>406</ele>
   </trkpt>
   <trkpt lat="2.0218947" lon="103.3542130">
    <ele>406</ele>
   </trkpt>
   <trkpt lat="2.0219028" lon="103.3542080">
    <ele>405</ele>
   </trkpt>
   <trkpt lat="2.0219239" lon="103.3541907">
    <ele>405</ele>
   </trkpt>
   <trkpt lat="2.0219313" lon="103.3541858">
    <ele>404</ele>
   </trkpt>
   <trkpt lat="2.0219387" lon="103.3541809">
    <ele>404</ele>
   </trkpt>
   <trkpt lat="2.0219462" lon="103.3541760">
    <ele>403</ele>
   </trkpt>
   <trkpt lat="2.0219705" lon="103.3541701">
    <ele>403</ele>
   </trkpt>
   <trkpt lat="2.0219758" lon="103.3541678">
    <ele>402</ele>
   </trkpt>
   <trkpt lat="2.0219811" lon="103.3541656">
    <ele>402</ele>
   </trkpt>
   <trkpt lat="2.0219865" lon="103.3541634">
    <ele>401</ele>
   </trkpt>
   <trkpt lat="2.0219898" lon="103.3541518">
    <ele>401</ele>
   </trkpt>
   <trkpt lat="2.0219913" lon="103.3541453">
    <ele>400</ele>
   </trkpt>
   <trkpt lat="2.0219929" lon="103.3541391">
    <ele>400</ele>
   </trkpt>
   <trkpt lat="2.0219945" lon="103.3541328">
    <ele>400</ele>
   </trkpt>
   <trkpt lat="2.0220093" lon="103.3541092">
    <ele>400</ele>
   </trkpt>
   <trkpt lat="2.0220176" lon="103.3541028">
    <ele>399</ele>
   </trkpt>
   <trkpt lat="2.0220259" lon="103.3540964">
    <ele>399</ele>
   </trkpt>
   <trkpt lat="2.0220341" lon="103.3540900">
    <ele>398</ele>
   </trkpt>
   <trkpt lat="2.0220651" lon="103.3540763">
    <ele>398</ele>
   </trkpt>
   <trkpt lat="2.0220761" lon="103.3540745">
    <ele>397</ele>
   </trkpt>
   <trkpt lat="2.0220870" lon="103.3540728">
    <ele>396</ele>
   </trkpt>
   <trkpt lat="2.0220982" lon="103.3540711">
    <ele>395</ele>
   </trkpt>
   <trkpt lat="2.0221322" lon="103.3540667">
    <ele>395</ele>
   </trkpt>
   <trkpt lat="2.0221424" lon="103.3540623">
    <ele>394</ele>
   </trkpt>
   <trkpt lat="2.0221526" lon="103.3540580">
    <ele>394</ele>
   </trkpt>
   <trkpt lat="2.0221629" lon="103.3540537">
    <ele>393</ele>
   </trkpt>
   <trkpt lat="2.0221925" lon="103.3540432">
    <ele>393</ele>
   </trkpt>
   <trkpt lat="2.0221957" lon="103.3540426">
    <ele>392</ele>
   </trkpt>
   <trkpt lat="2.0221990" lon="103.3540422">
    <ele>392</ele>
   </trkpt>
   <trkpt lat="2.0222022" lon="103.3540418">
    <ele>391</ele>
   </trkpt>
   <trkpt lat="2.0222055" lon="103.3540413">
    <ele>391</ele>
   </trkpt>
   <trkpt lat="2.0222088" lon="103.3540409">
    <ele>390</ele>
   </trkpt>
   <trkpt lat="2.0222344" lon="103.3540400">
    <ele>390</ele>
   </trkpt>
   <trkpt lat="2.0222419" lon="103.3540412">
    <ele>389</ele>
   </trkpt>
   <trkpt lat="2.0222494" lon="103.3540425">
    <ele>389</ele>
   </trkpt>
   <trkpt lat="2.0222570" lon="103.3540438">
    <ele>388</ele>
   </trkpt>
   <trkpt lat="2.0222755" lon="103.3540435">
    <ele>388</ele>
   </trkpt>
   <trkpt lat="2.0222812" lon="103.3540399">
    <ele>388</ele>
   </trkpt>
   <trkpt lat="2.0222870" lon="103.3540364">
    <ele>388</ele>
   </trkpt>
   <trkpt lat="2.0222927" lon="103.3540329">
    <ele>387</ele>
   </trkpt>
   <trkpt lat="2.0223115" lon="103.3540193">
    <ele>387</ele>
   </trkpt>
   <trkpt lat="2.0223174" lon="103.3540155">
    <ele>386</ele>
   </trkpt>
   <trkpt lat="2.0223234" lon="103.3540117">
    <ele>386</ele>
   </trkpt>
   <trkpt lat="2.0223294" lon="103.3540079">
    <ele>385</ele>
   </trkpt>
   <trkpt lat="2.0223379" lon="103.3539939">
    <ele>385</ele>
   </trkpt>
   <trkpt lat="2.0223414" lon="103.3539869">
    <ele>384</ele>
   </trkpt>
   <trkpt lat="2.0223450" lon="103.3539800">
    <ele>384</ele>
   </trkpt>
   <trkpt lat="2.0223486" lon="103.3539731">
    <ele>383</ele>
   </trkpt>
   <trkpt lat="2.0223694" lon="103.3539562">
    <ele>383</ele>
   </trkpt>
   <trkpt lat="2.0223764" lon="103.3539518">
    <ele>382</ele>
   </trkpt>
   <trkpt lat="2.0223835" lon="103.3539475">
    <ele>382</ele>
   </trkpt>
   <trkpt lat="2.0223906" lon="103.3539432">
    <ele>381</ele>
   </trkpt>
   <trkpt lat="2.0224036" lon="103.3539283">
    <ele>381</ele>
   </trkpt>
   <trkpt lat="2.0224063" lon="103.3539225">
    <ele>380</ele>
   </trkpt>
   <trkpt lat="2.0224091" lon="103.3539167">
    <ele>380</ele>
   </trkpt>
   <trkpt lat="2.0224119" lon="103.3539110">
    <ele>379</ele>
   </trkpt>
   <trkpt lat="2.0224181" lon="103.3538884">
    <ele>379</ele>
   </trkpt>
   <trkpt lat="2.0224224" lon="103.3538810">
    <ele>378</ele>
   </trkpt>
   <trkpt lat="2.0224270" lon="103.3538736">
    <ele>378</ele>
   </trkpt>
   <trkpt lat="2.0224315" lon="103.3538662">
    <ele>377</ele>
   </trkpt>
   <trkpt lat="2.0224548" lon="103.3538622">
    <ele>377</ele>
   </trkpt>
   <trkpt lat="2.0224618" lon="103.3538660">
    <ele>376</ele>
   </trkpt>
   <trkpt lat="2.0224688" lon="103.3538699">
    <ele>376</ele>
   </trkpt>
   <trkpt lat="2.0224758" lon="103.3538738">
    <ele>375</ele>
   </trkpt>
   <trkpt lat="2.0224829" lon="103.3538778">
    <ele>375</ele>
   </trkpt>
   <trkpt lat="2.0224902" lon="103.3538818">
    <ele>375</ele>
   </trkpt>
   <trkpt lat="2.0224975" lon="103.3538858">
    <ele>375</ele>
   </trkpt>
   <trkpt lat="2.0225063" lon="103.3538863">
    <ele>374</ele>
   </trkpt>
   <trkpt lat="2.0225082" lon="103.3538830">
    <ele>374</ele>
   </trkpt>
   <trkpt lat="2.0225101" lon="103.3538796">
    <ele>373</ele>
   </trkpt>
   <trkpt lat="2.0225120" lon="103.3538764">
    <ele>373</ele>
   </trkpt>
   <trkpt lat="2.0225204" lon="103.3538571">
    <ele>372</ele>
   </trkpt>
   <trkpt lat="2.0225219" lon="103.3538488">
    <ele>372</ele>
   </trkpt>
   <trkpt lat="2.0225234" lon="103.3538404">
    <ele>372</ele>
   </trkpt>
   <trkpt lat="2.0225249" lon="103.3538320">
    <ele>372</ele>
   </trkpt>
   <trkpt lat="2.0225283" lon="103.3538048">
    <ele>371</ele>
   </trkpt>
   <trkpt lat="2.0225317" lon="103.3537970">
    <ele>371</ele>
   </trkpt>
   <trkpt lat="2.0225350" lon="103.3537893">
    <ele>370</ele>
   </trkpt>
   <trkpt lat="2.0225385" lon="103.3537816">
    <ele>370</ele>
   </trkpt>
   <trkpt lat="2.0225568" lon="103.3537698">
    <ele>369</ele>
   </trkpt>
   <trkpt lat="2.0225644" lon="103.3537687">
    <ele>369</ele>
   </trkpt>
   <trkpt lat="2.0225720" lon="103.3537676">
    <ele>368</ele>
   </trkpt>
   <trkpt lat="2.0225795" lon="103.3537666">
    <ele>368</ele>
   </trkpt>
   <trkpt lat="2.0226059" lon="103.3537670">
    <ele>367</ele>
   </trkpt>
   <trkpt lat="2.0226151" lon="103.3537663">
    <ele>367</ele>
   </trkpt>
   <trkpt lat="2.0226244" lon="103.3537657">
    <ele>366</ele>
   </trkpt>
   <trkpt lat="2.0226337" lon="103.3537651">
    <ele>366</ele>
   </trkpt>
   <trkpt lat="2.0226626" lon="103.3537540">
    <ele>365</ele>
   </trkpt>
   <trkpt lat="2.0226733" lon="103.3537489">
    <ele>365</ele>
   </trkpt>
   <trkpt lat="2.0226840" lon="103.3537440">
    <ele>364</ele>
   </trkpt>
   <trkpt lat="2.0226948" lon="103.3537391">
    <ele>364</ele>
   </trkpt>
   <trkpt lat="2.0227296" lon="103.3537204">
    <ele>363</ele>
   </trkpt>
   <trkpt lat="2.0227391" lon="103.3537118">
    <ele>362</ele>
   </trkpt>
   <trkpt lat="2.0227487" lon="103.3537033">
    <ele>361</ele>
   </trkpt>
   <trkpt lat="2.0227583" lon="103.3536948">
    <ele>361</ele>
   </trkpt>
   <trkpt lat="2.0227721" lon="103.3536611">
    <ele>360</ele>
   </trkpt>
   <trkpt lat="2.0227752" lon="103.3536485">
    <ele>360</ele>
   </trkpt>
   <trkpt lat="2.0227783" lon="103.3536359">
    <ele>359</ele>
   </trkpt>
   <trkpt lat="2.0227814" lon="103.3536233">
    <ele>359</ele>
   </trkpt>
   <trkpt lat="2.0227881" lon="103.3535899">
    <ele>358</ele>
   </trkpt>
   <trkpt lat="2.0227912" lon="103.3535821">
    <ele>358</ele>
   </trkpt>
   <trkpt lat="2.0227943" lon="103.3535743">
    <ele>358</ele>
   </trkpt>
   <trkpt lat="2.0227974" lon="103.3535665">
    <ele>358</ele>
   </trkpt>
   <trkpt lat="2.0228077" lon="103.3535489">
    <ele>357</ele>
   </trkpt>
   <trkpt lat="2.0228125" lon="103.3535412">
    <ele>357</ele>
   </trkpt>
   <trkpt lat="2.0228173" lon="103.3535336">
    <ele>356</ele>
   </trkpt>
   <trkpt lat="2.0228221" lon="103.3535260">
    <ele>356</ele>
   </trkpt>
   <trkpt lat="2.0228395" lon="103.3534990">
    <ele>355</ele>
   </trkpt>
   <trkpt lat="2.0228474" lon="103.3534920">
    <ele>355</ele>
   </trkpt>
   <trkpt lat="2.0228552" lon="103.3534851">
    <ele>354</ele>
   </trkpt>
   <trkpt lat="2.0228632" lon="103.3534782">
    <ele>354</ele>
   </trkpt>
   <trkpt lat="2.0228904" lon="103.3534641">
    <ele>353</ele>
   </trkpt>
   <trkpt lat="2.0228989" lon="103.3534579">
    <ele>353</ele>
   </trkpt>
   <trkpt lat="2.0229077" lon="103.3534516">
    <ele>352</ele>
   </trkpt>
   <trkpt lat="2.0229164" lon="103.3534456">
    <ele>352</ele>
   </trkpt>
   <trkpt lat="2.0229432" lon="103.3534228">
    <ele>351</ele>
   </trkpt>
   <trkpt lat="2.0229556" lon="103.3534132">
    <ele>350</ele>
   </trkpt>
   <trkpt lat="2.0229680" lon="103.3534037">
    <ele>349</ele>
   </trkpt>
   <trkpt lat="2.0229803" lon="103.3533942">
    <ele>349</ele>
   </trkpt>
   <trkpt lat="2.0230227" lon="103.3533707">
    <ele>348</ele>
   </trkpt>
   <trkpt lat="2.0230348" lon="103.3533661">
    <ele>348</ele>
   </trkpt>
   <trkpt lat="2.0230469" lon="103.3533615">
    <ele>347</ele>
   </trkpt>
   <trkpt lat="2.0230590" lon="103.3533569">
    <ele>347</ele>
   </trkpt>
   <trkpt lat="2.0230910" lon="103.3533523">
    <ele>346</ele>
   </trkpt>
   <trkpt lat="2.0231009" lon="103.3533528">
    <ele>346</ele>
   </trkpt>
   <trkpt lat="2.0231107" lon="103.3533533">
    <ele>345</ele>
   </trkpt>
   <trkpt lat="2.0231206" lon="103.3533539">
    <ele>345</ele>
   </trkpt>
   <trkpt lat="2.0231450" lon="103.3533547">
    <ele>344</ele>
   </trkpt>
   <trkpt lat="2.0231528" lon="103.3533529">
    <ele>344</ele>
   </trkpt>
   <trkpt lat="2.0231605" lon="103.3533511">
    <ele>343</ele>
   </trkpt>
   <trkpt lat="2.0231683" lon="103.3533494">
    <ele>343</ele>
   </trkpt>
   <trkpt lat="2.0231921" lon="103.3533421">
    <ele>342</ele>
   </trkpt>
   <trkpt lat="2.0232007" lon="103.3533407">
    <ele>342</ele>
   </trkpt>
   <trkpt lat="2.0232093" lon="103.3533393">
    <ele>341</ele>
   </trkpt>
   <trkpt lat="2.0232180" lon="103.3533379">
    <ele>341</ele>
   </trkpt>
   <trkpt lat="2.0232452" lon="103.3533346">
    <ele>340</ele>
   </trkpt>
   <trkpt lat="2.0232546" lon="103.3533338">
    <ele>340</ele>
   </trkpt>
   <trkpt lat="2.0232640" lon="103.3533330">
    <ele>339</ele>
   </trkpt>
   <trkpt lat="2.0232734" lon="103.3533323">
    <ele>339</ele>
   </trkpt>
   <trkpt lat="2.0232937" lon="103.3533328">
    <ele>338</ele>
   </trkpt>
   <trkpt lat="2.0232984" lon="103.3533312">
    <ele>338</ele>
   </trkpt>
   <trkpt lat="2.0233030" lon="103.3533298">
    <ele>337</ele>
   </trkpt>
   <trkpt lat="2.0233076" lon="103.3533283">
    <ele>337</ele>
   </trkpt>
   <trkpt lat="2.0233184" lon="103.3533186">
    <ele>336</ele>
   </trkpt>
   <trkpt lat="2.0233314" lon="103.3533120">
    <ele>335</ele>
   </trkpt>
   <trkpt lat="2.0233429" lon="103.3533188">
    <ele>335</ele>
   </trkpt>
   <trkpt lat="2.0233472" lon="103.3533288">
    <ele>335</ele>
   </trkpt>
   <trkpt lat="2.0233435" lon="103.3533232">
    <ele>335</ele>
   </trkpt>
   <trkpt lat="2.0233425" lon="103.3533161">
    <ele>335</ele>
   </trkpt>
   <trkpt lat="2.0233415" lon="103.3533091">
    <ele>335</ele>
   </trkpt>
   <trkpt lat="2.0233406" lon="103.3533020">
    <ele>334</ele>
   </trkpt>
   <trkpt lat="2.0233439" lon="103.3532683">
    <ele>334</ele>
   </trkpt>
   <trkpt lat="2.0233469" lon="103.3532560">
    <ele>334</ele>
   </trkpt>
   <trkpt lat="2.0233498" lon="103.3532436">
    <ele>334</ele>
   </trkpt>
   <trkpt lat="2.0233526" lon="103.3532314">
    <ele>333</ele>
   </trkpt>
   <trkpt lat="2.0233681" lon="103.3532028">
    <ele>333</ele>
   </trkpt>
   <trkpt lat="2.0233753" lon="103.3531961">
    <ele>333</ele>
   </trkpt>
   <trkpt lat="2.0233826" lon="103.3531895">
    <ele>333</ele>
   </trkpt>
   <trkpt lat="2.0233899" lon="103.3531828">
    <ele>332</ele>
   </trkpt>
   <trkpt lat="2.0234109" lon="103.3531649">
    <ele>332</ele>
   </trkpt>
   <trkpt lat="2.0234194" lon="103.3531595">
    <ele>332</ele>
   </trkpt>
   <trkpt lat="2.0234280" lon="103.3531541">
    <ele>332</ele>
   </trkpt>
   <trkpt lat="2.0234366" lon="103.3531488">
    <ele>331</ele>
   </trkpt>
   <trkpt lat="2.0234651" lon="103.3531346">
    <ele>331</ele>
   </trkpt>
   <trkpt lat="2.0234745" lon="103.3531303">
    <ele>330</ele>
   </trkpt>
   <trkpt lat="2.0234839" lon="103.3531260">
    <ele>330</ele>
   </trkpt>
   <trkpt lat="2.0234933" lon="103.3531218">
    <ele>329</ele>
   </trkpt>
   <trkpt lat="2.0235244" lon="103.3531071">
    <ele>329</ele>
   </trkpt>
   <trkpt lat="2.0235368" lon="103.3530999">
    <ele>328</ele>
   </trkpt>
   <trkpt lat="2.0235493" lon="103.3530928">
    <ele>328</ele>
   </trkpt>
   <trkpt lat="2.0235618" lon="103.3530857">
    <ele>327</ele>
   </trkpt>
   <trkpt lat="2.0236017" lon="103.3530615">
    <ele>327</ele>
   </trkpt>
   <trkpt lat="2.0236135" lon="103.3530520">
    <ele>326</ele>
   </trkpt>
   <trkpt lat="2.0236252" lon="103.3530426">
    <ele>326</ele>
   </trkpt>
   <trkpt lat="2.0236370" lon="103.3530332">
    <ele>325</ele>
   </trkpt>
   <trkpt lat="2.0236620" lon="103.3530064">
    <ele>325</ele>
   </trkpt>
   <trkpt lat="2.0236660" lon="103.3529970">
    <ele>324</ele>
   </trkpt>
   <trkpt lat="2.0236702" lon="103.3529876">
    <ele>324</ele>
   </trkpt>
   <trkpt lat="2.0236743" lon="103.3529783">
    <ele>323</ele>
   </trkpt>
   <trkpt lat="2.0236830" lon="103.3529493">
    <ele>323</ele>
   </trkpt>
   <trkpt lat="2.0236831" lon="103.3529411">
    <ele>323</ele>
   </trkpt>
   <trkpt lat="2.0236831" lon="103.3529329">
    <ele>323</ele>
   </trkpt>
   <trkpt lat="2.0236833" lon="103.3529248">
    <ele>322</ele>
   </trkpt>
   <trkpt lat="2.0236884" lon="103.3529013">
    <ele>322</ele>
   </trkpt>
   <trkpt lat="2.0236917" lon="103.3528934">
    <ele>321</ele>
   </trkpt>
   <trkpt lat="2.0236951" lon="103.3528854">
    <ele>321</ele>
   </trkpt>
   <trkpt lat="2.0236985" lon="103.3528774">
    <ele>320</ele>
   </trkpt>
   <trkpt lat="2.0237164" lon="103.3528495">
    <ele>320</ele>
   </trkpt>
   <trkpt lat="2.0237205" lon="103.3528379">
    <ele>319</ele>
   </trkpt>
   <trkpt lat="2.0237246" lon="103.3528263">
    <ele>319</ele>
   </trkpt>
   <trkpt lat="2.0237287" lon="103.3528148">
    <ele>318</ele>
   </trkpt>
   <trkpt lat="2.0237266" lon="103.3527730">
    <ele>318</ele>
   </trkpt>
   <trkpt lat="2.0237222" lon="103.3527619">
    <ele>317</ele>
   </trkpt>
   <trkpt lat="2.0237178" lon="103.3527509">
    <ele>317</ele>
   </trkpt>
   <trkpt lat="2.0237134" lon="103.3527399">
    <ele>316</ele>
   </trkpt>
   <trkpt lat="2.0237000" lon="103.3527286">
    <ele>315</ele>
   </trkpt>
   <trkpt lat="2.0236893" lon="103.3527149">
    <ele>315</ele>
   </trkpt>
   <trkpt lat="2.0236912" lon="103.3527103">
    <ele>314</ele>
   </trkpt>
   <trkpt lat="2.0236932" lon="103.3527057">
    <ele>314</ele>
   </trkpt>
   <trkpt lat="2.0236952" lon="103.3527011">
    <ele>314</ele>
   </trkpt>
   <trkpt lat="2.0237013" lon="103.3526847">
    <ele>314</ele>
   </trkpt>
   <trkpt lat="2.0237033" lon="103.3526770">
    <ele>313</ele>
   </trkpt>
   <trkpt lat="2.0237053" lon="103.3526696">
    <ele>313</ele>
   </trkpt>
   <trkpt lat="2.0237073" lon="103.3526621">
    <ele>313</ele>
   </trkpt>
   <trkpt lat="2.0237126" lon="103.3526352">
    <ele>313</ele>
   </trkpt>
   <trkpt lat="2.0237140" lon="103.3526260">
    <ele>312</ele>
   </trkpt>
   <trkpt lat="2.0237154" lon="103.3526169">
    <ele>311</ele>
   </trkpt>
   <trkpt lat="2.0237168" lon="103.3526078">
    <ele>310</ele>
   </trkpt>
   <trkpt lat="2.0237261" lon="103.3525821">
    <ele>310</ele>
   </trkpt>
   <trkpt lat="2.0237280" lon="103.3525781">
    <ele>309</ele>
   </trkpt>
   <trkpt lat="2.0237299" lon="103.3525741">
    <ele>309</ele>
   </trkpt>
   <trkpt lat="2.0237319" lon="103.3525701">
    <ele>308</ele>
   </trkpt>
   <trkpt lat="2.0237374" lon="103.3525535">
    <ele>308</ele>
   </trkpt>
   <trkpt lat="2.0237398" lon="103.3525484">
    <ele>307</ele>
   </trkpt>
   <trkpt lat="2.0237422" lon="103.3525432">
    <ele>307</ele>
   </trkpt>
   <trkpt lat="2.0237447" lon="103.3525382">
    <ele>306</ele>
   </trkpt>
   <trkpt lat="2.0237606" lon="103.3525195">
    <ele>306</ele>
   </trkpt>
   <trkpt lat="2.0237639" lon="103.3525123">
    <ele>305</ele>
   </trkpt>
   <trkpt lat="2.0237673" lon="103.3525049">
    <ele>305</ele>
   </trkpt>
   <trkpt lat="2.0237707" lon="103.3524977">
    <ele>305</ele>
   </trkpt>
   <trkpt lat="2.0237711" lon="103.3524769">
    <ele>305</ele>
   </trkpt>
   <trkpt lat="2.0237746" lon="103.3524692">
    <ele>304</ele>
   </trkpt>
   <trkpt lat="2.0237782" lon="103.3524615">
    <ele>304</ele>
   </trkpt>
   <trkpt lat="2.0237818" lon="103.3524538">
    <ele>304</ele>
   </trkpt>
   <trkpt lat="2.0238011" lon="103.3524319">
    <ele>304</ele>
   </trkpt>
   <trkpt lat="2.0238090" lon="103.3524258">
    <ele>303</ele>
   </trkpt>
   <trkpt lat="2.0238172" lon="103.3524196">
    <ele>303</ele>
   </trkpt>
   <trkpt lat="2.0238253" lon="103.3524134">
    <ele>302</ele>
   </trkpt>
   <trkpt lat="2.0238457" lon="103.3523989">
    <ele>302</ele>
   </trkpt>
   <trkpt lat="2.0238504" lon="103.3523919">
    <ele>301</ele>
   </trkpt>
   <trkpt lat="2.0238552" lon="103.3523849">
    <ele>300</ele>
   </trkpt>
   <trkpt lat="2.0238600" lon="103.3523780">
    <ele>299</ele>
   </trkpt>
   <trkpt lat="2.0238818" lon="103.3523546">
    <ele>299</ele>
   </trkpt>
   <trkpt lat="2.0238905" lon="103.3523481">
    <ele>298</ele>
   </trkpt>
   <trkpt lat="2.0238991" lon="103.3523416">
    <ele>298</ele>
   </trkpt>
   <trkpt lat="2.0239080" lon="103.3523351">
    <ele>297</ele>
   </trkpt>
   <trkpt lat="2.0239321" lon="103.3523134">
    <ele>297</ele>
   </trkpt>
   <trkpt lat="2.0239372" lon="103.3523044">
    <ele>296</ele>
   </trkpt>
   <trkpt lat="2.0239423" lon="103.3522955">
    <ele>295</ele>
   </trkpt>
   <trkpt lat="2.0239474" lon="103.3522866">
    <ele>294</ele>
   </trkpt>
   <trkpt lat="2.0239600" lon="103.3522550">
    <ele>294</ele>
   </trkpt>
   <trkpt lat="2.0239634" lon="103.3522462">
    <ele>293</ele>
   </trkpt>
   <trkpt lat="2.0239671" lon="103.3522374">
    <ele>293</ele>
   </trkpt>
   <trkpt lat="2.0239707" lon="103.3522286">
    <ele>292</ele>
   </trkpt>
   <trkpt lat="2.0239766" lon="103.3522106">
    <ele>292</ele>
   </trkpt>
   <trkpt lat="2.0239782" lon="103.3522050">
    <ele>291</ele>
   </trkpt>
   <trkpt lat="2.0239798" lon="103.3521994">
    <ele>291</ele>
   </trkpt>
   <trkpt lat="2.0239815" lon="103.3521938">
    <ele>290</ele>
   </trkpt>
   <trkpt lat="2.0239839" lon="103.3521794">
    <ele>290</ele>
   </trkpt>
   <trkpt lat="2.0239874" lon="103.3521751">
    <ele>289</ele>
   </trkpt>
   <trkpt lat="2.0239909" lon="103.3521709">
    <ele>289</ele>
   </trkpt>
   <trkpt lat="2.0239944" lon="103.3521667">
    <ele>288</ele>
   </trkpt>
   <trkpt lat="2.0240096" lon="103.3521574">
    <ele>288</ele>
   </trkpt>
   <trkpt lat="2.0240121" lon="103.3521563">
    <ele>287</ele>
   </trkpt>
   <trkpt lat="2.0240146" lon="103.3521553">
    <ele>287</ele>
   </trkpt>
   <trkpt lat="2.0240171" lon="103.3521543">
    <ele>287</ele>
   </trkpt>
   <trkpt lat="2.0240284" lon="103.3521484">
    <ele>287</ele>
   </trkpt>
   <trkpt lat="2.0240306" lon="103.3521453">
    <ele>286</ele>
   </trkpt>
   <trkpt lat="2.0240328" lon="103.3521423">
    <ele>286</ele>
   </trkpt>
   <trkpt lat="2.0240350" lon="103.3521393">
    <ele>286</ele>
   </trkpt>
   <trkpt lat="2.0240410" lon="103.3521247">
    <ele>286</ele>
   </trkpt>
   <trkpt lat="2.0240442" lon="103.3521176">
    <ele>285</ele>
   </trkpt>
   <trkpt lat="2.0240474" lon="103.3521105">
    <ele>285</ele>
   </trkpt>
   <trkpt lat="2.0240507" lon="103.3521035">
    <ele>284</ele>
   </trkpt>
   <trkpt lat="2.0240649" lon="103.3520799">
    <ele>284</ele>
   </trkpt>
   <trkpt lat="2.0240692" lon="103.3520712">
    <ele>283</ele>
   </trkpt>
   <trkpt lat="2.0240733" lon="103.3520625">
    <ele>283</ele>
   </trkpt>
   <trkpt lat="2.0240776" lon="103.3520537">
    <ele>282</ele>
   </trkpt>
   <trkpt lat="2.0240908" lon="103.3520241">
    <ele>282</ele>
   </trkpt>
   <trkpt lat="2.0240966" lon="103.3520127">
    <ele>281</ele>
   </trkpt>
   <trkpt lat="2.0241024" lon="103.3520013">
    <ele>280</ele>
   </trkpt>
   <trkpt lat="2.0241083" lon="103.3519899">
    <ele>279</ele>
   </trkpt>
   <trkpt lat="2.0241313" lon="103.3519564">
    <ele>279</ele>
   </trkpt>
   <trkpt lat="2.0241404" lon="103.3519467">
    <ele>278</ele>
   </trkpt>
   <trkpt lat="2.0241495" lon="103.3519372">
    <ele>278</ele>
   </trkpt>
   <trkpt lat="2.0241587" lon="103.3519277">
    <ele>277</ele>
   </trkpt>
   <trkpt lat="2.0241879" lon="103.3518995">
    <ele>277</ele>
   </trkpt>
   <trkpt lat="2.0241973" lon="103.3518928">
    <ele>276</ele>
   </trkpt>
   <trkpt lat="2.0242068" lon="103.3518862">
    <ele>276</ele>
   </trkpt>
   <trkpt lat="2.0242163" lon="103.3518796">
    <ele>275</ele>
   </trkpt>
   <trkpt lat="2.0242398" lon="103.3518720">
    <ele>275</ele>
   </trkpt>
   <trkpt lat="2.0242459" lon="103.3518687">
    <ele>274</ele>
   </trkpt>
   <trkpt lat="2.0242520" lon="103.3518655">
    <ele>274</ele>
   </trkpt>
   <trkpt lat="2.0242581" lon="103.3518622">
    <ele>273</ele>
   </trkpt>
   <trkpt lat="2.0242754" lon="103.3518495">
    <ele>273</ele>
   </trkpt>
   <trkpt lat="2.0242789" lon="103.3518455">
    <ele>272</ele>
   </trkpt>
   <trkpt lat="2.0242825" lon="103.3518415">
    <ele>272</ele>
   </trkpt>
   <trkpt lat="2.0242861" lon="103.3518375">
    <ele>272</ele>
   </trkpt>
   <trkpt lat="2.0242893" lon="103.3518251">
    <ele>272</ele>
   </trkpt>
   <trkpt lat="2.0242901" lon="103.3518196">
    <ele>271</ele>
   </trkpt>
   <trkpt lat="2.0242909" lon="103.3518141">
    <ele>271</ele>
   </trkpt>
   <trkpt lat="2.0242917" lon="103.3518086">
    <ele>270</ele>
   </trkpt>
   <trkpt lat="2.0243072" lon="103.3517918">
    <ele>270</ele>
   </trkpt>
   <trkpt lat="2.0243129" lon="103.3517872">
    <ele>269</ele>
   </trkpt>
   <trkpt lat="2.0243188" lon="103.3517826">
    <ele>269</ele>
   </trkpt>
   <trkpt lat="2.0243247" lon="103.3517780">
    <ele>268</ele>
   </trkpt>
   <trkpt lat="2.0243304" lon="103.3517664">
    <ele>268</ele>
   </trkpt>
   <trkpt lat="2.0243297" lon="103.3517623">
    <ele>267</ele>
   </trkpt>
   <trkpt lat="2.0243290" lon="103.3517582">
    <ele>267</ele>
   </trkpt>
   <trkpt lat="2.0243283" lon="103.3517540">
    <ele>267</ele>
   </trkpt>
   <trkpt lat="2.0243271" lon="103.3517409">
    <ele>267</ele>
   </trkpt>
   <trkpt lat="2.0243275" lon="103.3517382">
    <ele>266</ele>
   </trkpt>
   <trkpt lat="2.0243280" lon="103.3517356">
    <ele>266</ele>
   </trkpt>
   <trkpt lat="2.0243285" lon="103.3517330">
    <ele>266</ele>
   </trkpt>
   <trkpt lat="2.0243321" lon="103.3517214">
    <ele>263</ele>
   </trkpt>
   <trkpt lat="2.0243373" lon="103.3517023">
    <ele>262</ele>
   </trkpt>
   <trkpt lat="2.0243393" lon="103.3516941">
    <ele>262</ele>
   </trkpt>
   <trkpt lat="2.0243413" lon="103.3516858">
    <ele>261</ele>
   </trkpt>
   <trkpt lat="2.0243433" lon="103.3516774">
    <ele>261</ele>
   </trkpt>
   <trkpt lat="2.0243574" lon="103.3516511">
    <ele>260</ele>
   </trkpt>
   <trkpt lat="2.0243644" lon="103.3516456">
    <ele>260</ele>
   </trkpt>
   <trkpt lat="2.0243715" lon="103.3516401">
    <ele>260</ele>
   </trkpt>
   <trkpt lat="2.0243786" lon="103.3516347">
    <ele>260</ele>
   </trkpt>
   <trkpt lat="2.0244038" lon="103.3516204">
    <ele>258</ele>
   </trkpt>
   <trkpt lat="2.0244225" lon="103.3516049">
    <ele>257</ele>
   </trkpt>
   <trkpt lat="2.0244289" lon="103.3516012">
    <ele>257</ele>
   </trkpt>
   <trkpt lat="2.0244353" lon="103.3515975">
    <ele>256</ele>
   </trkpt>
   <trkpt lat="2.0244417" lon="103.3515939">
    <ele>256</ele>
   </trkpt>
   <trkpt lat="2.0244594" lon="103.3515868">
    <ele>256</ele>
   </trkpt>
   <trkpt lat="2.0244627" lon="103.3515837">
    <ele>256</ele>
   </trkpt>
   <trkpt lat="2.0244662" lon="103.3515806">
    <ele>255</ele>
   </trkpt>
   <trkpt lat="2.0244696" lon="103.3515775">
    <ele>255</ele>
   </trkpt>
   <trkpt lat="2.0244700" lon="103.3515657">
    <ele>254</ele>
   </trkpt>
   <trkpt lat="2.0244698" lon="103.3515634">
    <ele>254</ele>
   </trkpt>
   <trkpt lat="2.0244696" lon="103.3515611">
    <ele>253</ele>
   </trkpt>
   <trkpt lat="2.0244695" lon="103.3515589">
    <ele>253</ele>
   </trkpt>
   <trkpt lat="2.0244692" lon="103.3515566">
    <ele>252</ele>
   </trkpt>
   <trkpt lat="2.0244692" lon="103.3515544">
    <ele>252</ele>
   </trkpt>
   <trkpt lat="2.0244673" lon="103.3515483">
    <ele>251</ele>
   </trkpt>
   <trkpt lat="2.0244654" lon="103.3515467">
    <ele>251</ele>
   </trkpt>
   <trkpt lat="2.0244634" lon="103.3515451">
    <ele>251</ele>
   </trkpt>
   <trkpt lat="2.0244614" lon="103.3515436">
    <ele>251</ele>
   </trkpt>
   <trkpt lat="2.0244604" lon="103.3515352">
    <ele>250</ele>
   </trkpt>
   <trkpt lat="2.0244637" lon="103.3515328">
    <ele>250</ele>
   </trkpt>
   <trkpt lat="2.0244671" lon="103.3515304">
    <ele>250</ele>
   </trkpt>
   <trkpt lat="2.0244705" lon="103.3515280">
    <ele>250</ele>
   </trkpt>
   <trkpt lat="2.0244860" lon="103.3515275">
    <ele>249</ele>
   </trkpt>
   <trkpt lat="2.0244885" lon="103.3515286">
    <ele>249</ele>
   </trkpt>
   <trkpt lat="2.0244910" lon="103.3515297">
    <ele>249</ele>
   </trkpt>
   <trkpt lat="2.0244936" lon="103.3515309">
    <ele>249</ele>
   </trkpt>
   <trkpt lat="2.0244907" lon="103.3515292">
    <ele>248</ele>
   </trkpt>
   <trkpt lat="2.0244910" lon="103.3515252">
    <ele>248</ele>
   </trkpt>
   <trkpt lat="2.0244914" lon="103.3515213">
    <ele>248</ele>
   </trkpt>
   <trkpt lat="2.0244918" lon="103.3515174">
    <ele>248</ele>
   </trkpt>
   <trkpt lat="2.0245050" lon="103.3514979">
    <ele>247</ele>
   </trkpt>
   <trkpt lat="2.0245242" lon="103.3514783">
    <ele>243</ele>
   </trkpt>
   <trkpt lat="2.0245408" lon="103.3514651">
    <ele>243</ele>
   </trkpt>
   <trkpt lat="2.0245451" lon="103.3514614">
    <ele>243</ele>
   </trkpt>
   <trkpt lat="2.0245494" lon="103.3514577">
    <ele>242</ele>
   </trkpt>
   <trkpt lat="2.0245538" lon="103.3514540">
    <ele>242</ele>
   </trkpt>
   <trkpt lat="2.0245581" lon="103.3514500">
    <ele>242</ele>
   </trkpt>
   <trkpt lat="2.0245624" lon="103.3514461">
    <ele>242</ele>
   </trkpt>
   <trkpt lat="2.0245668" lon="103.3514421">
    <ele>241</ele>
   </trkpt>
   <trkpt lat="2.0245687" lon="103.3514315">
    <ele>238</ele>
   </trkpt>
   <trkpt lat="2.0245639" lon="103.3514123">
    <ele>238</ele>
   </trkpt>
   <trkpt lat="2.0245603" lon="103.3514038">
    <ele>237</ele>
   </trkpt>
   <trkpt lat="2.0245567" lon="103.3513955">
    <ele>237</ele>
   </trkpt>
   <trkpt lat="2.0245532" lon="103.3513871">
    <ele>237</ele>
   </trkpt>
   <trkpt lat="2.0245495" lon="103.3513581">
    <ele>237</ele>
   </trkpt>
   <trkpt lat="2.0245498" lon="103.3513486">
    <ele>236</ele>
   </trkpt>
   <trkpt lat="2.0245502" lon="103.3513391">
    <ele>236</ele>
   </trkpt>
   <trkpt lat="2.0245506" lon="103.3513296">
    <ele>236</ele>
   </trkpt>
   <trkpt lat="2.0245522" lon="103.3513024">
    <ele>236</ele>
   </trkpt>
   <trkpt lat="2.0245515" lon="103.3512964">
    <ele>235</ele>
   </trkpt>
   <trkpt lat="2.0245508" lon="103.3512904">
    <ele>235</ele>
   </trkpt>
   <trkpt lat="2.0245502" lon="103.3512845">
    <ele>234</ele>
   </trkpt>
   <trkpt lat="2.0245449" lon="103.3512707">
    <ele>234</ele>
   </trkpt>
   <trkpt lat="2.0245447" lon="103.3512657">
    <ele>233</ele>
   </trkpt>
   <trkpt lat="2.0245446" lon="103.3512609">
    <ele>233</ele>
   </trkpt>
   <trkpt lat="2.0245445" lon="103.3512562">
    <ele>233</ele>
   </trkpt>
   <trkpt lat="2.0245514" lon="103.3512447">
    <ele>233</ele>
   </trkpt>
   <trkpt lat="2.0245541" lon="103.3512396">
    <ele>232</ele>
   </trkpt>
   <trkpt lat="2.0245568" lon="103.3512345">
    <ele>232</ele>
   </trkpt>
   <trkpt lat="2.0245595" lon="103.3512295">
    <ele>231</ele>
   </trkpt>
   <trkpt lat="2.0245675" lon="103.3512112">
    <ele>231</ele>
   </trkpt>
   <trkpt lat="2.0245677" lon="103.3512055">
    <ele>230</ele>
   </trkpt>
   <trkpt lat="2.0245679" lon="103.3511998">
    <ele>230</ele>
   </trkpt>
   <trkpt lat="2.0245681" lon="103.3511942">
    <ele>229</ele>
   </trkpt>
   <trkpt lat="2.0245596" lon="103.3511743">
    <ele>229</ele>
   </trkpt>
   <trkpt lat="2.0245555" lon="103.3511663">
    <ele>228</ele>
   </trkpt>
   <trkpt lat="2.0245516" lon="103.3511583">
    <ele>228</ele>
   </trkpt>
   <trkpt lat="2.0245476" lon="103.3511504">
    <ele>227</ele>
   </trkpt>
   <trkpt lat="2.0245381" lon="103.3511220">
    <ele>227</ele>
   </trkpt>
   <trkpt lat="2.0245357" lon="103.3511123">
    <ele>226</ele>
   </trkpt>
   <trkpt lat="2.0245333" lon="103.3511026">
    <ele>226</ele>
   </trkpt>
   <trkpt lat="2.0245310" lon="103.3510930">
    <ele>225</ele>
   </trkpt>
   <trkpt lat="2.0245268" lon="103.3510615">
    <ele>225</ele>
   </trkpt>
   <trkpt lat="2.0245264" lon="103.3510499">
    <ele>224</ele>
   </trkpt>
   <trkpt lat="2.0245260" lon="103.3510383">
    <ele>224</ele>
   </trkpt>
   <trkpt lat="2.0245256" lon="103.3510268">
    <ele>223</ele>
   </trkpt>
   <trkpt lat="2.0245227" lon="103.3509927">
    <ele>223</ele>
   </trkpt>
   <trkpt lat="2.0245228" lon="103.3509818">
    <ele>222</ele>
   </trkpt>
   <trkpt lat="2.0245229" lon="103.3509708">
    <ele>222</ele>
   </trkpt>
   <trkpt lat="2.0245230" lon="103.3509600">
    <ele>221</ele>
   </trkpt>
   <trkpt lat="2.0245261" lon="103.3509304">
    <ele>221</ele>
   </trkpt>
   <trkpt lat="2.0245230" lon="103.3509189">
    <ele>220</ele>
   </trkpt>
   <trkpt lat="2.0245199" lon="103.3509074">
    <ele>220</ele>
   </trkpt>
   <trkpt lat="2.0245167" lon="103.3508959">
    <ele>220</ele>
   </trkpt>
   <trkpt lat="2.0244939" lon="103.3508581">
    <ele>220</ele>
   </trkpt>
   <trkpt lat="2.0244865" lon="103.3508443">
    <ele>219</ele>
   </trkpt>
   <trkpt lat="2.0244791" lon="103.3508305">
    <ele>219</ele>
   </trkpt>
   <trkpt lat="2.0244717" lon="103.3508167">
    <ele>218</ele>
   </trkpt>
   <trkpt lat="2.0244596" lon="103.3507729">
    <ele>218</ele>
   </trkpt>
   <trkpt lat="2.0244586" lon="103.3507586">
    <ele>217</ele>
   </trkpt>
   <trkpt lat="2.0244576" lon="103.3507444">
    <ele>217</ele>
   </trkpt>
   <trkpt lat="2.0244567" lon="103.3507302">
    <ele>217</ele>
   </trkpt>
   <trkpt lat="2.0244610" lon="103.3506895">
    <ele>217</ele>
   </trkpt>
   <trkpt lat="2.0244658" lon="103.3506759">
    <ele>216</ele>
   </trkpt>
   <trkpt lat="2.0244706" lon="103.3506624">
    <ele>216</ele>
   </trkpt>
   <trkpt lat="2.0244755" lon="103.3506489">
    <ele>215</ele>
   </trkpt>
   <trkpt lat="2.0244971" lon="103.3506075">
    <ele>215</ele>
   </trkpt>
   <trkpt lat="2.0245052" lon="103.3505939">
    <ele>214</ele>
   </trkpt>
   <trkpt lat="2.0245133" lon="103.3505803">
    <ele>214</ele>
   </trkpt>
   <trkpt lat="2.0245215" lon="103.3505668">
    <ele>213</ele>
   </trkpt>
   <trkpt lat="2.0245501" lon="103.3505253">
    <ele>213</ele>
   </trkpt>
   <trkpt lat="2.0245561" lon="103.3505114">
    <ele>212</ele>
   </trkpt>
   <trkpt lat="2.0245620" lon="103.3504975">
    <ele>212</ele>
   </trkpt>
   <trkpt lat="2.0245682" lon="103.3504837">
    <ele>211</ele>
   </trkpt>
   <trkpt lat="2.0245725" lon="103.3504344">
    <ele>211</ele>
   </trkpt>
   <trkpt lat="2.0245734" lon="103.3504171">
    <ele>210</ele>
   </trkpt>
   <trkpt lat="2.0245745" lon="103.3503998">
    <ele>210</ele>
   </trkpt>
   <trkpt lat="2.0245756" lon="103.3503826">
    <ele>210</ele>
   </trkpt>
   <trkpt lat="2.0245850" lon="103.3503327">
    <ele>210</ele>
   </trkpt>
   <trkpt lat="2.0245884" lon="103.3503183">
    <ele>209</ele>
   </trkpt>
   <trkpt lat="2.0245919" lon="103.3503039">
    <ele>209</ele>
   </trkpt>
   <trkpt lat="2.0245954" lon="103.3502896">
    <ele>209</ele>
   </trkpt>
   <trkpt lat="2.0245971" lon="103.3502510">
    <ele>209</ele>
   </trkpt>
   <trkpt lat="2.0245966" lon="103.3502385">
    <ele>208</ele>
   </trkpt>
   <trkpt lat="2.0245961" lon="103.3502261">
    <ele>208</ele>
   </trkpt>
   <trkpt lat="2.0245957" lon="103.3502137">
    <ele>207</ele>
   </trkpt>
   <trkpt lat="2.0245986" lon="103.3501689">
    <ele>207</ele>
   </trkpt>
   <trkpt lat="2.0246030" lon="103.3501521">
    <ele>206</ele>
   </trkpt>
   <trkpt lat="2.0246075" lon="103.3501352">
    <ele>206</ele>
   </trkpt>
   <trkpt lat="2.0246120" lon="103.3501183">
    <ele>206</ele>
   </trkpt>
   <trkpt lat="2.0246304" lon="103.3500672">
    <ele>206</ele>
   </trkpt>
   <trkpt lat="2.0246340" lon="103.3500508">
    <ele>205</ele>
   </trkpt>
   <trkpt lat="2.0246377" lon="103.3500344">
    <ele>205</ele>
   </trkpt>
   <trkpt lat="2.0246414" lon="103.3500180">
    <ele>204</ele>
   </trkpt>
   <trkpt lat="2.0246430" lon="103.3499741">
    <ele>204</ele>
   </trkpt>
   <trkpt lat="2.0246392" lon="103.3499603">
    <ele>203</ele>
   </trkpt>
   <trkpt lat="2.0246355" lon="103.3499465">
    <ele>203</ele>
   </trkpt>
   <trkpt lat="2.0246318" lon="103.3499327">
    <ele>202</ele>
   </trkpt>
   <trkpt lat="2.0246112" lon="103.3498934">
    <ele>202</ele>
   </trkpt>
   <trkpt lat="2.0246048" lon="103.3498792">
    <ele>201</ele>
   </trkpt>
   <trkpt lat="2.0245984" lon="103.3498650">
    <ele>201</ele>
   </trkpt>
   <trkpt lat="2.0245921" lon="103.3498509">
    <ele>200</ele>
   </trkpt>
   <trkpt lat="2.0245789" lon="103.3498004">
    <ele>200</ele>
   </trkpt>
   <trkpt lat="2.0245751" lon="103.3497843">
    <ele>199</ele>
   </trkpt>
   <trkpt lat="2.0245714" lon="103.3497682">
    <ele>199</ele>
   </trkpt>
   <trkpt lat="2.0245677" lon="103.3497522">
    <ele>199</ele>
   </trkpt>
   <trkpt lat="2.0245530" lon="103.3497092">
    <ele>199</ele>
   </trkpt>
   <trkpt lat="2.0245478" lon="103.3496947">
    <ele>198</ele>
   </trkpt>
   <trkpt lat="2.0245426" lon="103.3496802">
    <ele>198</ele>
   </trkpt>
   <trkpt lat="2.0245374" lon="103.3496657">
    <ele>197</ele>
   </trkpt>
   <trkpt lat="2.0245251" lon="103.3496240">
    <ele>197</ele>
   </trkpt>
   <trkpt lat="2.0245193" lon="103.3496122">
    <ele>196</ele>
   </trkpt>
   <trkpt lat="2.0245135" lon="103.3496004">
    <ele>196</ele>
   </trkpt>
   <trkpt lat="2.0245078" lon="103.3495887">
    <ele>196</ele>
   </trkpt>
   <trkpt lat="2.0244810" lon="103.3495653">
    <ele>196</ele>
   </trkpt>
   <trkpt lat="2.0244689" lon="103.3495595">
    <ele>195</ele>
   </trkpt>
   <trkpt lat="2.0244568" lon="103.3495537">
    <ele>195</ele>
   </trkpt>
   <trkpt lat="2.0244447" lon="103.3495480">
    <ele>194</ele>
   </trkpt>
   <trkpt lat="2.0244101" lon="103.3495283">
    <ele>194</ele>
   </trkpt>
   <trkpt lat="2.0244006" lon="103.3495183">
    <ele>193</ele>
   </trkpt>
   <trkpt lat="2.0243912" lon="103.3495084">
    <ele>193</ele>
   </trkpt>
   <trkpt lat="2.0243818" lon="103.3494985">
    <ele>193</ele>
   </trkpt>
   <trkpt lat="2.0243520" lon="103.3494581">
    <ele>193</ele>
   </trkpt>
   <trkpt lat="2.0243403" lon="103.3494446">
    <ele>192</ele>
   </trkpt>
   <trkpt lat="2.0243287" lon="103.3494311">
    <ele>192</ele>
   </trkpt>
   <trkpt lat="2.0243171" lon="103.3494176">
    <ele>192</ele>
   </trkpt>
   <trkpt lat="2.0242753" lon="103.3493874">
    <ele>192</ele>
   </trkpt>
   <trkpt lat="2.0242610" lon="103.3493776">
    <ele>191</ele>
   </trkpt>
   <trkpt lat="2.0242467" lon="103.3493678">
    <ele>191</ele>
   </trkpt>
   <trkpt lat="2.0242326" lon="103.3493580">
    <ele>191</ele>
   </trkpt>
   <trkpt lat="2.0242089" lon="103.3493230">
    <ele>191</ele>
   </trkpt>
   <trkpt lat="2.0242060" lon="103.3493103">
    <ele>190</ele>
   </trkpt>
   <trkpt lat="2.0242033" lon="103.3492976">
    <ele>190</ele>
   </trkpt>
   <trkpt lat="2.0242005" lon="103.3492850">
    <ele>189</ele>
   </trkpt>
   <trkpt lat="2.0241911" lon="103.3492543">
    <ele>189</ele>
   </trkpt>
   <trkpt lat="2.0241845" lon="103.3492481">
    <ele>188</ele>
   </trkpt>
   <trkpt lat="2.0241779" lon="103.3492419">
    <ele>188</ele>
   </trkpt>
   <trkpt lat="2.0241713" lon="103.3492358">
    <ele>187</ele>
   </trkpt>
   <trkpt lat="2.0241423" lon="103.3492265">
    <ele>187</ele>
   </trkpt>
   <trkpt lat="2.0241317" lon="103.3492245">
    <ele>186</ele>
   </trkpt>
   <trkpt lat="2.0241211" lon="103.3492226">
    <ele>186</ele>
   </trkpt>
   <trkpt lat="2.0241105" lon="103.3492207">
    <ele>185</ele>
   </trkpt>
   <trkpt lat="2.0240868" lon="103.3492196">
    <ele>185</ele>
   </trkpt>
   <trkpt lat="2.0240801" lon="103.3492189">
    <ele>184</ele>
   </trkpt>
   <trkpt lat="2.0240733" lon="103.3492183">
    <ele>184</ele>
   </trkpt>
   <trkpt lat="2.0240668" lon="103.3492177">
    <ele>184</ele>
   </trkpt>
   <trkpt lat="2.0240505" lon="103.3492145">
    <ele>184</ele>
   </trkpt>
   <trkpt lat="2.0240455" lon="103.3492130">
    <ele>183</ele>
   </trkpt>
   <trkpt lat="2.0240405" lon="103.3492116">
    <ele>183</ele>
   </trkpt>
   <trkpt lat="2.0240355" lon="103.3492102">
    <ele>183</ele>
   </trkpt>
   <trkpt lat="2.0240169" lon="103.3492068">
    <ele>183</ele>
   </trkpt>
   <trkpt lat="2.0240104" lon="103.3492073">
    <ele>182</ele>
   </trkpt>
   <trkpt lat="2.0240039" lon="103.3492078">
    <ele>182</ele>
   </trkpt>
   <trkpt lat="2.0239975" lon="103.3492083">
    <ele>181</ele>
   </trkpt>
   <trkpt lat="2.0239784" lon="103.3492184">
    <ele>181</ele>
   </trkpt>
   <trkpt lat="2.0239723" lon="103.3492216">
    <ele>180</ele>
   </trkpt>
   <trkpt lat="2.0239662" lon="103.3492248">
    <ele>180</ele>
   </trkpt>
   <trkpt lat="2.0239602" lon="103.3492280">
    <ele>180</ele>
   </trkpt>
   <trkpt lat="2.0239455" lon="103.3492329">
    <ele>180</ele>
   </trkpt>
   <trkpt lat="2.0239457" lon="103.3492360">
    <ele>178</ele>
   </trkpt>
   <trkpt lat="2.0239442" lon="103.3492368">
    <ele>178</ele>
   </trkpt>
   <trkpt lat="2.0239422" lon="103.3492337">
    <ele>178</ele>
   </trkpt>
   <trkpt lat="2.0239403" lon="103.3492308">
    <ele>178</ele>
   </trkpt>
   <trkpt lat="2.0239384" lon="103.3492278">
    <ele>179</ele>
   </trkpt>
   <trkpt lat="2.0239290" lon="103.3492128">
    <ele>179</ele>
   </trkpt>
   <trkpt lat="2.0239269" lon="103.3492098">
    <ele>179</ele>
   </trkpt>
   <trkpt lat="2.0239248" lon="103.3492069">
    <ele>179</ele>
   </trkpt>
   <trkpt lat="2.0239227" lon="103.3492040">
    <ele>179</ele>
   </trkpt>
   <trkpt lat="2.0239167" lon="103.3491970">
    <ele>179</ele>
   </trkpt>
   <trkpt lat="2.0239128" lon="103.3491940">
    <ele>179</ele>
   </trkpt>
   <trkpt lat="2.0239089" lon="103.3491910">
    <ele>179</ele>
   </trkpt>
   <trkpt lat="2.0239050" lon="103.3491881">
    <ele>179</ele>
   </trkpt>
   <trkpt lat="2.0238922" lon="103.3491781">
    <ele>179</ele>
   </trkpt>
   <trkpt lat="2.0238885" lon="103.3491738">
    <ele>179</ele>
   </trkpt>
   <trkpt lat="2.0238848" lon="103.3491695">
    <ele>179</ele>
   </trkpt>
   <trkpt lat="2.0238811" lon="103.3491652">
    <ele>180</ele>
   </trkpt>
   <trkpt lat="2.0238718" lon="103.3491494">
    <ele>180</ele>
   </trkpt>
   <trkpt lat="2.0238691" lon="103.3491428">
    <ele>180</ele>
   </trkpt>
   <trkpt lat="2.0238664" lon="103.3491362">
    <ele>180</ele>
   </trkpt>
   <trkpt lat="2.0238638" lon="103.3491297">
    <ele>180</ele>
   </trkpt>
   <trkpt lat="2.0238567" lon="103.3491026">
    <ele>179</ele>
   </trkpt>
   <trkpt lat="2.0238551" lon="103.3490902">
    <ele>179</ele>
   </trkpt>
   <trkpt lat="2.0238535" lon="103.3490778">
    <ele>179</ele>
   </trkpt>
   <trkpt lat="2.0238519" lon="103.3490655">
    <ele>179</ele>
   </trkpt>
   <trkpt lat="2.0238461" lon="103.3490239">
    <ele>178</ele>
   </trkpt>
   <trkpt lat="2.0238436" lon="103.3490112">
    <ele>178</ele>
   </trkpt>
   <trkpt lat="2.0238411" lon="103.3489984">
    <ele>178</ele>
   </trkpt>
   <trkpt lat="2.0238387" lon="103.3489859">
    <ele>178</ele>
   </trkpt>
   <trkpt lat="2.0238327" lon="103.3489500">
    <ele>177</ele>
   </trkpt>
   <trkpt lat="2.0238299" lon="103.3489400">
    <ele>177</ele>
   </trkpt>
   <trkpt lat="2.0238271" lon="103.3489300">
    <ele>177</ele>
   </trkpt>
   <trkpt lat="2.0238244" lon="103.3489201">
    <ele>177</ele>
   </trkpt>
   <trkpt lat="2.0238071" lon="103.3488919">
    <ele>176</ele>
   </trkpt>
   <trkpt lat="2.0237985" lon="103.3488841">
    <ele>176</ele>
   </trkpt>
   <trkpt lat="2.0237899" lon="103.3488763">
    <ele>176</ele>
   </trkpt>
   <trkpt lat="2.0237813" lon="103.3488685">
    <ele>176</ele>
   </trkpt>
   <trkpt lat="2.0237508" lon="103.3488475">
    <ele>175</ele>
   </trkpt>
   <trkpt lat="2.0237398" lon="103.3488393">
    <ele>175</ele>
   </trkpt>
   <trkpt lat="2.0237289" lon="103.3488311">
    <ele>175</ele>
   </trkpt>
   <trkpt lat="2.0237180" lon="103.3488230">
    <ele>175</ele>
   </trkpt>
   <trkpt lat="2.0236902" lon="103.3487935">
    <ele>174</ele>
   </trkpt>
   <trkpt lat="2.0236845" lon="103.3487820">
    <ele>174</ele>
   </trkpt>
   <trkpt lat="2.0236788" lon="103.3487706">
    <ele>173</ele>
   </trkpt>
   <trkpt lat="2.0236732" lon="103.3487592">
    <ele>173</ele>
   </trkpt>
   <trkpt lat="2.0236659" lon="103.3487218">
    <ele>172</ele>
   </trkpt>
   <trkpt lat="2.0236629" lon="103.3487109">
    <ele>172</ele>
   </trkpt>
   <trkpt lat="2.0236599" lon="103.3487001">
    <ele>171</ele>
   </trkpt>
   <trkpt lat="2.0236569" lon="103.3486893">
    <ele>171</ele>
   </trkpt>
   <trkpt lat="2.0236441" lon="103.3486556">
    <ele>170</ele>
   </trkpt>
   <trkpt lat="2.0236405" lon="103.3486433">
    <ele>170</ele>
   </trkpt>
   <trkpt lat="2.0236369" lon="103.3486311">
    <ele>170</ele>
   </trkpt>
   <trkpt lat="2.0236334" lon="103.3486189">
    <ele>170</ele>
   </trkpt>
   <trkpt lat="2.0236229" lon="103.3485811">
    <ele>169</ele>
   </trkpt>
   <trkpt lat="2.0236201" lon="103.3485685">
    <ele>169</ele>
   </trkpt>
   <trkpt lat="2.0236173" lon="103.3485561">
    <ele>168</ele>
   </trkpt>
   <trkpt lat="2.0236146" lon="103.3485436">
    <ele>168</ele>
   </trkpt>
   <trkpt lat="2.0236080" lon="103.3485080">
    <ele>167</ele>
   </trkpt>
   <trkpt lat="2.0236081" lon="103.3484972">
    <ele>167</ele>
   </trkpt>
   <trkpt lat="2.0236082" lon="103.3484864">
    <ele>167</ele>
   </trkpt>
   <trkpt lat="2.0236085" lon="103.3484756">
    <ele>167</ele>
   </trkpt>
   <trkpt lat="2.0236104" lon="103.3484462">
    <ele>166</ele>
   </trkpt>
   <trkpt lat="2.0236099" lon="103.3484359">
    <ele>166</ele>
   </trkpt>
   <trkpt lat="2.0236095" lon="103.3484256">
    <ele>166</ele>
   </trkpt>
   <trkpt lat="2.0236091" lon="103.3484153">
    <ele>166</ele>
   </trkpt>
   <trkpt lat="2.0236128" lon="103.3483801">
    <ele>165</ele>
   </trkpt>
   <trkpt lat="2.0236155" lon="103.3483664">
    <ele>165</ele>
   </trkpt>
   <trkpt lat="2.0236183" lon="103.3483526">
    <ele>164</ele>
   </trkpt>
   <trkpt lat="2.0236211" lon="103.3483389">
    <ele>164</ele>
   </trkpt>
   <trkpt lat="2.0236234" lon="103.3482979">
    <ele>163</ele>
   </trkpt>
   <trkpt lat="2.0236212" lon="103.3482843">
    <ele>163</ele>
   </trkpt>
   <trkpt lat="2.0236191" lon="103.3482707">
    <ele>163</ele>
   </trkpt>
   <trkpt lat="2.0236170" lon="103.3482571">
    <ele>163</ele>
   </trkpt>
   <trkpt lat="2.0236143" lon="103.3482099">
    <ele>162</ele>
   </trkpt>
   <trkpt lat="2.0236172" lon="103.3481939">
    <ele>162</ele>
   </trkpt>
   <trkpt lat="2.0236201" lon="103.3481780">
    <ele>162</ele>
   </trkpt>
   <trkpt lat="2.0236230" lon="103.3481621">
    <ele>162</ele>
   </trkpt>
   <trkpt lat="2.0236421" lon="103.3481196">
    <ele>162</ele>
   </trkpt>
   <trkpt lat="2.0236492" lon="103.3481062">
    <ele>162</ele>
   </trkpt>
   <trkpt lat="2.0236564" lon="103.3480928">
    <ele>162</ele>
   </trkpt>
   <trkpt lat="2.0236636" lon="103.3480795">
    <ele>162</ele>
   </trkpt>
   <trkpt lat="2.0236774" lon="103.3480423">
    <ele>161</ele>
   </trkpt>
   <trkpt lat="2.0236842" lon="103.3480321">
    <ele>161</ele>
   </trkpt>
   <trkpt lat="2.0236910" lon="103.3480219">
    <ele>161</ele>
   </trkpt>
   <trkpt lat="2.0236978" lon="103.3480117">
    <ele>161</ele>
   </trkpt>
   <trkpt lat="2.0237227" lon="103.3479845">
    <ele>160</ele>
   </trkpt>
   <trkpt lat="2.0237275" lon="103.3479731">
    <ele>160</ele>
   </trkpt>
   <trkpt lat="2.0237323" lon="103.3479617">
    <ele>160</ele>
   </trkpt>
   <trkpt lat="2.0237371" lon="103.3479504">
    <ele>160</ele>
   </trkpt>
   <trkpt lat="2.0237405" lon="103.3479013">
    <ele>159</ele>
   </trkpt>
   <trkpt lat="2.0237403" lon="103.3478830">
    <ele>159</ele>
   </trkpt>
   <trkpt lat="2.0237401" lon="103.3478647">
    <ele>159</ele>
   </trkpt>
   <trkpt lat="2.0237400" lon="103.3478465">
    <ele>159</ele>
   </trkpt>
   <trkpt lat="2.0237403" lon="103.3477957">
    <ele>158</ele>
   </trkpt>
   <trkpt lat="2.0237423" lon="103.3477797">
    <ele>158</ele>
   </trkpt>
   <trkpt lat="2.0237443" lon="103.3477638">
    <ele>158</ele>
   </trkpt>
   <trkpt lat="2.0237464" lon="103.3477479">
    <ele>158</ele>
   </trkpt>
   <trkpt lat="2.0237527" lon="103.3477055">
    <ele>158</ele>
   </trkpt>
   <trkpt lat="2.0237547" lon="103.3476912">
    <ele>158</ele>
   </trkpt>
   <trkpt lat="2.0237567" lon="103.3476771">
    <ele>158</ele>
   </trkpt>
   <trkpt lat="2.0237588" lon="103.3476630">
    <ele>158</ele>
   </trkpt>
   <trkpt lat="2.0237680" lon="103.3476271">
    <ele>157</ele>
   </trkpt>
   <trkpt lat="2.0237713" lon="103.3476149">
    <ele>157</ele>
   </trkpt>
   <trkpt lat="2.0237746" lon="103.3476027">
    <ele>156</ele>
   </trkpt>
   <trkpt lat="2.0237780" lon="103.3475906">
    <ele>156</ele>
   </trkpt>
   <trkpt lat="2.0237845" lon="103.3475483">
    <ele>155</ele>
   </trkpt>
   <trkpt lat="2.0237847" lon="103.3475348">
    <ele>155</ele>
   </trkpt>
   <trkpt lat="2.0237850" lon="103.3475214">
    <ele>155</ele>
   </trkpt>
   <trkpt lat="2.0237853" lon="103.3475080">
    <ele>155</ele>
   </trkpt>
   <trkpt lat="2.0237895" lon="103.3474707">
    <ele>154</ele>
   </trkpt>
   <trkpt lat="2.0237925" lon="103.3474600">
    <ele>154</ele>
   </trkpt>
   <trkpt lat="2.0237956" lon="103.3474492">
    <ele>153</ele>
   </trkpt>
   <trkpt lat="2.0237987" lon="103.3474386">
    <ele>153</ele>
   </trkpt>
   <trkpt lat="2.0237968" lon="103.3474092">
    <ele>152</ele>
   </trkpt>
   <trkpt lat="2.0237936" lon="103.3473978">
    <ele>152</ele>
   </trkpt>
   <trkpt lat="2.0237903" lon="103.3473865">
    <ele>152</ele>
   </trkpt>
   <trkpt lat="2.0237870" lon="103.3473752">
    <ele>152</ele>
   </trkpt>
   <trkpt lat="2.0237754" lon="103.3473422">
    <ele>151</ele>
   </trkpt>
   <trkpt lat="2.0237710" lon="103.3473335">
    <ele>151</ele>
   </trkpt>
   <trkpt lat="2.0237666" lon="103.3473247">
    <ele>150</ele>
   </trkpt>
   <trkpt lat="2.0237622" lon="103.3473160">
    <ele>150</ele>
   </trkpt>
   <trkpt lat="2.0237511" lon="103.3472882">
    <ele>149</ele>
   </trkpt>
   <trkpt lat="2.0237465" lon="103.3472792">
    <ele>149</ele>
   </trkpt>
   <trkpt lat="2.0237419" lon="103.3472702">
    <ele>149</ele>
   </trkpt>
   <trkpt lat="2.0237373" lon="103.3472613">
    <ele>149</ele>
   </trkpt>
   <trkpt lat="2.0237211" lon="103.3472420">
    <ele>148</ele>
   </trkpt>
   <trkpt lat="2.0237154" lon="103.3472364">
    <ele>148</ele>
   </trkpt>
   <trkpt lat="2.0237097" lon="103.3472309">
    <ele>147</ele>
   </trkpt>
   <trkpt lat="2.0237040" lon="103.3472256">
    <ele>147</ele>
   </trkpt>
   <trkpt lat="2.0236913" lon="103.3472070">
    <ele>146</ele>
   </trkpt>
   <trkpt lat="2.0236912" lon="103.3472002">
    <ele>146</ele>
   </trkpt>
   <trkpt lat="2.0236911" lon="103.3471934">
    <ele>146</ele>
   </trkpt>
   <trkpt lat="2.0236910" lon="103.3471867">
    <ele>146</ele>
   </trkpt>
   <trkpt lat="2.0236941" lon="103.3471654">
    <ele>145</ele>
   </trkpt>
   <trkpt lat="2.0236931" lon="103.3471555">
    <ele>145</ele>
   </trkpt>
   <trkpt lat="2.0236921" lon="103.3471457">
    <ele>144</ele>
   </trkpt>
   <trkpt lat="2.0236912" lon="103.3471359">
    <ele>144</ele>
   </trkpt>
   <trkpt lat="2.0236860" lon="103.3471034">
    <ele>143</ele>
   </trkpt>
   <trkpt lat="2.0236863" lon="103.3470952">
    <ele>143</ele>
   </trkpt>
   <trkpt lat="2.0236866" lon="103.3470871">
    <ele>142</ele>
   </trkpt>
   <trkpt lat="2.0236869" lon="103.3470789">
    <ele>142</ele>
   </trkpt>
   <trkpt lat="2.0236956" lon="103.3470537">
    <ele>141</ele>
   </trkpt>
   <trkpt lat="2.0236982" lon="103.3470456">
    <ele>141</ele>
   </trkpt>
   <trkpt lat="2.0237008" lon="103.3470375">
    <ele>140</ele>
   </trkpt>
   <trkpt lat="2.0237035" lon="103.3470296">
    <ele>140</ele>
   </trkpt>
   <trkpt lat="2.0237021" lon="103.3470112">
    <ele>139</ele>
   </trkpt>
   <trkpt lat="2.0236991" lon="103.3470055">
    <ele>139</ele>
   </trkpt>
   <trkpt lat="2.0236963" lon="103.3469998">
    <ele>139</ele>
   </trkpt>
   <trkpt lat="2.0236934" lon="103.3469941">
    <ele>139</ele>
   </trkpt>
   <trkpt lat="2.0236757" lon="103.3469752">
    <ele>138</ele>
   </trkpt>
   <trkpt lat="2.0236675" lon="103.3469694">
    <ele>138</ele>
   </trkpt>
   <trkpt lat="2.0236593" lon="103.3469637">
    <ele>138</ele>
   </trkpt>
   <trkpt lat="2.0236512" lon="103.3469580">
    <ele>138</ele>
   </trkpt>
   <trkpt lat="2.0236310" lon="103.3469368">
    <ele>137</ele>
   </trkpt>
   <trkpt lat="2.0236266" lon="103.3469298">
    <ele>137</ele>
   </trkpt>
   <trkpt lat="2.0236222" lon="103.3469228">
    <ele>136</ele>
   </trkpt>
   <trkpt lat="2.0236179" lon="103.3469158">
    <ele>136</ele>
   </trkpt>
   <trkpt lat="2.0236200" lon="103.3468909">
    <ele>135</ele>
   </trkpt>
   <trkpt lat="2.0236237" lon="103.3468814">
    <ele>135</ele>
   </trkpt>
   <trkpt lat="2.0236275" lon="103.3468719">
    <ele>135</ele>
   </trkpt>
   <trkpt lat="2.0236313" lon="103.3468625">
    <ele>135</ele>
   </trkpt>
   <trkpt lat="2.0236335" lon="103.3468255">
    <ele>134</ele>
   </trkpt>
   <trkpt lat="2.0236310" lon="103.3468105">
    <ele>134</ele>
   </trkpt>
   <trkpt lat="2.0236285" lon="103.3467955">
    <ele>133</ele>
   </trkpt>
   <trkpt lat="2.0236261" lon="103.3467807">
    <ele>133</ele>
   </trkpt>
   <trkpt lat="2.0236182" lon="103.3467375">
    <ele>132</ele>
   </trkpt>
   <trkpt lat="2.0236184" lon="103.3467244">
    <ele>132</ele>
   </trkpt>
   <trkpt lat="2.0236186" lon="103.3467113">
    <ele>132</ele>
   </trkpt>
   <trkpt lat="2.0236189" lon="103.3466982">
    <ele>132</ele>
   </trkpt>
   <trkpt lat="2.0236198" lon="103.3466608">
    <ele>131</ele>
   </trkpt>
   <trkpt lat="2.0236201" lon="103.3466486">
    <ele>131</ele>
   </trkpt>
   <trkpt lat="2.0236204" lon="103.3466364">
    <ele>131</ele>
   </trkpt>
   <trkpt lat="2.0236208" lon="103.3466243">
    <ele>131</ele>
   </trkpt>
   <trkpt lat="2.0236220" lon="103.3465876">
    <ele>130</ele>
   </trkpt>
   <trkpt lat="2.0236219" lon="103.3465751">
    <ele>130</ele>
   </trkpt>
   <trkpt lat="2.0236219" lon="103.3465626">
    <ele>129</ele>
   </trkpt>
   <trkpt lat="2.0236219" lon="103.3465501">
    <ele>129</ele>
   </trkpt>
   <trkpt lat="2.0236170" lon="103.3465114">
    <ele>128</ele>
   </trkpt>
   <trkpt lat="2.0236155" lon="103.3464967">
    <ele>128</ele>
   </trkpt>
   <trkpt lat="2.0236139" lon="103.3464821">
    <ele>128</ele>
   </trkpt>
   <trkpt lat="2.0236125" lon="103.3464675">
    <ele>128</ele>
   </trkpt>
   <trkpt lat="2.0236154" lon="103.3464237">
    <ele>127</ele>
   </trkpt>
   <trkpt lat="2.0236199" lon="103.3464101">
    <ele>127</ele>
   </trkpt>
   <trkpt lat="2.0236244" lon="103.3463965">
    <ele>127</ele>
   </trkpt>
   <trkpt lat="2.0236290" lon="103.3463830">
    <ele>127</ele>
   </trkpt>
   <trkpt lat="2.0236453" lon="103.3463507">
    <ele>126</ele>
   </trkpt>
   <trkpt lat="2.0236534" lon="103.3463438">
    <ele>126</ele>
   </trkpt>
   <trkpt lat="2.0236614" lon="103.3463371">
    <ele>126</ele>
   </trkpt>
   <trkpt lat="2.0236696" lon="103.3463304">
    <ele>126</ele>
   </trkpt>
   <trkpt lat="2.0236959" lon="103.3463085">
    <ele>125</ele>
   </trkpt>
   <trkpt lat="2.0237044" lon="103.3462976">
    <ele>125</ele>
   </trkpt>
   <trkpt lat="2.0237129" lon="103.3462870">
    <ele>125</ele>
   </trkpt>
   <trkpt lat="2.0237214" lon="103.3462763">
    <ele>125</ele>
   </trkpt>
   <trkpt lat="2.0237474" lon="103.3462431">
    <ele>124</ele>
   </trkpt>
   <trkpt lat="2.0237550" lon="103.3462340">
    <ele>124</ele>
   </trkpt>
   <trkpt lat="2.0237626" lon="103.3462249">
    <ele>124</ele>
   </trkpt>
   <trkpt lat="2.0237702" lon="103.3462159">
    <ele>124</ele>
   </trkpt>
   <trkpt lat="2.0237825" lon="103.3461830">
    <ele>123</ele>
   </trkpt>
   <trkpt lat="2.0237830" lon="103.3461699">
    <ele>123</ele>
   </trkpt>
   <trkpt lat="2.0237835" lon="103.3461568">
    <ele>123</ele>
   </trkpt>
   <trkpt lat="2.0237840" lon="103.3461437">
    <ele>123</ele>
   </trkpt>
   <trkpt lat="2.0237903" lon="103.3461038">
    <ele>122</ele>
   </trkpt>
   <trkpt lat="2.0237949" lon="103.3460904">
    <ele>122</ele>
   </trkpt>
   <trkpt lat="2.0237995" lon="103.3460771">
    <ele>122</ele>
   </trkpt>
   <trkpt lat="2.0238042" lon="103.3460638">
    <ele>122</ele>
   </trkpt>
   <trkpt lat="2.0238229" lon="103.3460221">
    <ele>121</ele>
   </trkpt>
   <trkpt lat="2.0238302" lon="103.3460055">
    <ele>121</ele>
   </trkpt>
   <trkpt lat="2.0238375" lon="103.3459890">
    <ele>121</ele>
   </trkpt>
   <trkpt lat="2.0238448" lon="103.3459725">
    <ele>121</ele>
   </trkpt>
   <trkpt lat="2.0238656" lon="103.3459211">
    <ele>120</ele>
   </trkpt>
   <trkpt lat="2.0238712" lon="103.3459053">
    <ele>120</ele>
   </trkpt>
   <trkpt lat="2.0238768" lon="103.3458895">
    <ele>120</ele>
   </trkpt>
   <trkpt lat="2.0238824" lon="103.3458737">
    <ele>120</ele>
   </trkpt>
   <trkpt lat="2.0238886" lon="103.3458303">
    <ele>119</ele>
   </trkpt>
   <trkpt lat="2.0238885" lon="103.3458176">
    <ele>119</ele>
   </trkpt>
   <trkpt lat="2.0238884" lon="103.3458049">
    <ele>119</ele>
   </trkpt>
   <trkpt lat="2.0238883" lon="103.3457923">
    <ele>119</ele>
   </trkpt>
   <trkpt lat="2.0238903" lon="103.3457592">
    <ele>118</ele>
   </trkpt>
   <trkpt lat="2.0238903" lon="103.3457485">
    <ele>118</ele>
   </trkpt>
   <trkpt lat="2.0238904" lon="103.3457378">
    <ele>117</ele>
   </trkpt>
   <trkpt lat="2.0238905" lon="103.3457271">
    <ele>117</ele>
   </trkpt>
   <trkpt lat="2.0238867" lon="103.3456951">
    <ele>116</ele>
   </trkpt>
   <trkpt lat="2.0238842" lon="103.3456856">
    <ele>116</ele>
   </trkpt>
   <trkpt lat="2.0238817" lon="103.3456761">
    <ele>116</ele>
   </trkpt>
   <trkpt lat="2.0238793" lon="103.3456666">
    <ele>116</ele>
   </trkpt>
   <trkpt lat="2.0238761" lon="103.3456374">
    <ele>115</ele>
   </trkpt>
   <trkpt lat="2.0238788" lon="103.3456289">
    <ele>115</ele>
   </trkpt>
   <trkpt lat="2.0238815" lon="103.3456204">
    <ele>115</ele>
   </trkpt>
   <trkpt lat="2.0238843" lon="103.3456120">
    <ele>115</ele>
   </trkpt>
   <trkpt lat="2.0238957" lon="103.3455921">
    <ele>114</ele>
   </trkpt>
   <trkpt lat="2.0238987" lon="103.3455841">
    <ele>114</ele>
   </trkpt>
   <trkpt lat="2.0239017" lon="103.3455762">
    <ele>113</ele>
   </trkpt>
   <trkpt lat="2.0239047" lon="103.3455683">
    <ele>113</ele>
   </trkpt>
   <trkpt lat="2.0239119" lon="103.3455395">
    <ele>112</ele>
   </trkpt>
   <trkpt lat="2.0239169" lon="103.3455290">
    <ele>112</ele>
   </trkpt>
   <trkpt lat="2.0239219" lon="103.3455185">
    <ele>112</ele>
   </trkpt>
   <trkpt lat="2.0239270" lon="103.3455081">
    <ele>112</ele>
   </trkpt>
   <trkpt lat="2.0239528" lon="103.3454808">
    <ele>111</ele>
   </trkpt>
   <trkpt lat="2.0239630" lon="103.3454749">
    <ele>111</ele>
   </trkpt>
   <trkpt lat="2.0239732" lon="103.3454691">
    <ele>110</ele>
   </trkpt>
   <trkpt lat="2.0239835" lon="103.3454633">
    <ele>110</ele>
   </trkpt>
   <trkpt lat="2.0240088" lon="103.3454457">
    <ele>109</ele>
   </trkpt>
   <trkpt lat="2.0240127" lon="103.3454344">
    <ele>109</ele>
   </trkpt>
   <trkpt lat="2.0240166" lon="103.3454231">
    <ele>109</ele>
   </trkpt>
   <trkpt lat="2.0240204" lon="103.3454117">
    <ele>109</ele>
   </trkpt>
   <trkpt lat="2.0240203" lon="103.3453688">
    <ele>108</ele>
   </trkpt>
   <trkpt lat="2.0240222" lon="103.3453557">
    <ele>108</ele>
   </trkpt>
   <trkpt lat="2.0240241" lon="103.3453428">
    <ele>107</ele>
   </trkpt>
   <trkpt lat="2.0240261" lon="103.3453298">
    <ele>107</ele>
   </trkpt>
   <trkpt lat="2.0240421" lon="103.3453012">
    <ele>106</ele>
   </trkpt>
   <trkpt lat="2.0240518" lon="103.3452934">
    <ele>106</ele>
   </trkpt>
   <trkpt lat="2.0240615" lon="103.3452857">
    <ele>106</ele>
   </trkpt>
   <trkpt lat="2.0240712" lon="103.3452779">
    <ele>106</ele>
   </trkpt>
   <trkpt lat="2.0241085" lon="103.3452596">
    <ele>105</ele>
   </trkpt>
   <trkpt lat="2.0241222" lon="103.3452554">
    <ele>105</ele>
   </trkpt>
   <trkpt lat="2.0241359" lon="103.3452514">
    <ele>104</ele>
   </trkpt>
   <trkpt lat="2.0241497" lon="103.3452473">
    <ele>104</ele>
   </trkpt>
   <trkpt lat="2.0241861" lon="103.3452427">
    <ele>103</ele>
   </trkpt>
   <trkpt lat="2.0241964" lon="103.3452423">
    <ele>103</ele>
   </trkpt>
   <trkpt lat="2.0242067" lon="103.3452419">
    <ele>102</ele>
   </trkpt>
   <trkpt lat="2.0242170" lon="103.3452416">
    <ele>102</ele>
   </trkpt>
   <trkpt lat="2.0242431" lon="103.3452410">
    <ele>101</ele>
   </trkpt>
   <trkpt lat="2.0242499" lon="103.3452379">
    <ele>101</ele>
   </trkpt>
   <trkpt lat="2.0242567" lon="103.3452349">
    <ele>101</ele>
   </trkpt>
   <trkpt lat="2.0242636" lon="103.3452319">
    <ele>101</ele>
   </trkpt>
   <trkpt lat="2.0242873" lon="103.3452252">
    <ele>100</ele>
   </trkpt>
   <trkpt lat="2.0242952" lon="103.3452235">
    <ele>100</ele>
   </trkpt>
   <trkpt lat="2.0243031" lon="103.3452219">
    <ele>99</ele>
   </trkpt>
   <trkpt lat="2.0243110" lon="103.3452203">
    <ele>99</ele>
   </trkpt>
   <trkpt lat="2.0243335" lon="103.3452155">
    <ele>98</ele>
   </trkpt>
   <trkpt lat="2.0243400" lon="103.3452135">
    <ele>98</ele>
   </trkpt>
   <trkpt lat="2.0243465" lon="103.3452116">
    <ele>98</ele>
   </trkpt>
   <trkpt lat="2.0243530" lon="103.3452099">
    <ele>98</ele>
   </trkpt>
   <trkpt lat="2.0243735" lon="103.3452028">
    <ele>97</ele>
   </trkpt>
   <trkpt lat="2.0243836" lon="103.3452024">
    <ele>97</ele>
   </trkpt>
   <trkpt lat="2.0243937" lon="103.3452020">
    <ele>96</ele>
   </trkpt>
   <trkpt lat="2.0244038" lon="103.3452017">
    <ele>96</ele>
   </trkpt>
   <trkpt lat="2.0244427" lon="103.3452152">
    <ele>95</ele>
   </trkpt>
   <trkpt lat="2.0244561" lon="103.3452238">
    <ele>95</ele>
   </trkpt>
   <trkpt lat="2.0244695" lon="103.3452326">
    <ele>95</ele>
   </trkpt>
   <trkpt lat="2.0244830" lon="103.3452414">
    <ele>95</ele>
   </trkpt>
   <trkpt lat="2.0245245" lon="103.3452675">
    <ele>95</ele>
   </trkpt>
   <trkpt lat="2.0245382" lon="103.3452743">
    <ele>95</ele>
   </trkpt>
   <trkpt lat="2.0245519" lon="103.3452813">
    <ele>95</ele>
   </trkpt>
   <trkpt lat="2.0245656" lon="103.3452883">
    <ele>95</ele>
   </trkpt>
   <trkpt lat="2.0246129" lon="103.3452979">
    <ele>95</ele>
   </trkpt>
   <trkpt lat="2.0246285" lon="103.3453018">
    <ele>95</ele>
   </trkpt>
   <trkpt lat="2.0246441" lon="103.3453058">
    <ele>95</ele>
   </trkpt>
   <trkpt lat="2.0246597" lon="103.3453098">
    <ele>95</ele>
   </trkpt>
   <trkpt lat="2.0246996" lon="103.3453190">
    <ele>94</ele>
   </trkpt>
   <trkpt lat="2.0247090" lon="103.3453159">
    <ele>94</ele>
   </trkpt>
   <trkpt lat="2.0247183" lon="103.3453128">
    <ele>94</ele>
   </trkpt>
   <trkpt lat="2.0247278" lon="103.3453098">
    <ele>94</ele>
   </trkpt>
   <trkpt lat="2.0247442" lon="103.3452848">
    <ele>93</ele>
   </trkpt>
   <trkpt lat="2.0247467" lon="103.3452766">
    <ele>93</ele>
   </trkpt>
   <trkpt lat="2.0247492" lon="103.3452684">
    <ele>93</ele>
   </trkpt>
   <trkpt lat="2.0247518" lon="103.3452602">
    <ele>93</ele>
   </trkpt>
   <trkpt lat="2.0247563" lon="103.3452396">
    <ele>92</ele>
   </trkpt>
   <trkpt lat="2.0247578" lon="103.3452307">
    <ele>92</ele>
   </trkpt>
   <trkpt lat="2.0247593" lon="103.3452217">
    <ele>92</ele>
   </trkpt>
   <trkpt lat="2.0247609" lon="103.3452128">
    <ele>92</ele>
   </trkpt>
   <trkpt lat="2.0247772" lon="103.3451759">
    <ele>91</ele>
   </trkpt>
   <trkpt lat="2.0247839" lon="103.3451629">
    <ele>91</ele>
   </trkpt>
   <trkpt lat="2.0247905" lon="103.3451499">
    <ele>90</ele>
   </trkpt>
   <trkpt lat="2.0247972" lon="103.3451369">
    <ele>90</ele>
   </trkpt>
   <trkpt lat="2.0248057" lon="103.3451055">
    <ele>89</ele>
   </trkpt>
   <trkpt lat="2.0248046" lon="103.3450978">
    <ele>89</ele>
   </trkpt>
   <trkpt lat="2.0248038" lon="103.3450900">
    <ele>89</ele>
   </trkpt>
   <trkpt lat="2.0248029" lon="103.3450824">
    <ele>89</ele>
   </trkpt>
   <trkpt lat="2.0247900" lon="103.3450634">
    <ele>89</ele>
   </trkpt>
   <trkpt lat="2.0247845" lon="103.3450567">
    <ele>89</ele>
   </trkpt>
   <trkpt lat="2.0247790" lon="103.3450500">
    <ele>89</ele>
   </trkpt>
   <trkpt lat="2.0247734" lon="103.3450434">
    <ele>89</ele>
   </trkpt>
   <trkpt lat="2.0247607" lon="103.3450170">
    <ele>89</ele>
   </trkpt>
   <trkpt lat="2.0247597" lon="103.3450085">
    <ele>89</ele>
   </trkpt>
   <trkpt lat="2.0247588" lon="103.3450000">
    <ele>89</ele>
   </trkpt>
   <trkpt lat="2.0247579" lon="103.3449915">
    <ele>89</ele>
   </trkpt>
   <trkpt lat="2.0247563" lon="103.3449689">
    <ele>89</ele>
   </trkpt>
   <trkpt lat="2.0247552" lon="103.3449620">
    <ele>89</ele>
   </trkpt>
   <trkpt lat="2.0247540" lon="103.3449551">
    <ele>89</ele>
   </trkpt>
   <trkpt lat="2.0247529" lon="103.3449483">
    <ele>89</ele>
   </trkpt>
   <trkpt lat="2.0247477" lon="103.3449301">
    <ele>89</ele>
   </trkpt>
   <trkpt lat="2.0247462" lon="103.3449239">
    <ele>89</ele>
   </trkpt>
   <trkpt lat="2.0247447" lon="103.3449176">
    <ele>89</ele>
   </trkpt>
   <trkpt lat="2.0247433" lon="103.3449113">
    <ele>89</ele>
   </trkpt>
   <trkpt lat="2.0247404" lon="103.3448877">
    <ele>89</ele>
   </trkpt>
   <trkpt lat="2.0247401" lon="103.3448807">
    <ele>89</ele>
   </trkpt>
   <trkpt lat="2.0247398" lon="103.3448738">
    <ele>89</ele>
   </trkpt>
   <trkpt lat="2.0247395" lon="103.3448669">
    <ele>89</ele>
   </trkpt>
   <trkpt lat="2.0247392" lon="103.3448600">
    <ele>89</ele>
   </trkpt>
   <trkpt lat="2.0247410" lon="103.3448334">
    <ele>89</ele>
   </trkpt>
   <trkpt lat="2.0247421" lon="103.3448249">
    <ele>89</ele>
   </trkpt>
   <trkpt lat="2.0247432" lon="103.3448164">
    <ele>89</ele>
   </trkpt>
   <trkpt lat="2.0247444" lon="103.3448079">
    <ele>89</ele>
   </trkpt>
   <trkpt lat="2.0247470" lon="103.3447941">
    <ele>89</ele>
   </trkpt>
   <trkpt lat="2.0247498" lon="103.3447868">
    <ele>89</ele>
   </trkpt>
   <trkpt lat="2.0247525" lon="103.3447796">
    <ele>89</ele>
   </trkpt>
   <trkpt lat="2.0247554" lon="103.3447724">
    <ele>89</ele>
   </trkpt>
   <trkpt lat="2.0247668" lon="103.3447512">
    <ele>89</ele>
   </trkpt>
   <trkpt lat="2.0247712" lon="103.3447457">
    <ele>89</ele>
   </trkpt>
   <trkpt lat="2.0247756" lon="103.3447402">
    <ele>89</ele>
   </trkpt>
   <trkpt lat="2.0247801" lon="103.3447347">
    <ele>89</ele>
   </trkpt>
   <trkpt lat="2.0247942" lon="103.3447223">
    <ele>89</ele>
   </trkpt>
   <trkpt lat="2.0247987" lon="103.3447182">
    <ele>89</ele>
   </trkpt>
   <trkpt lat="2.0248032" lon="103.3447141">
    <ele>89</ele>
   </trkpt>
   <trkpt lat="2.0248077" lon="103.3447100">
    <ele>89</ele>
   </trkpt>
   <trkpt lat="2.0248202" lon="103.3446989">
    <ele>89</ele>
   </trkpt>
   <trkpt lat="2.0248322" lon="103.3446865">
    <ele>89</ele>
   </trkpt>
   <trkpt lat="2.0248427" lon="103.3446742">
    <ele>89</ele>
   </trkpt>
   <trkpt lat="2.0248561" lon="103.3446555">
    <ele>89</ele>
   </trkpt>
   <trkpt lat="2.0248648" lon="103.3446398">
    <ele>89</ele>
   </trkpt>
   <trkpt lat="2.0248670" lon="103.3446352">
    <ele>88</ele>
   </trkpt>
   <trkpt lat="2.0248692" lon="103.3446308">
    <ele>88</ele>
   </trkpt>
   <trkpt lat="2.0248715" lon="103.3446264">
    <ele>88</ele>
   </trkpt>
   <trkpt lat="2.0248761" lon="103.3446102">
    <ele>88</ele>
   </trkpt>
   <trkpt lat="2.0248768" lon="103.3446036">
    <ele>88</ele>
   </trkpt>
   <trkpt lat="2.0248775" lon="103.3445972">
    <ele>88</ele>
   </trkpt>
   <trkpt lat="2.0248783" lon="103.3445908">
    <ele>88</ele>
   </trkpt>
   <trkpt lat="2.0248824" lon="103.3445699">
    <ele>88</ele>
   </trkpt>
   <trkpt lat="2.0248915" lon="103.3445635">
    <ele>88</ele>
   </trkpt>
   <trkpt lat="2.0248993" lon="103.3445605">
    <ele>88</ele>
   </trkpt>
   <trkpt lat="2.0248974" lon="103.3445643">
    <ele>88</ele>
   </trkpt>
   <trkpt lat="2.0248955" lon="103.3445681">
    <ele>88</ele>
   </trkpt>
   <trkpt lat="2.0248938" lon="103.3445720">
    <ele>88</ele>
   </trkpt>
   <trkpt lat="2.0248805" lon="103.3445977">
    <ele>88</ele>
   </trkpt>
   <trkpt lat="2.0248765" lon="103.3446076">
    <ele>88</ele>
   </trkpt>
   <trkpt lat="2.0248727" lon="103.3446175">
    <ele>88</ele>
   </trkpt>
   <trkpt lat="2.0248689" lon="103.3446275">
    <ele>88</ele>
   </trkpt>
   <trkpt lat="2.0248594" lon="103.3446529">
    <ele>88</ele>
   </trkpt>
   <trkpt lat="2.0248557" lon="103.3446595">
    <ele>88</ele>
   </trkpt>
   <trkpt lat="2.0248520" lon="103.3446661">
    <ele>88</ele>
   </trkpt>
   <trkpt lat="2.0248483" lon="103.3446727">
    <ele>88</ele>
   </trkpt>
   <trkpt lat="2.0248343" lon="103.3446932">
    <ele>88</ele>
   </trkpt>
   <trkpt lat="2.0248292" lon="103.3447008">
    <ele>88</ele>
   </trkpt>
   <trkpt lat="2.0248242" lon="103.3447084">
    <ele>88</ele>
   </trkpt>
   <trkpt lat="2.0248192" lon="103.3447160">
    <ele>89</ele>
   </trkpt>
   <trkpt lat="2.0248054" lon="103.3447401">
    <ele>89</ele>
   </trkpt>
   <trkpt lat="2.0248012" lon="103.3447483">
    <ele>89</ele>
   </trkpt>
   <trkpt lat="2.0247970" lon="103.3447565">
    <ele>89</ele>
   </trkpt>
   <trkpt lat="2.0247930" lon="103.3447647">
    <ele>89</ele>
   </trkpt>
   <trkpt lat="2.0247818" lon="103.3447914">
    <ele>89</ele>
   </trkpt>
   <trkpt lat="2.0247783" lon="103.3448005">
    <ele>89</ele>
   </trkpt>
   <trkpt lat="2.0247749" lon="103.3448096">
    <ele>89</ele>
   </trkpt>
   <trkpt lat="2.0247715" lon="103.3448188">
    <ele>89</ele>
   </trkpt>
   <trkpt lat="2.0247652" lon="103.3448458">
    <ele>89</ele>
   </trkpt>
   <trkpt lat="2.0247649" lon="103.3448550">
    <ele>89</ele>
   </trkpt>
   <trkpt lat="2.0247646" lon="103.3448643">
    <ele>89</ele>
   </trkpt>
   <trkpt lat="2.0247643" lon="103.3448736">
    <ele>89</ele>
   </trkpt>
   <trkpt lat="2.0247653" lon="103.3448884">
    <ele>89</ele>
   </trkpt>
   <trkpt lat="2.0247663" lon="103.3448969">
    <ele>89</ele>
   </trkpt>
   <trkpt lat="2.0247674" lon="103.3449055">
    <ele>89</ele>
   </trkpt>
   <trkpt lat="2.0247685" lon="103.3449141">
    <ele>89</ele>
   </trkpt>
   <trkpt lat="2.0247737" lon="103.3449432">
    <ele>89</ele>
   </trkpt>
   <trkpt lat="2.0247760" lon="103.3449532">
    <ele>89</ele>
   </trkpt>
   <trkpt lat="2.0247784" lon="103.3449632">
    <ele>89</ele>
   </trkpt>
   <trkpt lat="2.0247808" lon="103.3449733">
    <ele>89</ele>
   </trkpt>
   <trkpt lat="2.0247920" lon="103.3450018">
    <ele>89</ele>
   </trkpt>
   <trkpt lat="2.0247957" lon="103.3450112">
    <ele>89</ele>
   </trkpt>
   <trkpt lat="2.0247994" lon="103.3450206">
    <ele>89</ele>
   </trkpt>
   <trkpt lat="2.0248031" lon="103.3450301">
    <ele>89</ele>
   </trkpt>
   <trkpt lat="2.0248122" lon="103.3450621">
    <ele>89</ele>
   </trkpt>
   <trkpt lat="2.0248158" lon="103.3450733">
    <ele>89</ele>
   </trkpt>
   <trkpt lat="2.0248193" lon="103.3450845">
    <ele>89</ele>
   </trkpt>
   <trkpt lat="2.0248229" lon="103.3450958">
    <ele>89</ele>
   </trkpt>
   <trkpt lat="2.0248326" lon="103.3451247">
    <ele>89</ele>
   </trkpt>
   <trkpt lat="2.0248361" lon="103.3451330">
    <ele>89</ele>
   </trkpt>
   <trkpt lat="2.0248396" lon="103.3451413">
    <ele>89</ele>
   </trkpt>
   <trkpt lat="2.0248433" lon="103.3451496">
    <ele>90</ele>
   </trkpt>
   <trkpt lat="2.0248531" lon="103.3451774">
    <ele>90</ele>
   </trkpt>
   <trkpt lat="2.0248554" lon="103.3451870">
    <ele>90</ele>
   </trkpt>
   <trkpt lat="2.0248577" lon="103.3451966">
    <ele>90</ele>
   </trkpt>
   <trkpt lat="2.0248601" lon="103.3452063">
    <ele>90</ele>
   </trkpt>
   <trkpt lat="2.0248655" lon="103.3452363">
    <ele>90</ele>
   </trkpt>
   <trkpt lat="2.0248665" lon="103.3452469">
    <ele>90</ele>
   </trkpt>
   <trkpt lat="2.0248676" lon="103.3452575">
    <ele>90</ele>
   </trkpt>
   <trkpt lat="2.0248687" lon="103.3452682">
    <ele>90</ele>
   </trkpt>
   <trkpt lat="2.0248674" lon="103.3453015">
    <ele>90</ele>
   </trkpt>
   <trkpt lat="2.0248659" lon="103.3453116">
    <ele>90</ele>
   </trkpt>
   <trkpt lat="2.0248643" lon="103.3453217">
    <ele>90</ele>
   </trkpt>
   <trkpt lat="2.0248629" lon="103.3453319">
    <ele>91</ele>
   </trkpt>
   <trkpt lat="2.0248570" lon="103.3453579">
    <ele>91</ele>
   </trkpt>
   <trkpt lat="2.0248563" lon="103.3453651">
    <ele>91</ele>
   </trkpt>
   <trkpt lat="2.0248556" lon="103.3453724">
    <ele>91</ele>
   </trkpt>
   <trkpt lat="2.0248550" lon="103.3453797">
    <ele>91</ele>
   </trkpt>
   <trkpt lat="2.0248589" lon="103.3454020">
    <ele>91</ele>
   </trkpt>
   <trkpt lat="2.0248601" lon="103.3454102">
    <ele>91</ele>
   </trkpt>
   <trkpt lat="2.0248613" lon="103.3454184">
    <ele>91</ele>
   </trkpt>
   <trkpt lat="2.0248624" lon="103.3454266">
    <ele>92</ele>
   </trkpt>
   <trkpt lat="2.0248643" lon="103.3454509">
    <ele>92</ele>
   </trkpt>
   <trkpt lat="2.0248649" lon="103.3454582">
    <ele>92</ele>
   </trkpt>
   <trkpt lat="2.0248654" lon="103.3454656">
    <ele>92</ele>
   </trkpt>
   <trkpt lat="2.0248660" lon="103.3454730">
    <ele>93</ele>
   </trkpt>
   <trkpt lat="2.0248688" lon="103.3454936">
    <ele>93</ele>
   </trkpt>
   <trkpt lat="2.0248708" lon="103.3455004">
    <ele>93</ele>
   </trkpt>
   <trkpt lat="2.0248730" lon="103.3455072">
    <ele>93</ele>
   </trkpt>
   <trkpt lat="2.0248752" lon="103.3455141">
    <ele>93</ele>
   </trkpt>
   <trkpt lat="2.0248831" lon="103.3455357">
    <ele>93</ele>
   </trkpt>
   <trkpt lat="2.0248856" lon="103.3455436">
    <ele>93</ele>
   </trkpt>
   <trkpt lat="2.0248882" lon="103.3455515">
    <ele>93</ele>
   </trkpt>
   <trkpt lat="2.0248908" lon="103.3455596">
    <ele>94</ele>
   </trkpt>
   <trkpt lat="2.0248957" lon="103.3455892">
    <ele>94</ele>
   </trkpt>
   <trkpt lat="2.0248972" lon="103.3455994">
    <ele>94</ele>
   </trkpt>
   <trkpt lat="2.0248987" lon="103.3456097">
    <ele>94</ele>
   </trkpt>
   <trkpt lat="2.0249002" lon="103.3456200">
    <ele>94</ele>
   </trkpt>
   <trkpt lat="2.0249056" lon="103.3456482">
    <ele>94</ele>
   </trkpt>
   <trkpt lat="2.0249071" lon="103.3456572">
    <ele>94</ele>
   </trkpt>
   <trkpt lat="2.0249086" lon="103.3456661">
    <ele>94</ele>
   </trkpt>
   <trkpt lat="2.0249102" lon="103.3456750">
    <ele>95</ele>
   </trkpt>
   <trkpt lat="2.0249185" lon="103.3457026">
    <ele>95</ele>
   </trkpt>
   <trkpt lat="2.0249210" lon="103.3457116">
    <ele>95</ele>
   </trkpt>
   <trkpt lat="2.0249235" lon="103.3457206">
    <ele>95</ele>
   </trkpt>
   <trkpt lat="2.0249259" lon="103.3457297">
    <ele>95</ele>
   </trkpt>
   <trkpt lat="2.0249333" lon="103.3457549">
    <ele>95</ele>
   </trkpt>
   <trkpt lat="2.0249351" lon="103.3457628">
    <ele>95</ele>
   </trkpt>
   <trkpt lat="2.0249369" lon="103.3457707">
    <ele>95</ele>
   </trkpt>
   <trkpt lat="2.0249387" lon="103.3457786">
    <ele>96</ele>
   </trkpt>
   <trkpt lat="2.0249448" lon="103.3458044">
    <ele>96</ele>
   </trkpt>
   <trkpt lat="2.0249473" lon="103.3458128">
    <ele>96</ele>
   </trkpt>
   <trkpt lat="2.0249498" lon="103.3458213">
    <ele>96</ele>
   </trkpt>
   <trkpt lat="2.0249523" lon="103.3458298">
    <ele>96</ele>
   </trkpt>
   <trkpt lat="2.0249604" lon="103.3458538">
    <ele>96</ele>
   </trkpt>
   <trkpt lat="2.0249630" lon="103.3458614">
    <ele>96</ele>
   </trkpt>
   <trkpt lat="2.0249655" lon="103.3458689">
    <ele>96</ele>
   </trkpt>
   <trkpt lat="2.0249682" lon="103.3458767">
    <ele>97</ele>
   </trkpt>
   <trkpt lat="2.0249758" lon="103.3459001">
    <ele>97</ele>
   </trkpt>
   <trkpt lat="2.0249796" lon="103.3459070">
    <ele>97</ele>
   </trkpt>
   <trkpt lat="2.0249834" lon="103.3459139">
    <ele>97</ele>
   </trkpt>
   <trkpt lat="2.0249872" lon="103.3459209">
    <ele>97</ele>
   </trkpt>
   <trkpt lat="2.0250042" lon="103.3459388">
    <ele>97</ele>
   </trkpt>
   <trkpt lat="2.0250104" lon="103.3459452">
    <ele>97</ele>
   </trkpt>
   <trkpt lat="2.0250166" lon="103.3459516">
    <ele>97</ele>
   </trkpt>
   <trkpt lat="2.0250229" lon="103.3459580">
    <ele>98</ele>
   </trkpt>
   <trkpt lat="2.0250387" lon="103.3459796">
    <ele>98</ele>
   </trkpt>
   <trkpt lat="2.0250438" lon="103.3459869">
    <ele>98</ele>
   </trkpt>
   <trkpt lat="2.0250489" lon="103.3459944">
    <ele>98</ele>
   </trkpt>
   <trkpt lat="2.0250540" lon="103.3460019">
    <ele>98</ele>
   </trkpt>
   <trkpt lat="2.0250665" lon="103.3460243">
    <ele>98</ele>
   </trkpt>
   <trkpt lat="2.0250695" lon="103.3460317">
    <ele>98</ele>
   </trkpt>
   <trkpt lat="2.0250726" lon="103.3460391">
    <ele>98</ele>
   </trkpt>
   <trkpt lat="2.0250757" lon="103.3460465">
    <ele>99</ele>
   </trkpt>
   <trkpt lat="2.0250837" lon="103.3460647">
    <ele>99</ele>
   </trkpt>
   <trkpt lat="2.0250873" lon="103.3460690">
    <ele>99</ele>
   </trkpt>
   <trkpt lat="2.0250910" lon="103.3460733">
    <ele>99</ele>
   </trkpt>
   <trkpt lat="2.0250947" lon="103.3460776">
    <ele>100</ele>
   </trkpt>
   <trkpt lat="2.0251071" lon="103.3460884">
    <ele>100</ele>
   </trkpt>
   <trkpt lat="2.0251114" lon="103.3460939">
    <ele>100</ele>
   </trkpt>
   <trkpt lat="2.0251158" lon="103.3460996">
    <ele>100</ele>
   </trkpt>
   <trkpt lat="2.0251202" lon="103.3461053">
    <ele>100</ele>
   </trkpt>
   <trkpt lat="2.0251332" lon="103.3461310">
    <ele>100</ele>
   </trkpt>
   <trkpt lat="2.0251376" lon="103.3461418">
    <ele>100</ele>
   </trkpt>
   <trkpt lat="2.0251419" lon="103.3461526">
    <ele>100</ele>
   </trkpt>
   <trkpt lat="2.0251462" lon="103.3461635">
    <ele>101</ele>
   </trkpt>
   <trkpt lat="2.0251571" lon="103.3461964">
    <ele>101</ele>
   </trkpt>
   <trkpt lat="2.0251598" lon="103.3462070">
    <ele>101</ele>
   </trkpt>
   <trkpt lat="2.0251625" lon="103.3462176">
    <ele>101</ele>
   </trkpt>
   <trkpt lat="2.0251653" lon="103.3462283">
    <ele>101</ele>
   </trkpt>
   <trkpt lat="2.0251700" lon="103.3462614">
    <ele>101</ele>
   </trkpt>
   <trkpt lat="2.0251707" lon="103.3462724">
    <ele>101</ele>
   </trkpt>
   <trkpt lat="2.0251714" lon="103.3462835">
    <ele>101</ele>
   </trkpt>
   <trkpt lat="2.0251722" lon="103.3462945">
    <ele>101</ele>
   </trkpt>
   <trkpt lat="2.0251747" lon="103.3463246">
    <ele>101</ele>
   </trkpt>
   <trkpt lat="2.0251764" lon="103.3463336">
    <ele>101</ele>
   </trkpt>
   <trkpt lat="2.0251781" lon="103.3463426">
    <ele>101</ele>
   </trkpt>
   <trkpt lat="2.0251799" lon="103.3463517">
    <ele>101</ele>
   </trkpt>
   <trkpt lat="2.0251900" lon="103.3463788">
    <ele>101</ele>
   </trkpt>
   <trkpt lat="2.0251939" lon="103.3463881">
    <ele>101</ele>
   </trkpt>
   <trkpt lat="2.0251978" lon="103.3463974">
    <ele>101</ele>
   </trkpt>
   <trkpt lat="2.0252018" lon="103.3464067">
    <ele>102</ele>
   </trkpt>
   <trkpt lat="2.0252126" lon="103.3464335">
    <ele>102</ele>
   </trkpt>
   <trkpt lat="2.0252160" lon="103.3464427">
    <ele>102</ele>
   </trkpt>
   <trkpt lat="2.0252194" lon="103.3464520">
    <ele>102</ele>
   </trkpt>
   <trkpt lat="2.0252228" lon="103.3464613">
    <ele>102</ele>
   </trkpt>
   <trkpt lat="2.0252331" lon="103.3464900">
    <ele>102</ele>
   </trkpt>
   <trkpt lat="2.0252370" lon="103.3464982">
    <ele>102</ele>
   </trkpt>
   <trkpt lat="2.0252409" lon="103.3465064">
    <ele>102</ele>
   </trkpt>
   <trkpt lat="2.0252448" lon="103.3465147">
    <ele>103</ele>
   </trkpt>
   <trkpt lat="2.0252577" lon="103.3465353">
    <ele>103</ele>
   </trkpt>
   <trkpt lat="2.0252627" lon="103.3465422">
    <ele>103</ele>
   </trkpt>
   <trkpt lat="2.0252678" lon="103.3465491">
    <ele>103</ele>
   </trkpt>
   <trkpt lat="2.0252729" lon="103.3465560">
    <ele>103</ele>
   </trkpt>
   <trkpt lat="2.0252883" lon="103.3465774">
    <ele>103</ele>
   </trkpt>
   <trkpt lat="2.0252935" lon="103.3465853">
    <ele>103</ele>
   </trkpt>
   <trkpt lat="2.0252987" lon="103.3465932">
    <ele>103</ele>
   </trkpt>
   <trkpt lat="2.0253040" lon="103.3466012">
    <ele>104</ele>
   </trkpt>
   <trkpt lat="2.0253157" lon="103.3466256">
    <ele>104</ele>
   </trkpt>
   <trkpt lat="2.0253186" lon="103.3466329">
    <ele>104</ele>
   </trkpt>
   <trkpt lat="2.0253215" lon="103.3466402">
    <ele>104</ele>
   </trkpt>
   <trkpt lat="2.0253245" lon="103.3466475">
    <ele>104</ele>
   </trkpt>
   <trkpt lat="2.0253335" lon="103.3466669">
    <ele>104</ele>
   </trkpt>
   <trkpt lat="2.0253370" lon="103.3466731">
    <ele>104</ele>
   </trkpt>
   <trkpt lat="2.0253405" lon="103.3466793">
    <ele>104</ele>
   </trkpt>
   <trkpt lat="2.0253440" lon="103.3466855">
    <ele>105</ele>
   </trkpt>
   <trkpt lat="2.0253530" lon="103.3467054">
    <ele>105</ele>
   </trkpt>
   <trkpt lat="2.0253547" lon="103.3467132">
    <ele>105</ele>
   </trkpt>
   <trkpt lat="2.0253563" lon="103.3467210">
    <ele>105</ele>
   </trkpt>
   <trkpt lat="2.0253580" lon="103.3467287">
    <ele>105</ele>
   </trkpt>
   <trkpt lat="2.0253638" lon="103.3467565">
    <ele>105</ele>
   </trkpt>
   <trkpt lat="2.0253666" lon="103.3467663">
    <ele>105</ele>
   </trkpt>
   <trkpt lat="2.0253694" lon="103.3467761">
    <ele>105</ele>
   </trkpt>
   <trkpt lat="2.0253722" lon="103.3467859">
    <ele>106</ele>
   </trkpt>
   <trkpt lat="2.0253800" lon="103.3468192">
    <ele>106</ele>
   </trkpt>
   <trkpt lat="2.0253815" lon="103.3468288">
    <ele>106</ele>
   </trkpt>
   <trkpt lat="2.0253833" lon="103.3468384">
    <ele>106</ele>
   </trkpt>
   <trkpt lat="2.0253850" lon="103.3468481">
    <ele>106</ele>
   </trkpt>
   <trkpt lat="2.0253860" lon="103.3468731">
    <ele>106</ele>
   </trkpt>
   <trkpt lat="2.0253851" lon="103.3468811">
    <ele>106</ele>
   </trkpt>
   <trkpt lat="2.0253842" lon="103.3468891">
    <ele>106</ele>
   </trkpt>
   <trkpt lat="2.0253834" lon="103.3468972">
    <ele>106</ele>
   </trkpt>
   <trkpt lat="2.0253785" lon="103.3469214">
    <ele>106</ele>
   </trkpt>
   <trkpt lat="2.0253763" lon="103.3469293">
    <ele>106</ele>
   </trkpt>
   <trkpt lat="2.0253741" lon="103.3469372">
    <ele>106</ele>
   </trkpt>
   <trkpt lat="2.0253719" lon="103.3469451">
    <ele>107</ele>
   </trkpt>
   <trkpt lat="2.0253638" lon="103.3469669">
    <ele>107</ele>
   </trkpt>
   <trkpt lat="2.0253612" lon="103.3469739">
    <ele>107</ele>
   </trkpt>
   <trkpt lat="2.0253586" lon="103.3469809">
    <ele>107</ele>
   </trkpt>
   <trkpt lat="2.0253561" lon="103.3469879">
    <ele>107</ele>
   </trkpt>
   <trkpt lat="2.0253499" lon="103.3470123">
    <ele>107</ele>
   </trkpt>
   <trkpt lat="2.0253483" lon="103.3470216">
    <ele>107</ele>
   </trkpt>
   <trkpt lat="2.0253468" lon="103.3470310">
    <ele>107</ele>
   </trkpt>
   <trkpt lat="2.0253453" lon="103.3470404">
    <ele>107</ele>
   </trkpt>
   <trkpt lat="2.0253426" lon="103.3470670">
    <ele>107</ele>
   </trkpt>
   <trkpt lat="2.0253429" lon="103.3470754">
    <ele>107</ele>
   </trkpt>
   <trkpt lat="2.0253433" lon="103.3470837">
    <ele>107</ele>
   </trkpt>
   <trkpt lat="2.0253437" lon="103.3470922">
    <ele>108</ele>
   </trkpt>
   <trkpt lat="2.0253452" lon="103.3471184">
    <ele>108</ele>
   </trkpt>
   <trkpt lat="2.0253451" lon="103.3471261">
    <ele>108</ele>
   </trkpt>
   <trkpt lat="2.0253451" lon="103.3471338">
    <ele>108</ele>
   </trkpt>
   <trkpt lat="2.0253451" lon="103.3471415">
    <ele>108</ele>
   </trkpt>
   <trkpt lat="2.0253434" lon="103.3471601">
    <ele>108</ele>
   </trkpt>
   <trkpt lat="2.0253428" lon="103.3471660">
    <ele>108</ele>
   </trkpt>
   <trkpt lat="2.0253422" lon="103.3471719">
    <ele>108</ele>
   </trkpt>
   <trkpt lat="2.0253416" lon="103.3471779">
    <ele>108</ele>
   </trkpt>
   <trkpt lat="2.0253415" lon="103.3471955">
    <ele>108</ele>
   </trkpt>
   <trkpt lat="2.0253423" lon="103.3472010">
    <ele>108</ele>
   </trkpt>
   <trkpt lat="2.0253431" lon="103.3472065">
    <ele>108</ele>
   </trkpt>
   <trkpt lat="2.0253440" lon="103.3472120">
    <ele>109</ele>
   </trkpt>
   <trkpt lat="2.0253480" lon="103.3472318">
    <ele>109</ele>
   </trkpt>
   <trkpt lat="2.0253492" lon="103.3472391">
    <ele>109</ele>
   </trkpt>
   <trkpt lat="2.0253504" lon="103.3472464">
    <ele>109</ele>
   </trkpt>
   <trkpt lat="2.0253517" lon="103.3472537">
    <ele>109</ele>
   </trkpt>
   <trkpt lat="2.0253534" lon="103.3472766">
    <ele>109</ele>
   </trkpt>
   <trkpt lat="2.0253539" lon="103.3472862">
    <ele>109</ele>
   </trkpt>
   <trkpt lat="2.0253544" lon="103.3472960">
    <ele>109</ele>
   </trkpt>
   <trkpt lat="2.0253549" lon="103.3473057">
    <ele>109</ele>
   </trkpt>
   <trkpt lat="2.0253576" lon="103.3473375">
    <ele>109</ele>
   </trkpt>
   <trkpt lat="2.0253584" lon="103.3473473">
    <ele>109</ele>
   </trkpt>
   <trkpt lat="2.0253592" lon="103.3473571">
    <ele>109</ele>
   </trkpt>
   <trkpt lat="2.0253601" lon="103.3473669">
    <ele>110</ele>
   </trkpt>
   <trkpt lat="2.0253617" lon="103.3473922">
    <ele>110</ele>
   </trkpt>
   <trkpt lat="2.0253624" lon="103.3473990">
    <ele>110</ele>
   </trkpt>
   <trkpt lat="2.0253631" lon="103.3474058">
    <ele>110</ele>
   </trkpt>
   <trkpt lat="2.0253638" lon="103.3474127">
    <ele>110</ele>
   </trkpt>
   <trkpt lat="2.0253680" lon="103.3474342">
    <ele>110</ele>
   </trkpt>
   <trkpt lat="2.0253700" lon="103.3474427">
    <ele>110</ele>
   </trkpt>
   <trkpt lat="2.0253720" lon="103.3474513">
    <ele>110</ele>
   </trkpt>
   <trkpt lat="2.0253742" lon="103.3474599">
    <ele>110</ele>
   </trkpt>
   <trkpt lat="2.0253792" lon="103.3474820">
    <ele>110</ele>
   </trkpt>
   <trkpt lat="2.0253817" lon="103.3474873">
    <ele>110</ele>
   </trkpt>
   <trkpt lat="2.0253842" lon="103.3474925">
    <ele>110</ele>
   </trkpt>
   <trkpt lat="2.0253868" lon="103.3474978">
    <ele>110</ele>
   </trkpt>
   <trkpt lat="2.0253983" lon="103.3475111">
    <ele>110</ele>
   </trkpt>
   <trkpt lat="2.0254026" lon="103.3475160">
    <ele>110</ele>
   </trkpt>
   <trkpt lat="2.0254069" lon="103.3475210">
    <ele>110</ele>
   </trkpt>
   <trkpt lat="2.0254112" lon="103.3475260">
    <ele>111</ele>
   </trkpt>
   <trkpt lat="2.0254230" lon="103.3475404">
    <ele>111</ele>
   </trkpt>
   <trkpt lat="2.0254265" lon="103.3475455">
    <ele>111</ele>
   </trkpt>
   <trkpt lat="2.0254301" lon="103.3475506">
    <ele>111</ele>
   </trkpt>
   <trkpt lat="2.0254336" lon="103.3475557">
    <ele>111</ele>
   </trkpt>
   <trkpt lat="2.0254441" lon="103.3475718">
    <ele>111</ele>
   </trkpt>
   <trkpt lat="2.0254480" lon="103.3475785">
    <ele>111</ele>
   </trkpt>
   <trkpt lat="2.0254519" lon="103.3475852">
    <ele>111</ele>
   </trkpt>
   <trkpt lat="2.0254558" lon="103.3475919">
    <ele>111</ele>
   </trkpt>
   <trkpt lat="2.0254670" lon="103.3476158">
    <ele>111</ele>
   </trkpt>
   <trkpt lat="2.0254699" lon="103.3476246">
    <ele>111</ele>
   </trkpt>
   <trkpt lat="2.0254728" lon="103.3476335">
    <ele>111</ele>
   </trkpt>
   <trkpt lat="2.0254757" lon="103.3476424">
    <ele>111</ele>
   </trkpt>
   <trkpt lat="2.0254818" lon="103.3476715">
    <ele>111</ele>
   </trkpt>
   <trkpt lat="2.0254834" lon="103.3476809">
    <ele>111</ele>
   </trkpt>
   <trkpt lat="2.0254850" lon="103.3476903">
    <ele>111</ele>
   </trkpt>
   <trkpt lat="2.0254865" lon="103.3476998">
    <ele>112</ele>
   </trkpt>
   <trkpt lat="2.0254900" lon="103.3477255">
    <ele>112</ele>
   </trkpt>
   <trkpt lat="2.0254920" lon="103.3477334">
    <ele>112</ele>
   </trkpt>
   <trkpt lat="2.0254941" lon="103.3477413">
    <ele>112</ele>
   </trkpt>
   <trkpt lat="2.0254962" lon="103.3477492">
    <ele>112</ele>
   </trkpt>
   <trkpt lat="2.0255079" lon="103.3477701">
    <ele>112</ele>
   </trkpt>
   <trkpt lat="2.0255126" lon="103.3477768">
    <ele>112</ele>
   </trkpt>
   <trkpt lat="2.0255173" lon="103.3477836">
    <ele>112</ele>
   </trkpt>
   <trkpt lat="2.0255221" lon="103.3477903">
    <ele>112</ele>
   </trkpt>
   <trkpt lat="2.0255383" lon="103.3478082">
    <ele>112</ele>
   </trkpt>
   <trkpt lat="2.0255431" lon="103.3478140">
    <ele>112</ele>
   </trkpt>
   <trkpt lat="2.0255479" lon="103.3478200">
    <ele>112</ele>
   </trkpt>
   <trkpt lat="2.0255528" lon="103.3478260">
    <ele>112</ele>
   </trkpt>
   <trkpt lat="2.0255650" lon="103.3478463">
    <ele>112</ele>
   </trkpt>
   <trkpt lat="2.0255678" lon="103.3478535">
    <ele>112</ele>
   </trkpt>
   <trkpt lat="2.0255706" lon="103.3478609">
    <ele>112</ele>
   </trkpt>
   <trkpt lat="2.0255735" lon="103.3478681">
    <ele>113</ele>
   </trkpt>
   <trkpt lat="2.0255815" lon="103.3478898">
    <ele>113</ele>
   </trkpt>
   <trkpt lat="2.0255838" lon="103.3478967">
    <ele>113</ele>
   </trkpt>
   <trkpt lat="2.0255861" lon="103.3479037">
    <ele>113</ele>
   </trkpt>
   <trkpt lat="2.0255886" lon="103.3479107">
    <ele>113</ele>
   </trkpt>
   <trkpt lat="2.0255964" lon="103.3479329">
    <ele>113</ele>
   </trkpt>
   <trkpt lat="2.0255989" lon="103.3479405">
    <ele>113</ele>
   </trkpt>
   <trkpt lat="2.0256014" lon="103.3479482">
    <ele>113</ele>
   </trkpt>
   <trkpt lat="2.0256040" lon="103.3479559">
    <ele>114</ele>
   </trkpt>
   <trkpt lat="2.0256116" lon="103.3479801">
    <ele>114</ele>
   </trkpt>
   <trkpt lat="2.0256141" lon="103.3479878">
    <ele>114</ele>
   </trkpt>
   <trkpt lat="2.0256166" lon="103.3479955">
    <ele>114</ele>
   </trkpt>
   <trkpt lat="2.0256192" lon="103.3480031">
    <ele>114</ele>
   </trkpt>
   <trkpt lat="2.0256252" lon="103.3480252">
    <ele>114</ele>
   </trkpt>
   <trkpt lat="2.0256265" lon="103.3480325">
    <ele>114</ele>
   </trkpt>
   <trkpt lat="2.0256278" lon="103.3480398">
    <ele>114</ele>
   </trkpt>
   <trkpt lat="2.0256292" lon="103.3480471">
    <ele>115</ele>
   </trkpt>
   <trkpt lat="2.0256325" lon="103.3480667">
    <ele>115</ele>
   </trkpt>
   <trkpt lat="2.0256347" lon="103.3480723">
    <ele>115</ele>
   </trkpt>
   <trkpt lat="2.0256369" lon="103.3480780">
    <ele>115</ele>
   </trkpt>
   <trkpt lat="2.0256392" lon="103.3480837">
    <ele>116</ele>
   </trkpt>
   <trkpt lat="2.0256509" lon="103.3480989">
    <ele>116</ele>
   </trkpt>
   <trkpt lat="2.0256551" lon="103.3481039">
    <ele>116</ele>
   </trkpt>
   <trkpt lat="2.0256594" lon="103.3481089">
    <ele>116</ele>
   </trkpt>
   <trkpt lat="2.0256637" lon="103.3481141">
    <ele>117</ele>
   </trkpt>
   <trkpt lat="2.0256756" lon="103.3481298">
    <ele>117</ele>
   </trkpt>
   <trkpt lat="2.0256783" lon="103.3481342">
    <ele>117</ele>
   </trkpt>
   <trkpt lat="2.0256810" lon="103.3481386">
    <ele>117</ele>
   </trkpt>
   <trkpt lat="2.0256837" lon="103.3481429">
    <ele>117</ele>
   </trkpt>
   <trkpt lat="2.0256929" lon="103.3481513">
    <ele>117</ele>
   </trkpt>
   <trkpt lat="2.0256977" lon="103.3481532">
    <ele>117</ele>
   </trkpt>
   <trkpt lat="2.0257025" lon="103.3481551">
    <ele>117</ele>
   </trkpt>
   <trkpt lat="2.0257074" lon="103.3481571">
    <ele>118</ele>
   </trkpt>
   <trkpt lat="2.0257251" lon="103.3481646">
    <ele>118</ele>
   </trkpt>
   <trkpt lat="2.0257314" lon="103.3481689">
    <ele>118</ele>
   </trkpt>
   <trkpt lat="2.0257377" lon="103.3481733">
    <ele>118</ele>
   </trkpt>
   <trkpt lat="2.0257440" lon="103.3481776">
    <ele>119</ele>
   </trkpt>
   <trkpt lat="2.0257617" lon="103.3481952">
    <ele>119</ele>
   </trkpt>
   <trkpt lat="2.0257663" lon="103.3482016">
    <ele>119</ele>
   </trkpt>
   <trkpt lat="2.0257709" lon="103.3482080">
    <ele>119</ele>
   </trkpt>
   <trkpt lat="2.0257755" lon="103.3482144">
    <ele>119</ele>
   </trkpt>
   <trkpt lat="2.0257818" lon="103.3482348">
    <ele>119</ele>
   </trkpt>
   <trkpt lat="2.0257824" lon="103.3482418">
    <ele>119</ele>
   </trkpt>
   <trkpt lat="2.0257830" lon="103.3482489">
    <ele>119</ele>
   </trkpt>
   <trkpt lat="2.0257836" lon="103.3482560">
    <ele>120</ele>
   </trkpt>
   <trkpt lat="2.0257863" lon="103.3482766">
    <ele>120</ele>
   </trkpt>
   <trkpt lat="2.0257885" lon="103.3482831">
    <ele>120</ele>
   </trkpt>
   <trkpt lat="2.0257907" lon="103.3482897">
    <ele>120</ele>
   </trkpt>
   <trkpt lat="2.0257929" lon="103.3482963">
    <ele>120</ele>
   </trkpt>
   <trkpt lat="2.0258044" lon="103.3483146">
    <ele>120</ele>
   </trkpt>
   <trkpt lat="2.0258086" lon="103.3483198">
    <ele>120</ele>
   </trkpt>
   <trkpt lat="2.0258130" lon="103.3483251">
    <ele>120</ele>
   </trkpt>
   <trkpt lat="2.0258174" lon="103.3483304">
    <ele>121</ele>
   </trkpt>
   <trkpt lat="2.0258305" lon="103.3483456">
    <ele>121</ele>
   </trkpt>
   <trkpt lat="2.0258349" lon="103.3483507">
    <ele>121</ele>
   </trkpt>
   <trkpt lat="2.0258394" lon="103.3483557">
    <ele>121</ele>
   </trkpt>
   <trkpt lat="2.0258439" lon="103.3483610">
    <ele>122</ele>
   </trkpt>
   <trkpt lat="2.0258567" lon="103.3483763">
    <ele>122</ele>
   </trkpt>
   <trkpt lat="2.0258597" lon="103.3483823">
    <ele>122</ele>
   </trkpt>
   <trkpt lat="2.0258626" lon="103.3483883">
    <ele>122</ele>
   </trkpt>
   <trkpt lat="2.0258658" lon="103.3483943">
    <ele>123</ele>
   </trkpt>
   <trkpt lat="2.0258714" lon="103.3484140">
    <ele>123</ele>
   </trkpt>
   <trkpt lat="2.0258725" lon="103.3484204">
    <ele>123</ele>
   </trkpt>
   <trkpt lat="2.0258736" lon="103.3484268">
    <ele>123</ele>
   </trkpt>
   <trkpt lat="2.0258748" lon="103.3484333">
    <ele>124</ele>
   </trkpt>
   <trkpt lat="2.0258771" lon="103.3484508">
    <ele>124</ele>
   </trkpt>
   <trkpt lat="2.0258791" lon="103.3484562">
    <ele>124</ele>
   </trkpt>
   <trkpt lat="2.0258811" lon="103.3484615">
    <ele>124</ele>
   </trkpt>
   <trkpt lat="2.0258832" lon="103.3484670">
    <ele>125</ele>
   </trkpt>
   <trkpt lat="2.0258941" lon="103.3484840">
    <ele>125</ele>
   </trkpt>
   <trkpt lat="2.0258981" lon="103.3484899">
    <ele>125</ele>
   </trkpt>
   <trkpt lat="2.0259022" lon="103.3484958">
    <ele>125</ele>
   </trkpt>
   <trkpt lat="2.0259063" lon="103.3485017">
    <ele>126</ele>
   </trkpt>
   <trkpt lat="2.0259183" lon="103.3485194">
    <ele>126</ele>
   </trkpt>
   <trkpt lat="2.0259229" lon="103.3485254">
    <ele>126</ele>
   </trkpt>
   <trkpt lat="2.0259275" lon="103.3485314">
    <ele>126</ele>
   </trkpt>
   <trkpt lat="2.0259322" lon="103.3485375">
    <ele>126</ele>
   </trkpt>
   <trkpt lat="2.0259477" lon="103.3485567">
    <ele>126</ele>
   </trkpt>
   <trkpt lat="2.0259521" lon="103.3485631">
    <ele>126</ele>
   </trkpt>
   <trkpt lat="2.0259565" lon="103.3485695">
    <ele>126</ele>
   </trkpt>
   <trkpt lat="2.0259610" lon="103.3485759">
    <ele>127</ele>
   </trkpt>
   <trkpt lat="2.0259697" lon="103.3485932">
    <ele>127</ele>
   </trkpt>
   <trkpt lat="2.0259710" lon="103.3485986">
    <ele>127</ele>
   </trkpt>
   <trkpt lat="2.0259724" lon="103.3486040">
    <ele>127</ele>
   </trkpt>
   <trkpt lat="2.0259738" lon="103.3486095">
    <ele>128</ele>
   </trkpt>
   <trkpt lat="2.0259760" lon="103.3486291">
    <ele>128</ele>
   </trkpt>
   <trkpt lat="2.0259767" lon="103.3486358">
    <ele>128</ele>
   </trkpt>
   <trkpt lat="2.0259774" lon="103.3486425">
    <ele>128</ele>
   </trkpt>
   <trkpt lat="2.0259781" lon="103.3486493">
    <ele>129</ele>
   </trkpt>
   <trkpt lat="2.0259820" lon="103.3486657">
    <ele>129</ele>
   </trkpt>
   <trkpt lat="2.0259836" lon="103.3486711">
    <ele>129</ele>
   </trkpt>
   <trkpt lat="2.0259852" lon="103.3486765">
    <ele>129</ele>
   </trkpt>
   <trkpt lat="2.0259868" lon="103.3486820">
    <ele>130</ele>
   </trkpt>
   <trkpt lat="2.0259900" lon="103.3487020">
    <ele>130</ele>
   </trkpt>
   <trkpt lat="2.0259910" lon="103.3487090">
    <ele>130</ele>
   </trkpt>
   <trkpt lat="2.0259921" lon="103.3487163">
    <ele>130</ele>
   </trkpt>
   <trkpt lat="2.0259932" lon="103.3487235">
    <ele>130</ele>
   </trkpt>
   <trkpt lat="2.0259964" lon="103.3487449">
    <ele>130</ele>
   </trkpt>
   <trkpt lat="2.0259963" lon="103.3487524">
    <ele>130</ele>
   </trkpt>
   <trkpt lat="2.0259963" lon="103.3487599">
    <ele>130</ele>
   </trkpt>
   <trkpt lat="2.0259963" lon="103.3487674">
    <ele>131</ele>
   </trkpt>
   <trkpt lat="2.0259932" lon="103.3487911">
    <ele>131</ele>
   </trkpt>
   <trkpt lat="2.0259928" lon="103.3488005">
    <ele>131</ele>
   </trkpt>
   <trkpt lat="2.0259925" lon="103.3488098">
    <ele>131</ele>
   </trkpt>
   <trkpt lat="2.0259922" lon="103.3488192">
    <ele>131</ele>
   </trkpt>
   <trkpt lat="2.0259953" lon="103.3488523">
    <ele>131</ele>
   </trkpt>
   <trkpt lat="2.0259982" lon="103.3488632">
    <ele>131</ele>
   </trkpt>
   <trkpt lat="2.0260010" lon="103.3488742">
    <ele>131</ele>
   </trkpt>
   <trkpt lat="2.0260039" lon="103.3488852">
    <ele>132</ele>
   </trkpt>
   <trkpt lat="2.0260112" lon="103.3489118">
    <ele>132</ele>
   </trkpt>
   <trkpt lat="2.0260125" lon="103.3489180">
    <ele>132</ele>
   </trkpt>
   <trkpt lat="2.0260138" lon="103.3489242">
    <ele>132</ele>
   </trkpt>
   <trkpt lat="2.0260151" lon="103.3489304">
    <ele>132</ele>
   </trkpt>
   <trkpt lat="2.0260141" lon="103.3489441">
    <ele>132</ele>
   </trkpt>
   <trkpt lat="2.0260124" lon="103.3489494">
    <ele>132</ele>
   </trkpt>
   <trkpt lat="2.0260108" lon="103.3489548">
    <ele>132</ele>
   </trkpt>
   <trkpt lat="2.0260092" lon="103.3489601">
    <ele>132</ele>
   </trkpt>
   <trkpt lat="2.0260030" lon="103.3489801">
    <ele>132</ele>
   </trkpt>
   <trkpt lat="2.0260016" lon="103.3489866">
    <ele>132</ele>
   </trkpt>
   <trkpt lat="2.0260002" lon="103.3489931">
    <ele>132</ele>
   </trkpt>
   <trkpt lat="2.0259988" lon="103.3489996">
    <ele>133</ele>
   </trkpt>
   <trkpt lat="2.0259938" lon="103.3490173">
    <ele>133</ele>
   </trkpt>
   <trkpt lat="2.0259917" lon="103.3490225">
    <ele>133</ele>
   </trkpt>
   <trkpt lat="2.0259896" lon="103.3490276">
    <ele>133</ele>
   </trkpt>
   <trkpt lat="2.0259876" lon="103.3490329">
    <ele>133</ele>
   </trkpt>
   <trkpt lat="2.0259786" lon="103.3490466">
    <ele>133</ele>
   </trkpt>
   <trkpt lat="2.0259751" lon="103.3490510">
    <ele>133</ele>
   </trkpt>
   <trkpt lat="2.0259717" lon="103.3490554">
    <ele>133</ele>
   </trkpt>
   <trkpt lat="2.0259683" lon="103.3490598">
    <ele>133</ele>
   </trkpt>
   <trkpt lat="2.0259587" lon="103.3490712">
    <ele>133</ele>
   </trkpt>
   <trkpt lat="2.0259561" lon="103.3490748">
    <ele>133</ele>
   </trkpt>
   <trkpt lat="2.0259535" lon="103.3490784">
    <ele>133</ele>
   </trkpt>
   <trkpt lat="2.0259510" lon="103.3490820">
    <ele>134</ele>
   </trkpt>
   <trkpt lat="2.0259435" lon="103.3490953">
    <ele>134</ele>
   </trkpt>
   <trkpt lat="2.0259382" lon="103.3491009">
    <ele>134</ele>
   </trkpt>
   <trkpt lat="2.0259329" lon="103.3491065">
    <ele>134</ele>
   </trkpt>
   <trkpt lat="2.0259276" lon="103.3491121">
    <ele>134</ele>
   </trkpt>
   <trkpt lat="2.0259076" lon="103.3491312">
    <ele>134</ele>
   </trkpt>
   <trkpt lat="2.0258938" lon="103.3491449">
    <ele>134</ele>
   </trkpt>
   <trkpt lat="2.0258900" lon="103.3491489">
    <ele>134</ele>
   </trkpt>
   <trkpt lat="2.0258864" lon="103.3491528">
    <ele>134</ele>
   </trkpt>
   <trkpt lat="2.0258828" lon="103.3491568">
    <ele>134</ele>
   </trkpt>
   <trkpt lat="2.0258706" lon="103.3491710">
    <ele>134</ele>
   </trkpt>
   <trkpt lat="2.0258673" lon="103.3491914">
    <ele>137</ele>
   </trkpt>
   <trkpt lat="2.0258725" lon="103.3492099">
    <ele>137</ele>
   </trkpt>
   <trkpt lat="2.0258729" lon="103.3492147">
    <ele>138</ele>
   </trkpt>
   <trkpt lat="2.0258736" lon="103.3492195">
    <ele>138</ele>
   </trkpt>
   <trkpt lat="2.0258742" lon="103.3492243">
    <ele>138</ele>
   </trkpt>
   <trkpt lat="2.0258699" lon="103.3492399">
    <ele>138</ele>
   </trkpt>
   <trkpt lat="2.0258683" lon="103.3492453">
    <ele>139</ele>
   </trkpt>
   <trkpt lat="2.0258667" lon="103.3492507">
    <ele>139</ele>
   </trkpt>
   <trkpt lat="2.0258652" lon="103.3492562">
    <ele>139</ele>
   </trkpt>
   <trkpt lat="2.0258643" lon="103.3492710">
    <ele>139</ele>
   </trkpt>
   <trkpt lat="2.0258682" lon="103.3492850">
    <ele>141</ele>
   </trkpt>
   <trkpt lat="2.0258750" lon="103.3492943">
    <ele>141</ele>
   </trkpt>
   <trkpt lat="2.0258772" lon="103.3492975">
    <ele>141</ele>
   </trkpt>
   <trkpt lat="2.0258794" lon="103.3493008">
    <ele>142</ele>
   </trkpt>
   <trkpt lat="2.0258816" lon="103.3493041">
    <ele>142</ele>
   </trkpt>
   <trkpt lat="2.0258930" lon="103.3493152">
    <ele>142</ele>
   </trkpt>
   <trkpt lat="2.0258959" lon="103.3493190">
    <ele>142</ele>
   </trkpt>
   <trkpt lat="2.0258987" lon="103.3493228">
    <ele>142</ele>
   </trkpt>
   <trkpt lat="2.0259014" lon="103.3493267">
    <ele>142</ele>
   </trkpt>
   <trkpt lat="2.0259079" lon="103.3493419">
    <ele>142</ele>
   </trkpt>
   <trkpt lat="2.0259097" lon="103.3493490">
    <ele>142</ele>
   </trkpt>
   <trkpt lat="2.0259115" lon="103.3493560">
    <ele>143</ele>
   </trkpt>
   <trkpt lat="2.0259134" lon="103.3493631">
    <ele>143</ele>
   </trkpt>
   <trkpt lat="2.0259197" lon="103.3493914">
    <ele>143</ele>
   </trkpt>
   <trkpt lat="2.0259234" lon="103.3494011">
    <ele>143</ele>
   </trkpt>
   <trkpt lat="2.0259271" lon="103.3494109">
    <ele>143</ele>
   </trkpt>
   <trkpt lat="2.0259307" lon="103.3494207">
    <ele>143</ele>
   </trkpt>
   <trkpt lat="2.0259351" lon="103.3494286">
    <ele>143</ele>
   </trkpt>
   <trkpt lat="2.0259394" lon="103.3494365">
    <ele>143</ele>
   </trkpt>
   <trkpt lat="2.0259439" lon="103.3494444">
    <ele>144</ele>
   </trkpt>
   <trkpt lat="2.0259516" lon="103.3494599">
    <ele>144</ele>
   </trkpt>
   <trkpt lat="2.0259528" lon="103.3494642">
    <ele>144</ele>
   </trkpt>
   <trkpt lat="2.0259540" lon="103.3494687">
    <ele>144</ele>
   </trkpt>
   <trkpt lat="2.0259552" lon="103.3494731">
    <ele>144</ele>
   </trkpt>
   <trkpt lat="2.0259587" lon="103.3494858">
    <ele>144</ele>
   </trkpt>
   <trkpt lat="2.0259611" lon="103.3494899">
    <ele>144</ele>
   </trkpt>
   <trkpt lat="2.0259635" lon="103.3494940">
    <ele>144</ele>
   </trkpt>
   <trkpt lat="2.0259659" lon="103.3494982">
    <ele>145</ele>
   </trkpt>
   <trkpt lat="2.0259721" lon="103.3495113">
    <ele>145</ele>
   </trkpt>
   <trkpt lat="2.0259749" lon="103.3495157">
    <ele>145</ele>
   </trkpt>
   <trkpt lat="2.0259777" lon="103.3495201">
    <ele>145</ele>
   </trkpt>
   <trkpt lat="2.0259805" lon="103.3495245">
    <ele>146</ele>
   </trkpt>
   <trkpt lat="2.0259906" lon="103.3495370">
    <ele>146</ele>
   </trkpt>
   <trkpt lat="2.0259928" lon="103.3495412">
    <ele>146</ele>
   </trkpt>
   <trkpt lat="2.0259950" lon="103.3495454">
    <ele>146</ele>
   </trkpt>
   <trkpt lat="2.0259972" lon="103.3495496">
    <ele>147</ele>
   </trkpt>
   <trkpt lat="2.0259961" lon="103.3495623">
    <ele>147</ele>
   </trkpt>
   <trkpt lat="2.0259942" lon="103.3495667">
    <ele>147</ele>
   </trkpt>
   <trkpt lat="2.0259925" lon="103.3495711">
    <ele>147</ele>
   </trkpt>
   <trkpt lat="2.0259907" lon="103.3495756">
    <ele>147</ele>
   </trkpt>
   <trkpt lat="2.0259865" lon="103.3495896">
    <ele>147</ele>
   </trkpt>
   <trkpt lat="2.0259864" lon="103.3495937">
    <ele>147</ele>
   </trkpt>
   <trkpt lat="2.0259863" lon="103.3495981">
    <ele>147</ele>
   </trkpt>
   <trkpt lat="2.0259863" lon="103.3496024">
    <ele>148</ele>
   </trkpt>
   <trkpt lat="2.0259874" lon="103.3496185">
    <ele>148</ele>
   </trkpt>
   <trkpt lat="2.0259854" lon="103.3496245">
    <ele>148</ele>
   </trkpt>
   <trkpt lat="2.0259834" lon="103.3496305">
    <ele>148</ele>
   </trkpt>
   <trkpt lat="2.0259814" lon="103.3496365">
    <ele>149</ele>
   </trkpt>
   <trkpt lat="2.0259691" lon="103.3496541">
    <ele>149</ele>
   </trkpt>
   <trkpt lat="2.0259655" lon="103.3496593">
    <ele>149</ele>
   </trkpt>
   <trkpt lat="2.0259619" lon="103.3496647">
    <ele>149</ele>
   </trkpt>
   <trkpt lat="2.0259583" lon="103.3496700">
    <ele>150</ele>
   </trkpt>
   <trkpt lat="2.0259485" lon="103.3496854">
    <ele>150</ele>
   </trkpt>
   <trkpt lat="2.0259456" lon="103.3496903">
    <ele>150</ele>
   </trkpt>
   <trkpt lat="2.0259427" lon="103.3496952">
    <ele>150</ele>
   </trkpt>
   <trkpt lat="2.0259398" lon="103.3497003">
    <ele>150</ele>
   </trkpt>
   <trkpt lat="2.0259311" lon="103.3497137">
    <ele>150</ele>
   </trkpt>
   <trkpt lat="2.0259285" lon="103.3497172">
    <ele>150</ele>
   </trkpt>
   <trkpt lat="2.0259259" lon="103.3497207">
    <ele>150</ele>
   </trkpt>
   <trkpt lat="2.0259234" lon="103.3497243">
    <ele>151</ele>
   </trkpt>
   <trkpt lat="2.0259219" lon="103.3497260">
    <ele>151</ele>
   </trkpt>
   <trkpt lat="2.0259204" lon="103.3497277">
    <ele>151</ele>
   </trkpt>
   <trkpt lat="2.0259189" lon="103.3497295">
    <ele>151</ele>
   </trkpt>
   <trkpt lat="2.0259174" lon="103.3497311">
    <ele>152</ele>
   </trkpt>
   <trkpt lat="2.0259160" lon="103.3497330">
    <ele>152</ele>
   </trkpt>
   <trkpt lat="2.0259048" lon="103.3497444">
    <ele>152</ele>
   </trkpt>
   <trkpt lat="2.0259009" lon="103.3497475">
    <ele>152</ele>
   </trkpt>
   <trkpt lat="2.0258970" lon="103.3497507">
    <ele>152</ele>
   </trkpt>
   <trkpt lat="2.0258930" lon="103.3497539">
    <ele>152</ele>
   </trkpt>
   <trkpt lat="2.0258828" lon="103.3497667">
    <ele>152</ele>
   </trkpt>
   <trkpt lat="2.0258830" lon="103.3497808">
    <ele>154</ele>
   </trkpt>
   <trkpt lat="2.0258879" lon="103.3498007">
    <ele>154</ele>
   </trkpt>
   <trkpt lat="2.0258889" lon="103.3498065">
    <ele>154</ele>
   </trkpt>
   <trkpt lat="2.0258900" lon="103.3498123">
    <ele>154</ele>
   </trkpt>
   <trkpt lat="2.0258911" lon="103.3498182">
    <ele>155</ele>
   </trkpt>
   <trkpt lat="2.0258885" lon="103.3498363">
    <ele>155</ele>
   </trkpt>
   <trkpt lat="2.0258871" lon="103.3498425">
    <ele>155</ele>
   </trkpt>
   <trkpt lat="2.0258858" lon="103.3498488">
    <ele>155</ele>
   </trkpt>
   <trkpt lat="2.0258845" lon="103.3498551">
    <ele>156</ele>
   </trkpt>
   <trkpt lat="2.0258824" lon="103.3498749">
    <ele>156</ele>
   </trkpt>
   <trkpt lat="2.0258827" lon="103.3498806">
    <ele>156</ele>
   </trkpt>
   <trkpt lat="2.0258829" lon="103.3498864">
    <ele>156</ele>
   </trkpt>
   <trkpt lat="2.0258832" lon="103.3498922">
    <ele>157</ele>
   </trkpt>
   <trkpt lat="2.0258846" lon="103.3499061">
    <ele>157</ele>
   </trkpt>
   <trkpt lat="2.0258910" lon="103.3499267">
    <ele>160</ele>
   </trkpt>
   <trkpt lat="2.0259109" lon="103.3499446">
    <ele>163</ele>
   </trkpt>
   <trkpt lat="2.0259277" lon="103.3499565">
    <ele>165</ele>
   </trkpt>
   <trkpt lat="2.0259500" lon="103.3499692">
    <ele>165</ele>
   </trkpt>
   <trkpt lat="2.0259677" lon="103.3499763">
    <ele>165</ele>
   </trkpt>
   <trkpt lat="2.0259790" lon="103.3499817">
    <ele>166</ele>
   </trkpt>
   <trkpt lat="2.0259923" lon="103.3499950">
    <ele>170</ele>
   </trkpt>
   <trkpt lat="2.0260065" lon="103.3500035">
    <ele>170</ele>
   </trkpt>
   <trkpt lat="2.0260101" lon="103.3500055">
    <ele>170</ele>
   </trkpt>
   <trkpt lat="2.0260137" lon="103.3500075">
    <ele>170</ele>
   </trkpt>
   <trkpt lat="2.0260174" lon="103.3500096">
    <ele>170</ele>
   </trkpt>
   <trkpt lat="2.0260284" lon="103.3500167">
    <ele>170</ele>
   </trkpt>
   <trkpt lat="2.0260389" lon="103.3500241">
    <ele>172</ele>
   </trkpt>
   <trkpt lat="2.0260507" lon="103.3500366">
    <ele>172</ele>
   </trkpt>
   <trkpt lat="2.0260507" lon="103.3500418">
    <ele>172</ele>
   </trkpt>
   <trkpt lat="2.0260507" lon="103.3500472">
    <ele>172</ele>
   </trkpt>
   <trkpt lat="2.0260507" lon="103.3500525">
    <ele>173</ele>
   </trkpt>
   <trkpt lat="2.0260455" lon="103.3500707">
    <ele>173</ele>
   </trkpt>
   <trkpt lat="2.0260448" lon="103.3500763">
    <ele>173</ele>
   </trkpt>
   <trkpt lat="2.0260441" lon="103.3500819">
    <ele>173</ele>
   </trkpt>
   <trkpt lat="2.0260434" lon="103.3500876">
    <ele>173</ele>
   </trkpt>
   <trkpt lat="2.0260468" lon="103.3501022">
    <ele>173</ele>
   </trkpt>
   <trkpt lat="2.0260480" lon="103.3501072">
    <ele>173</ele>
   </trkpt>
   <trkpt lat="2.0260493" lon="103.3501123">
    <ele>173</ele>
   </trkpt>
   <trkpt lat="2.0260506" lon="103.3501174">
    <ele>173</ele>
   </trkpt>
   <trkpt lat="2.0260495" lon="103.3501376">
    <ele>173</ele>
   </trkpt>
   <trkpt lat="2.0260472" lon="103.3501470">
    <ele>173</ele>
   </trkpt>
   <trkpt lat="2.0260449" lon="103.3501564">
    <ele>173</ele>
   </trkpt>
   <trkpt lat="2.0260427" lon="103.3501658">
    <ele>174</ele>
   </trkpt>
   <trkpt lat="2.0260349" lon="103.3501953">
    <ele>174</ele>
   </trkpt>
   <trkpt lat="2.0260328" lon="103.3502041">
    <ele>174</ele>
   </trkpt>
   <trkpt lat="2.0260307" lon="103.3502131">
    <ele>174</ele>
   </trkpt>
   <trkpt lat="2.0260286" lon="103.3502221">
    <ele>174</ele>
   </trkpt>
   <trkpt lat="2.0260271" lon="103.3502392">
    <ele>174</ele>
   </trkpt>
   <trkpt lat="2.0260288" lon="103.3502432">
    <ele>174</ele>
   </trkpt>
   <trkpt lat="2.0260305" lon="103.3502473">
    <ele>174</ele>
   </trkpt>
   <trkpt lat="2.0260322" lon="103.3502514">
    <ele>175</ele>
   </trkpt>
   <trkpt lat="2.0260428" lon="103.3502642">
    <ele>175</ele>
   </trkpt>
   <trkpt lat="2.0260474" lon="103.3502687">
    <ele>175</ele>
   </trkpt>
   <trkpt lat="2.0260520" lon="103.3502732">
    <ele>175</ele>
   </trkpt>
   <trkpt lat="2.0260567" lon="103.3502778">
    <ele>176</ele>
   </trkpt>
   <trkpt lat="2.0260678" lon="103.3502921">
    <ele>176</ele>
   </trkpt>
   <trkpt lat="2.0260700" lon="103.3502976">
    <ele>176</ele>
   </trkpt>
   <trkpt lat="2.0260722" lon="103.3503031">
    <ele>176</ele>
   </trkpt>
   <trkpt lat="2.0260745" lon="103.3503086">
    <ele>176</ele>
   </trkpt>
   <trkpt lat="2.0260812" lon="103.3503279">
    <ele>176</ele>
   </trkpt>
   <trkpt lat="2.0260834" lon="103.3503348">
    <ele>176</ele>
   </trkpt>
   <trkpt lat="2.0260857" lon="103.3503417">
    <ele>176</ele>
   </trkpt>
   <trkpt lat="2.0260880" lon="103.3503486">
    <ele>177</ele>
   </trkpt>
   <trkpt lat="2.0260951" lon="103.3503705">
    <ele>177</ele>
   </trkpt>
   <trkpt lat="2.0260980" lon="103.3503762">
    <ele>177</ele>
   </trkpt>
   <trkpt lat="2.0261010" lon="103.3503820">
    <ele>177</ele>
   </trkpt>
   <trkpt lat="2.0261040" lon="103.3503877">
    <ele>177</ele>
   </trkpt>
   <trkpt lat="2.0261169" lon="103.3503958">
    <ele>177</ele>
   </trkpt>
   <trkpt lat="2.0261343" lon="103.3504071">
    <ele>178</ele>
   </trkpt>
   <trkpt lat="2.0261367" lon="103.3504112">
    <ele>178</ele>
   </trkpt>
   <trkpt lat="2.0261391" lon="103.3504154">
    <ele>178</ele>
   </trkpt>
   <trkpt lat="2.0261416" lon="103.3504196">
    <ele>178</ele>
   </trkpt>
   <trkpt lat="2.0261454" lon="103.3504330">
    <ele>178</ele>
   </trkpt>
   <trkpt lat="2.0261499" lon="103.3504339">
    <ele>180</ele>
   </trkpt>
   <trkpt lat="2.0261583" lon="103.3504376">
    <ele>180</ele>
   </trkpt>
   <trkpt lat="2.0261616" lon="103.3504401">
    <ele>181</ele>
   </trkpt>
   <trkpt lat="2.0261650" lon="103.3504425">
    <ele>181</ele>
   </trkpt>
   <trkpt lat="2.0261684" lon="103.3504452">
    <ele>181</ele>
   </trkpt>
   <trkpt lat="2.0261798" lon="103.3504583">
    <ele>181</ele>
   </trkpt>
   <trkpt lat="2.0261820" lon="103.3504610">
    <ele>182</ele>
   </trkpt>
   <trkpt lat="2.0261842" lon="103.3504636">
    <ele>182</ele>
   </trkpt>
   <trkpt lat="2.0261864" lon="103.3504662">
    <ele>182</ele>
   </trkpt>
   <trkpt lat="2.0261985" lon="103.3504731">
    <ele>182</ele>
   </trkpt>
   <trkpt lat="2.0262204" lon="103.3504691">
    <ele>185</ele>
   </trkpt>
   <trkpt lat="2.0262438" lon="103.3504624">
    <ele>185</ele>
   </trkpt>
   <trkpt lat="2.0262765" lon="103.3504586">
    <ele>188</ele>
   </trkpt>
   <trkpt lat="2.0262827" lon="103.3504586">
    <ele>188</ele>
   </trkpt>
   <trkpt lat="2.0262889" lon="103.3504586">
    <ele>189</ele>
   </trkpt>
   <trkpt lat="2.0262953" lon="103.3504587">
    <ele>189</ele>
   </trkpt>
   <trkpt lat="2.0263172" lon="103.3504566">
    <ele>189</ele>
   </trkpt>
   <trkpt lat="2.0263214" lon="103.3504549">
    <ele>189</ele>
   </trkpt>
   <trkpt lat="2.0263256" lon="103.3504532">
    <ele>189</ele>
   </trkpt>
   <trkpt lat="2.0263298" lon="103.3504516">
    <ele>189</ele>
   </trkpt>
   <trkpt lat="2.0263423" lon="103.3504496">
    <ele>189</ele>
   </trkpt>
   <trkpt lat="2.0263448" lon="103.3504495">
    <ele>189</ele>
   </trkpt>
   <trkpt lat="2.0263474" lon="103.3504494">
    <ele>190</ele>
   </trkpt>
   <trkpt lat="2.0263500" lon="103.3504492">
    <ele>190</ele>
   </trkpt>
   <trkpt lat="2.0263643" lon="103.3504482">
    <ele>190</ele>
   </trkpt>
   <trkpt lat="2.0263691" lon="103.3504476">
    <ele>190</ele>
   </trkpt>
   <trkpt lat="2.0263739" lon="103.3504470">
    <ele>191</ele>
   </trkpt>
   <trkpt lat="2.0263787" lon="103.3504464">
    <ele>191</ele>
   </trkpt>
   <trkpt lat="2.0263930" lon="103.3504447">
    <ele>191</ele>
   </trkpt>
   <trkpt lat="2.0263976" lon="103.3504445">
    <ele>191</ele>
   </trkpt>
   <trkpt lat="2.0264023" lon="103.3504443">
    <ele>192</ele>
   </trkpt>
   <trkpt lat="2.0264070" lon="103.3504441">
    <ele>192</ele>
   </trkpt>
   <trkpt lat="2.0264151" lon="103.3504437">
    <ele>192</ele>
   </trkpt>
   <trkpt lat="2.0264192" lon="103.3504437">
    <ele>192</ele>
   </trkpt>
   <trkpt lat="2.0264233" lon="103.3504436">
    <ele>193</ele>
   </trkpt>
   <trkpt lat="2.0264275" lon="103.3504436">
    <ele>193</ele>
   </trkpt>
   <trkpt lat="2.0264353" lon="103.3504466">
    <ele>194</ele>
   </trkpt>
   <trkpt lat="2.0264462" lon="103.3504518">
    <ele>194</ele>
   </trkpt>
   <trkpt lat="2.0264684" lon="103.3504695">
    <ele>197</ele>
   </trkpt>
   <trkpt lat="2.0264819" lon="103.3504803">
    <ele>197</ele>
   </trkpt>
   <trkpt lat="2.0264877" lon="103.3504836">
    <ele>197</ele>
   </trkpt>
   <trkpt lat="2.0264935" lon="103.3504869">
    <ele>197</ele>
   </trkpt>
   <trkpt lat="2.0264992" lon="103.3504902">
    <ele>198</ele>
   </trkpt>
   <trkpt lat="2.0265129" lon="103.3504911">
    <ele>198</ele>
   </trkpt>
   <trkpt lat="2.0265179" lon="103.3504911">
    <ele>198</ele>
   </trkpt>
   <trkpt lat="2.0265228" lon="103.3504911">
    <ele>198</ele>
   </trkpt>
   <trkpt lat="2.0265279" lon="103.3504911">
    <ele>199</ele>
   </trkpt>
   <trkpt lat="2.0265353" lon="103.3504911">
    <ele>199</ele>
   </trkpt>
   <trkpt lat="2.0265391" lon="103.3504903">
    <ele>199</ele>
   </trkpt>
   <trkpt lat="2.0265429" lon="103.3504895">
    <ele>199</ele>
   </trkpt>
   <trkpt lat="2.0265467" lon="103.3504887">
    <ele>200</ele>
   </trkpt>
   <trkpt lat="2.0265627" lon="103.3504832">
    <ele>201</ele>
   </trkpt>
   <trkpt lat="2.0265760" lon="103.3504781">
    <ele>201</ele>
   </trkpt>
   <trkpt lat="2.0265888" lon="103.3504729">
    <ele>202</ele>
   </trkpt>
   <trkpt lat="2.0265984" lon="103.3504724">
    <ele>203</ele>
   </trkpt>
   <trkpt lat="2.0266015" lon="103.3504727">
    <ele>203</ele>
   </trkpt>
   <trkpt lat="2.0266048" lon="103.3504729">
    <ele>203</ele>
   </trkpt>
   <trkpt lat="2.0266080" lon="103.3504734">
    <ele>203</ele>
   </trkpt>
   <trkpt lat="2.0266350" lon="103.3504758">
    <ele>209</ele>
   </trkpt>
   <trkpt lat="2.0266573" lon="103.3504823">
    <ele>211</ele>
   </trkpt>
   <trkpt lat="2.0266810" lon="103.3504949">
    <ele>211</ele>
   </trkpt>
   <trkpt lat="2.0266852" lon="103.3504996">
    <ele>211</ele>
   </trkpt>
   <trkpt lat="2.0266894" lon="103.3505043">
    <ele>212</ele>
   </trkpt>
   <trkpt lat="2.0266937" lon="103.3505090">
    <ele>212</ele>
   </trkpt>
   <trkpt lat="2.0267080" lon="103.3505285">
    <ele>212</ele>
   </trkpt>
   <trkpt lat="2.0267124" lon="103.3505341">
    <ele>212</ele>
   </trkpt>
   <trkpt lat="2.0267168" lon="103.3505398">
    <ele>213</ele>
   </trkpt>
   <trkpt lat="2.0267212" lon="103.3505455">
    <ele>213</ele>
   </trkpt>
   <trkpt lat="2.0267315" lon="103.3505625">
    <ele>213</ele>
   </trkpt>
   <trkpt lat="2.0267396" lon="103.3505760">
    <ele>215</ele>
   </trkpt>
   <trkpt lat="2.0267506" lon="103.3505945">
    <ele>215</ele>
   </trkpt>
   <trkpt lat="2.0267538" lon="103.3505992">
    <ele>215</ele>
   </trkpt>
   <trkpt lat="2.0267570" lon="103.3506039">
    <ele>216</ele>
   </trkpt>
   <trkpt lat="2.0267603" lon="103.3506086">
    <ele>216</ele>
   </trkpt>
   <trkpt lat="2.0267722" lon="103.3506213">
    <ele>216</ele>
   </trkpt>
   <trkpt lat="2.0267944" lon="103.3506347">
    <ele>219</ele>
   </trkpt>
   <trkpt lat="2.0268119" lon="103.3506474">
    <ele>219</ele>
   </trkpt>
   <trkpt lat="2.0268160" lon="103.3506509">
    <ele>219</ele>
   </trkpt>
   <trkpt lat="2.0268201" lon="103.3506545">
    <ele>220</ele>
   </trkpt>
   <trkpt lat="2.0268243" lon="103.3506581">
    <ele>220</ele>
   </trkpt>
   <trkpt lat="2.0268373" lon="103.3506638">
    <ele>220</ele>
   </trkpt>
   <trkpt lat="2.0268428" lon="103.3506644">
    <ele>220</ele>
   </trkpt>
   <trkpt lat="2.0268484" lon="103.3506652">
    <ele>221</ele>
   </trkpt>
   <trkpt lat="2.0268540" lon="103.3506659">
    <ele>221</ele>
   </trkpt>
   <trkpt lat="2.0268729" lon="103.3506676">
    <ele>221</ele>
   </trkpt>
   <trkpt lat="2.0268774" lon="103.3506686">
    <ele>221</ele>
   </trkpt>
   <trkpt lat="2.0268820" lon="103.3506696">
    <ele>222</ele>
   </trkpt>
   <trkpt lat="2.0268864" lon="103.3506706">
    <ele>222</ele>
   </trkpt>
   <trkpt lat="2.0268911" lon="103.3506716">
    <ele>222</ele>
   </trkpt>
   <trkpt lat="2.0269067" lon="103.3506707">
    <ele>222</ele>
   </trkpt>
   <trkpt lat="2.0269121" lon="103.3506696">
    <ele>223</ele>
   </trkpt>
   <trkpt lat="2.0269175" lon="103.3506685">
    <ele>223</ele>
   </trkpt>
   <trkpt lat="2.0269229" lon="103.3506675">
    <ele>223</ele>
   </trkpt>
   <trkpt lat="2.0269417" lon="103.3506658">
    <ele>223</ele>
   </trkpt>
   <trkpt lat="2.0269480" lon="103.3506677">
    <ele>223</ele>
   </trkpt>
   <trkpt lat="2.0269544" lon="103.3506696">
    <ele>223</ele>
   </trkpt>
   <trkpt lat="2.0269608" lon="103.3506716">
    <ele>223</ele>
   </trkpt>
   <trkpt lat="2.0269737" lon="103.3506835">
    <ele>223</ele>
   </trkpt>
   <trkpt lat="2.0269761" lon="103.3506886">
    <ele>224</ele>
   </trkpt>
   <trkpt lat="2.0269786" lon="103.3506938">
    <ele>224</ele>
   </trkpt>
   <trkpt lat="2.0269811" lon="103.3506990">
    <ele>224</ele>
   </trkpt>
   <trkpt lat="2.0269844" lon="103.3507157">
    <ele>224</ele>
   </trkpt>
   <trkpt lat="2.0269844" lon="103.3507216">
    <ele>225</ele>
   </trkpt>
   <trkpt lat="2.0269845" lon="103.3507276">
    <ele>225</ele>
   </trkpt>
   <trkpt lat="2.0269846" lon="103.3507336">
    <ele>225</ele>
   </trkpt>
   <trkpt lat="2.0269829" lon="103.3507541">
    <ele>225</ele>
   </trkpt>
   <trkpt lat="2.0269830" lon="103.3507607">
    <ele>226</ele>
   </trkpt>
   <trkpt lat="2.0269832" lon="103.3507673">
    <ele>226</ele>
   </trkpt>
   <trkpt lat="2.0269834" lon="103.3507738">
    <ele>226</ele>
   </trkpt>
   <trkpt lat="2.0269867" lon="103.3507930">
    <ele>226</ele>
   </trkpt>
   <trkpt lat="2.0269883" lon="103.3507998">
    <ele>227</ele>
   </trkpt>
   <trkpt lat="2.0269898" lon="103.3508066">
    <ele>227</ele>
   </trkpt>
   <trkpt lat="2.0269916" lon="103.3508135">
    <ele>227</ele>
   </trkpt>
   <trkpt lat="2.0269972" lon="103.3508346">
    <ele>227</ele>
   </trkpt>
   <trkpt lat="2.0269991" lon="103.3508411">
    <ele>227</ele>
   </trkpt>
   <trkpt lat="2.0270010" lon="103.3508477">
    <ele>227</ele>
   </trkpt>
   <trkpt lat="2.0270030" lon="103.3508543">
    <ele>227</ele>
   </trkpt>
   <trkpt lat="2.0270085" lon="103.3508719">
    <ele>227</ele>
   </trkpt>
   <trkpt lat="2.0270093" lon="103.3508780">
    <ele>228</ele>
   </trkpt>
   <trkpt lat="2.0270101" lon="103.3508842">
    <ele>228</ele>
   </trkpt>
   <trkpt lat="2.0270110" lon="103.3508904">
    <ele>228</ele>
   </trkpt>
   <trkpt lat="2.0270106" lon="103.3509122">
    <ele>228</ele>
   </trkpt>
   <trkpt lat="2.0270103" lon="103.3509179">
    <ele>228</ele>
   </trkpt>
   <trkpt lat="2.0270100" lon="103.3509237">
    <ele>228</ele>
   </trkpt>
   <trkpt lat="2.0270096" lon="103.3509294">
    <ele>228</ele>
   </trkpt>
   <trkpt lat="2.0270094" lon="103.3509352">
    <ele>228</ele>
   </trkpt>
   <trkpt lat="2.0270087" lon="103.3509504">
    <ele>228</ele>
   </trkpt>
   <trkpt lat="2.0270091" lon="103.3509545">
    <ele>228</ele>
   </trkpt>
   <trkpt lat="2.0270096" lon="103.3509587">
    <ele>228</ele>
   </trkpt>
   <trkpt lat="2.0270101" lon="103.3509629">
    <ele>228</ele>
   </trkpt>
   <trkpt lat="2.0270134" lon="103.3509791">
    <ele>229</ele>
   </trkpt>
   <trkpt lat="2.0270145" lon="103.3509844">
    <ele>229</ele>
   </trkpt>
   <trkpt lat="2.0270155" lon="103.3509897">
    <ele>229</ele>
   </trkpt>
   <trkpt lat="2.0270165" lon="103.3509951">
    <ele>229</ele>
   </trkpt>
   <trkpt lat="2.0270202" lon="103.3510045">
    <ele>230</ele>
   </trkpt>
   <trkpt lat="2.0270267" lon="103.3510168">
    <ele>230</ele>
   </trkpt>
   <trkpt lat="2.0270291" lon="103.3510205">
    <ele>230</ele>
   </trkpt>
   <trkpt lat="2.0270315" lon="103.3510242">
    <ele>231</ele>
   </trkpt>
   <trkpt lat="2.0270339" lon="103.3510280">
    <ele>231</ele>
   </trkpt>
   <trkpt lat="2.0270408" lon="103.3510417">
    <ele>231</ele>
   </trkpt>
   <trkpt lat="2.0270427" lon="103.3510471">
    <ele>231</ele>
   </trkpt>
   <trkpt lat="2.0270446" lon="103.3510525">
    <ele>232</ele>
   </trkpt>
   <trkpt lat="2.0270465" lon="103.3510580">
    <ele>232</ele>
   </trkpt>
   <trkpt lat="2.0270503" lon="103.3510724">
    <ele>232</ele>
   </trkpt>
   <trkpt lat="2.0270514" lon="103.3510733">
    <ele>232</ele>
   </trkpt>
   <trkpt lat="2.0270526" lon="103.3510742">
    <ele>233</ele>
   </trkpt>
   <trkpt lat="2.0270537" lon="103.3510752">
    <ele>233</ele>
   </trkpt>
   <trkpt lat="2.0270549" lon="103.3510762">
    <ele>233</ele>
   </trkpt>
   <trkpt lat="2.0270670" lon="103.3510789">
    <ele>233</ele>
   </trkpt>
   <trkpt lat="2.0270722" lon="103.3510797">
    <ele>233</ele>
   </trkpt>
   <trkpt lat="2.0270774" lon="103.3510805">
    <ele>233</ele>
   </trkpt>
   <trkpt lat="2.0270826" lon="103.3510814">
    <ele>233</ele>
   </trkpt>
   <trkpt lat="2.0270975" lon="103.3510869">
    <ele>233</ele>
   </trkpt>
   <trkpt lat="2.0270995" lon="103.3510895">
    <ele>234</ele>
   </trkpt>
   <trkpt lat="2.0271016" lon="103.3510922">
    <ele>234</ele>
   </trkpt>
   <trkpt lat="2.0271037" lon="103.3510949">
    <ele>234</ele>
   </trkpt>
   <trkpt lat="2.0271043" lon="103.3511104">
    <ele>234</ele>
   </trkpt>
   <trkpt lat="2.0271040" lon="103.3511180">
    <ele>234</ele>
   </trkpt>
   <trkpt lat="2.0271035" lon="103.3511256">
    <ele>234</ele>
   </trkpt>
   <trkpt lat="2.0271033" lon="103.3511333">
    <ele>234</ele>
   </trkpt>
   <trkpt lat="2.0271012" lon="103.3511581">
    <ele>234</ele>
   </trkpt>
   <trkpt lat="2.0271000" lon="103.3511653">
    <ele>235</ele>
   </trkpt>
   <trkpt lat="2.0270988" lon="103.3511725">
    <ele>235</ele>
   </trkpt>
   <trkpt lat="2.0270977" lon="103.3511797">
    <ele>235</ele>
   </trkpt>
   <trkpt lat="2.0270946" lon="103.3511970">
    <ele>235</ele>
   </trkpt>
   <trkpt lat="2.0270948" lon="103.3512012">
    <ele>235</ele>
   </trkpt>
   <trkpt lat="2.0270951" lon="103.3512053">
    <ele>235</ele>
   </trkpt>
   <trkpt lat="2.0270954" lon="103.3512095">
    <ele>235</ele>
   </trkpt>
   <trkpt lat="2.0270994" lon="103.3512231">
    <ele>235</ele>
   </trkpt>
   <trkpt lat="2.0271007" lon="103.3512278">
    <ele>236</ele>
   </trkpt>
   <trkpt lat="2.0271020" lon="103.3512326">
    <ele>236</ele>
   </trkpt>
   <trkpt lat="2.0271033" lon="103.3512374">
    <ele>236</ele>
   </trkpt>
   <trkpt lat="2.0271035" lon="103.3512405">
    <ele>236</ele>
   </trkpt>
   <trkpt lat="2.0271038" lon="103.3512436">
    <ele>237</ele>
   </trkpt>
   <trkpt lat="2.0271041" lon="103.3512467">
    <ele>237</ele>
   </trkpt>
   <trkpt lat="2.0271054" lon="103.3512620">
    <ele>237</ele>
   </trkpt>
   <trkpt lat="2.0271062" lon="103.3512655">
    <ele>237</ele>
   </trkpt>
   <trkpt lat="2.0271070" lon="103.3512690">
    <ele>238</ele>
   </trkpt>
   <trkpt lat="2.0271078" lon="103.3512724">
    <ele>238</ele>
   </trkpt>
   <trkpt lat="2.0271086" lon="103.3512761">
    <ele>238</ele>
   </trkpt>
   <trkpt lat="2.0271126" lon="103.3512913">
    <ele>238</ele>
   </trkpt>
   <trkpt lat="2.0271141" lon="103.3512965">
    <ele>238</ele>
   </trkpt>
   <trkpt lat="2.0271157" lon="103.3513018">
    <ele>238</ele>
   </trkpt>
   <trkpt lat="2.0271173" lon="103.3513071">
    <ele>238</ele>
   </trkpt>
   <trkpt lat="2.0271239" lon="103.3513228">
    <ele>238</ele>
   </trkpt>
   <trkpt lat="2.0271267" lon="103.3513286">
    <ele>239</ele>
   </trkpt>
   <trkpt lat="2.0271296" lon="103.3513344">
    <ele>239</ele>
   </trkpt>
   <trkpt lat="2.0271325" lon="103.3513403">
    <ele>239</ele>
   </trkpt>
   <trkpt lat="2.0271398" lon="103.3513598">
    <ele>239</ele>
   </trkpt>
   <trkpt lat="2.0271407" lon="103.3513673">
    <ele>240</ele>
   </trkpt>
   <trkpt lat="2.0271416" lon="103.3513748">
    <ele>240</ele>
   </trkpt>
   <trkpt lat="2.0271426" lon="103.3513824">
    <ele>240</ele>
   </trkpt>
   <trkpt lat="2.0271404" lon="103.3514092">
    <ele>240</ele>
   </trkpt>
   <trkpt lat="2.0271374" lon="103.3514189">
    <ele>241</ele>
   </trkpt>
   <trkpt lat="2.0271345" lon="103.3514286">
    <ele>241</ele>
   </trkpt>
   <trkpt lat="2.0271316" lon="103.3514384">
    <ele>241</ele>
   </trkpt>
   <trkpt lat="2.0271184" lon="103.3514666">
    <ele>241</ele>
   </trkpt>
   <trkpt lat="2.0271144" lon="103.3514755">
    <ele>241</ele>
   </trkpt>
   <trkpt lat="2.0271104" lon="103.3514845">
    <ele>241</ele>
   </trkpt>
   <trkpt lat="2.0271064" lon="103.3514935">
    <ele>241</ele>
   </trkpt>
   <trkpt lat="2.0270997" lon="103.3515178">
    <ele>241</ele>
   </trkpt>
   <trkpt lat="2.0270980" lon="103.3515250">
    <ele>241</ele>
   </trkpt>
   <trkpt lat="2.0270963" lon="103.3515322">
    <ele>241</ele>
   </trkpt>
   <trkpt lat="2.0270946" lon="103.3515393">
    <ele>241</ele>
   </trkpt>
   <trkpt lat="2.0270854" lon="103.3515567">
    <ele>241</ele>
   </trkpt>
   <trkpt lat="2.0270813" lon="103.3515608">
    <ele>242</ele>
   </trkpt>
   <trkpt lat="2.0270772" lon="103.3515649">
    <ele>242</ele>
   </trkpt>
   <trkpt lat="2.0270731" lon="103.3515690">
    <ele>242</ele>
   </trkpt>
   <trkpt lat="2.0270566" lon="103.3515809">
    <ele>242</ele>
   </trkpt>
   <trkpt lat="2.0270495" lon="103.3515857">
    <ele>242</ele>
   </trkpt>
   <trkpt lat="2.0270426" lon="103.3515905">
    <ele>242</ele>
   </trkpt>
   <trkpt lat="2.0270357" lon="103.3515953">
    <ele>242</ele>
   </trkpt>
   <trkpt lat="2.0270178" lon="103.3516126">
    <ele>242</ele>
   </trkpt>
   <trkpt lat="2.0270144" lon="103.3516177">
    <ele>243</ele>
   </trkpt>
   <trkpt lat="2.0270110" lon="103.3516228">
    <ele>243</ele>
   </trkpt>
   <trkpt lat="2.0270076" lon="103.3516279">
    <ele>243</ele>
   </trkpt>
   <trkpt lat="2.0270065" lon="103.3516303">
    <ele>243</ele>
   </trkpt>
   <trkpt lat="2.0270055" lon="103.3516328">
    <ele>244</ele>
   </trkpt>
   <trkpt lat="2.0270044" lon="103.3516352">
    <ele>244</ele>
   </trkpt>
   <trkpt lat="2.0270034" lon="103.3516377">
    <ele>244</ele>
   </trkpt>
   <trkpt lat="2.0269954" lon="103.3516511">
    <ele>244</ele>
   </trkpt>
   <trkpt lat="2.0269923" lon="103.3516537">
    <ele>244</ele>
   </trkpt>
   <trkpt lat="2.0269893" lon="103.3516564">
    <ele>244</ele>
   </trkpt>
   <trkpt lat="2.0269863" lon="103.3516591">
    <ele>244</ele>
   </trkpt>
   <trkpt lat="2.0269791" lon="103.3516706">
    <ele>244</ele>
   </trkpt>
   <trkpt lat="2.0269769" lon="103.3516753">
    <ele>245</ele>
   </trkpt>
   <trkpt lat="2.0269748" lon="103.3516801">
    <ele>245</ele>
   </trkpt>
   <trkpt lat="2.0269727" lon="103.3516849">
    <ele>245</ele>
   </trkpt>
   <trkpt lat="2.0269642" lon="103.3517013">
    <ele>245</ele>
   </trkpt>
   <trkpt lat="2.0269615" lon="103.3517075">
    <ele>245</ele>
   </trkpt>
   <trkpt lat="2.0269588" lon="103.3517137">
    <ele>245</ele>
   </trkpt>
   <trkpt lat="2.0269562" lon="103.3517200">
    <ele>245</ele>
   </trkpt>
   <trkpt lat="2.0269512" lon="103.3517382">
    <ele>245</ele>
   </trkpt>
   <trkpt lat="2.0269498" lon="103.3517438">
    <ele>246</ele>
   </trkpt>
   <trkpt lat="2.0269485" lon="103.3517494">
    <ele>246</ele>
   </trkpt>
   <trkpt lat="2.0269472" lon="103.3517550">
    <ele>246</ele>
   </trkpt>
   <trkpt lat="2.0269447" lon="103.3517727">
    <ele>246</ele>
   </trkpt>
   <trkpt lat="2.0269446" lon="103.3517800">
    <ele>246</ele>
   </trkpt>
   <trkpt lat="2.0269446" lon="103.3517873">
    <ele>246</ele>
   </trkpt>
   <trkpt lat="2.0269446" lon="103.3517946">
    <ele>246</ele>
   </trkpt>
   <trkpt lat="2.0269421" lon="103.3518192">
    <ele>246</ele>
   </trkpt>
   <trkpt lat="2.0269406" lon="103.3518270">
    <ele>247</ele>
   </trkpt>
   <trkpt lat="2.0269391" lon="103.3518349">
    <ele>247</ele>
   </trkpt>
   <trkpt lat="2.0269377" lon="103.3518428">
    <ele>247</ele>
   </trkpt>
   <trkpt lat="2.0269352" lon="103.3518680">
    <ele>247</ele>
   </trkpt>
   <trkpt lat="2.0269348" lon="103.3518768">
    <ele>247</ele>
   </trkpt>
   <trkpt lat="2.0269345" lon="103.3518858">
    <ele>247</ele>
   </trkpt>
   <trkpt lat="2.0269342" lon="103.3518948">
    <ele>247</ele>
   </trkpt>
   <trkpt lat="2.0269318" lon="103.3519239">
    <ele>247</ele>
   </trkpt>
   <trkpt lat="2.0269307" lon="103.3519339">
    <ele>247</ele>
   </trkpt>
   <trkpt lat="2.0269297" lon="103.3519439">
    <ele>247</ele>
   </trkpt>
   <trkpt lat="2.0269287" lon="103.3519540">
    <ele>247</ele>
   </trkpt>
   <trkpt lat="2.0269266" lon="103.3519812">
    <ele>247</ele>
   </trkpt>
   <trkpt lat="2.0269261" lon="103.3519892">
    <ele>247</ele>
   </trkpt>
   <trkpt lat="2.0269257" lon="103.3519972">
    <ele>247</ele>
   </trkpt>
   <trkpt lat="2.0269253" lon="103.3520051">
    <ele>247</ele>
   </trkpt>
   <trkpt lat="2.0269228" lon="103.3520264">
    <ele>247</ele>
   </trkpt>
   <trkpt lat="2.0269220" lon="103.3520348">
    <ele>247</ele>
   </trkpt>
   <trkpt lat="2.0269212" lon="103.3520431">
    <ele>247</ele>
   </trkpt>
   <trkpt lat="2.0269204" lon="103.3520513">
    <ele>247</ele>
   </trkpt>
   <trkpt lat="2.0269183" lon="103.3520821">
    <ele>247</ele>
   </trkpt>
   <trkpt lat="2.0269172" lon="103.3520924">
    <ele>247</ele>
   </trkpt>
   <trkpt lat="2.0269162" lon="103.3521028">
    <ele>247</ele>
   </trkpt>
   <trkpt lat="2.0269152" lon="103.3521132">
    <ele>247</ele>
   </trkpt>
   <trkpt lat="2.0269101" lon="103.3521417">
    <ele>247</ele>
   </trkpt>
   <trkpt lat="2.0269084" lon="103.3521504">
    <ele>247</ele>
   </trkpt>
   <trkpt lat="2.0269067" lon="103.3521594">
    <ele>247</ele>
   </trkpt>
   <trkpt lat="2.0269051" lon="103.3521683">
    <ele>247</ele>
   </trkpt>
   <trkpt lat="2.0269011" lon="103.3521936">
    <ele>247</ele>
   </trkpt>
   <trkpt lat="2.0269007" lon="103.3522004">
    <ele>247</ele>
   </trkpt>
   <trkpt lat="2.0269003" lon="103.3522072">
    <ele>247</ele>
   </trkpt>
   <trkpt lat="2.0269000" lon="103.3522140">
    <ele>247</ele>
   </trkpt>
   <trkpt lat="2.0269041" lon="103.3522321">
    <ele>247</ele>
   </trkpt>
   <trkpt lat="2.0269056" lon="103.3522392">
    <ele>247</ele>
   </trkpt>
   <trkpt lat="2.0269071" lon="103.3522465">
    <ele>247</ele>
   </trkpt>
   <trkpt lat="2.0269087" lon="103.3522537">
    <ele>247</ele>
   </trkpt>
   <trkpt lat="2.0269115" lon="103.3522782">
    <ele>247</ele>
   </trkpt>
   <trkpt lat="2.0269122" lon="103.3522864">
    <ele>248</ele>
   </trkpt>
   <trkpt lat="2.0269130" lon="103.3522945">
    <ele>248</ele>
   </trkpt>
   <trkpt lat="2.0269138" lon="103.3523029">
    <ele>248</ele>
   </trkpt>
   <trkpt lat="2.0269152" lon="103.3523249">
    <ele>248</ele>
   </trkpt>
   <trkpt lat="2.0269142" lon="103.3523312">
    <ele>248</ele>
   </trkpt>
   <trkpt lat="2.0269132" lon="103.3523374">
    <ele>248</ele>
   </trkpt>
   <trkpt lat="2.0269122" lon="103.3523437">
    <ele>248</ele>
   </trkpt>
   <trkpt lat="2.0269089" lon="103.3523599">
    <ele>248</ele>
   </trkpt>
   <trkpt lat="2.0269101" lon="103.3523659">
    <ele>248</ele>
   </trkpt>
   <trkpt lat="2.0269113" lon="103.3523719">
    <ele>248</ele>
   </trkpt>
   <trkpt lat="2.0269125" lon="103.3523780">
    <ele>248</ele>
   </trkpt>
   <trkpt lat="2.0269196" lon="103.3523977">
    <ele>248</ele>
   </trkpt>
   <trkpt lat="2.0269227" lon="103.3524040">
    <ele>249</ele>
   </trkpt>
   <trkpt lat="2.0269258" lon="103.3524103">
    <ele>249</ele>
   </trkpt>
   <trkpt lat="2.0269289" lon="103.3524167">
    <ele>249</ele>
   </trkpt>
   <trkpt lat="2.0269401" lon="103.3524372">
    <ele>249</ele>
   </trkpt>
   <trkpt lat="2.0269437" lon="103.3524423">
    <ele>249</ele>
   </trkpt>
   <trkpt lat="2.0269474" lon="103.3524474">
    <ele>249</ele>
   </trkpt>
   <trkpt lat="2.0269510" lon="103.3524525">
    <ele>249</ele>
   </trkpt>
   <trkpt lat="2.0269548" lon="103.3524575">
    <ele>249</ele>
   </trkpt>
   <trkpt lat="2.0269651" lon="103.3524738">
    <ele>250</ele>
   </trkpt>
   <trkpt lat="2.0269666" lon="103.3524790">
    <ele>250</ele>
   </trkpt>
   <trkpt lat="2.0269681" lon="103.3524843">
    <ele>250</ele>
   </trkpt>
   <trkpt lat="2.0269697" lon="103.3524896">
    <ele>250</ele>
   </trkpt>
   <trkpt lat="2.0269750" lon="103.3525023">
    <ele>250</ele>
   </trkpt>
   <trkpt lat="2.0269767" lon="103.3525056">
    <ele>250</ele>
   </trkpt>
   <trkpt lat="2.0269784" lon="103.3525089">
    <ele>250</ele>
   </trkpt>
   <trkpt lat="2.0269801" lon="103.3525122">
    <ele>250</ele>
   </trkpt>
   <trkpt lat="2.0269808" lon="103.3525245">
    <ele>251</ele>
   </trkpt>
   <trkpt lat="2.0269807" lon="103.3525274">
    <ele>251</ele>
   </trkpt>
   <trkpt lat="2.0269807" lon="103.3525303">
    <ele>251</ele>
   </trkpt>
   <trkpt lat="2.0269807" lon="103.3525333">
    <ele>251</ele>
   </trkpt>
   <trkpt lat="2.0269824" lon="103.3525484">
    <ele>251</ele>
   </trkpt>
   <trkpt lat="2.0269839" lon="103.3525535">
    <ele>251</ele>
   </trkpt>
   <trkpt lat="2.0269855" lon="103.3525586">
    <ele>251</ele>
   </trkpt>
   <trkpt lat="2.0269871" lon="103.3525638">
    <ele>251</ele>
   </trkpt>
   <trkpt lat="2.0269925" lon="103.3525793">
    <ele>252</ele>
   </trkpt>
   <trkpt lat="2.0269946" lon="103.3525849">
    <ele>252</ele>
   </trkpt>
   <trkpt lat="2.0269966" lon="103.3525905">
    <ele>252</ele>
   </trkpt>
   <trkpt lat="2.0269986" lon="103.3525961">
    <ele>252</ele>
   </trkpt>
   <trkpt lat="2.0270031" lon="103.3526154">
    <ele>252</ele>
   </trkpt>
   <trkpt lat="2.0270036" lon="103.3526219">
    <ele>252</ele>
   </trkpt>
   <trkpt lat="2.0270041" lon="103.3526284">
    <ele>252</ele>
   </trkpt>
   <trkpt lat="2.0270046" lon="103.3526350">
    <ele>252</ele>
   </trkpt>
   <trkpt lat="2.0270031" lon="103.3526562">
    <ele>253</ele>
   </trkpt>
   <trkpt lat="2.0270029" lon="103.3526630">
    <ele>253</ele>
   </trkpt>
   <trkpt lat="2.0270026" lon="103.3526699">
    <ele>253</ele>
   </trkpt>
   <trkpt lat="2.0270023" lon="103.3526768">
    <ele>253</ele>
   </trkpt>
   <trkpt lat="2.0270018" lon="103.3526983">
    <ele>254</ele>
   </trkpt>
   <trkpt lat="2.0270008" lon="103.3527043">
    <ele>254</ele>
   </trkpt>
   <trkpt lat="2.0269998" lon="103.3527103">
    <ele>254</ele>
   </trkpt>
   <trkpt lat="2.0269988" lon="103.3527164">
    <ele>254</ele>
   </trkpt>
   <trkpt lat="2.0269935" lon="103.3527359">
    <ele>255</ele>
   </trkpt>
   <trkpt lat="2.0269917" lon="103.3527536">
    <ele>255</ele>
   </trkpt>
   <trkpt lat="2.0269917" lon="103.3527588">
    <ele>255</ele>
   </trkpt>
   <trkpt lat="2.0269916" lon="103.3527639">
    <ele>255</ele>
   </trkpt>
   <trkpt lat="2.0269915" lon="103.3527692">
    <ele>255</ele>
   </trkpt>
   <trkpt lat="2.0269911" lon="103.3527742">
    <ele>255</ele>
   </trkpt>
   <trkpt lat="2.0269906" lon="103.3527794">
    <ele>255</ele>
   </trkpt>
   <trkpt lat="2.0269903" lon="103.3527845">
    <ele>256</ele>
   </trkpt>
   <trkpt lat="2.0269906" lon="103.3527977">
    <ele>256</ele>
   </trkpt>
   <trkpt lat="2.0269902" lon="103.3528027">
    <ele>256</ele>
   </trkpt>
   <trkpt lat="2.0269898" lon="103.3528077">
    <ele>256</ele>
   </trkpt>
   <trkpt lat="2.0269896" lon="103.3528127">
    <ele>256</ele>
   </trkpt>
   <trkpt lat="2.0269827" lon="103.3528312">
    <ele>256</ele>
   </trkpt>
   <trkpt lat="2.0269794" lon="103.3528369">
    <ele>256</ele>
   </trkpt>
   <trkpt lat="2.0269761" lon="103.3528427">
    <ele>256</ele>
   </trkpt>
   <trkpt lat="2.0269729" lon="103.3528484">
    <ele>257</ele>
   </trkpt>
   <trkpt lat="2.0269645" lon="103.3528635">
    <ele>257</ele>
   </trkpt>
   <trkpt lat="2.0269619" lon="103.3528677">
    <ele>257</ele>
   </trkpt>
   <trkpt lat="2.0269593" lon="103.3528719">
    <ele>257</ele>
   </trkpt>
   <trkpt lat="2.0269567" lon="103.3528761">
    <ele>257</ele>
   </trkpt>
   <trkpt lat="2.0269505" lon="103.3528879">
    <ele>257</ele>
   </trkpt>
   <trkpt lat="2.0269487" lon="103.3528925">
    <ele>257</ele>
   </trkpt>
   <trkpt lat="2.0269469" lon="103.3528972">
    <ele>257</ele>
   </trkpt>
   <trkpt lat="2.0269451" lon="103.3529019">
    <ele>258</ele>
   </trkpt>
   <trkpt lat="2.0269419" lon="103.3529147">
    <ele>258</ele>
   </trkpt>
   <trkpt lat="2.0269417" lon="103.3529194">
    <ele>258</ele>
   </trkpt>
   <trkpt lat="2.0269415" lon="103.3529241">
    <ele>258</ele>
   </trkpt>
   <trkpt lat="2.0269414" lon="103.3529288">
    <ele>259</ele>
   </trkpt>
   <trkpt lat="2.0269393" lon="103.3529329">
    <ele>259</ele>
   </trkpt>
   <trkpt lat="2.0269373" lon="103.3529371">
    <ele>259</ele>
   </trkpt>
   <trkpt lat="2.0269353" lon="103.3529413">
    <ele>259</ele>
   </trkpt>
   <trkpt lat="2.0269249" lon="103.3529505">
    <ele>259</ele>
   </trkpt>
   <trkpt lat="2.0269212" lon="103.3529542">
    <ele>259</ele>
   </trkpt>
   <trkpt lat="2.0269176" lon="103.3529581">
    <ele>259</ele>
   </trkpt>
   <trkpt lat="2.0269140" lon="103.3529619">
    <ele>259</ele>
   </trkpt>
   <trkpt lat="2.0269025" lon="103.3529774">
    <ele>259</ele>
   </trkpt>
   <trkpt lat="2.0268984" lon="103.3529832">
    <ele>259</ele>
   </trkpt>
   <trkpt lat="2.0268943" lon="103.3529889">
    <ele>259</ele>
   </trkpt>
   <trkpt lat="2.0268902" lon="103.3529948">
    <ele>259</ele>
   </trkpt>
   <trkpt lat="2.0268773" lon="103.3530120">
    <ele>260</ele>
   </trkpt>
   <trkpt lat="2.0268728" lon="103.3530174">
    <ele>260</ele>
   </trkpt>
   <trkpt lat="2.0268683" lon="103.3530229">
    <ele>260</ele>
   </trkpt>
   <trkpt lat="2.0268638" lon="103.3530284">
    <ele>260</ele>
   </trkpt>
   <trkpt lat="2.0268522" lon="103.3530412">
    <ele>260</ele>
   </trkpt>
   <trkpt lat="2.0268460" lon="103.3530480">
    <ele>260</ele>
   </trkpt>
   <trkpt lat="2.0268373" lon="103.3530584">
    <ele>260</ele>
   </trkpt>
   <trkpt lat="2.0268342" lon="103.3530631">
    <ele>261</ele>
   </trkpt>
   <trkpt lat="2.0268310" lon="103.3530679">
    <ele>261</ele>
   </trkpt>
   <trkpt lat="2.0268278" lon="103.3530729">
    <ele>261</ele>
   </trkpt>
   <trkpt lat="2.0268176" lon="103.3530901">
    <ele>261</ele>
   </trkpt>
   <trkpt lat="2.0268137" lon="103.3530955">
    <ele>261</ele>
   </trkpt>
   <trkpt lat="2.0268099" lon="103.3531010">
    <ele>261</ele>
   </trkpt>
   <trkpt lat="2.0268061" lon="103.3531065">
    <ele>261</ele>
   </trkpt>
   <trkpt lat="2.0267947" lon="103.3531193">
    <ele>261</ele>
   </trkpt>
   <trkpt lat="2.0267916" lon="103.3531225">
    <ele>262</ele>
   </trkpt>
   <trkpt lat="2.0267885" lon="103.3531257">
    <ele>262</ele>
   </trkpt>
   <trkpt lat="2.0267855" lon="103.3531290">
    <ele>262</ele>
   </trkpt>
   <trkpt lat="2.0267772" lon="103.3531371">
    <ele>262</ele>
   </trkpt>
   <trkpt lat="2.0267732" lon="103.3531399">
    <ele>262</ele>
   </trkpt>
   <trkpt lat="2.0267693" lon="103.3531428">
    <ele>262</ele>
   </trkpt>
   <trkpt lat="2.0267654" lon="103.3531457">
    <ele>262</ele>
   </trkpt>
   <trkpt lat="2.0267539" lon="103.3531555">
    <ele>262</ele>
   </trkpt>
   <trkpt lat="2.0267505" lon="103.3531594">
    <ele>262</ele>
   </trkpt>
   <trkpt lat="2.0267471" lon="103.3531633">
    <ele>262</ele>
   </trkpt>
   <trkpt lat="2.0267437" lon="103.3531673">
    <ele>262</ele>
   </trkpt>
   <trkpt lat="2.0267400" lon="103.3531717">
    <ele>262</ele>
   </trkpt>
   <trkpt lat="2.0267364" lon="103.3531761">
    <ele>263</ele>
   </trkpt>
   <trkpt lat="2.0267328" lon="103.3531807">
    <ele>263</ele>
   </trkpt>
   <trkpt lat="2.0267262" lon="103.3531921">
    <ele>263</ele>
   </trkpt>
   <trkpt lat="2.0267254" lon="103.3531953">
    <ele>263</ele>
   </trkpt>
   <trkpt lat="2.0267246" lon="103.3531986">
    <ele>263</ele>
   </trkpt>
   <trkpt lat="2.0267238" lon="103.3532019">
    <ele>263</ele>
   </trkpt>
   <trkpt lat="2.0267207" lon="103.3532112">
    <ele>263</ele>
   </trkpt>
   <trkpt lat="2.0267198" lon="103.3532137">
    <ele>263</ele>
   </trkpt>
   <trkpt lat="2.0267191" lon="103.3532162">
    <ele>264</ele>
   </trkpt>
   <trkpt lat="2.0267184" lon="103.3532187">
    <ele>264</ele>
   </trkpt>
   <trkpt lat="2.0267139" lon="103.3532330">
    <ele>264</ele>
   </trkpt>
   <trkpt lat="2.0267118" lon="103.3532375">
    <ele>264</ele>
   </trkpt>
   <trkpt lat="2.0267097" lon="103.3532420">
    <ele>264</ele>
   </trkpt>
   <trkpt lat="2.0267076" lon="103.3532466">
    <ele>264</ele>
   </trkpt>
   <trkpt lat="2.0266960" lon="103.3532624">
    <ele>264</ele>
   </trkpt>
   <trkpt lat="2.0266917" lon="103.3532673">
    <ele>264</ele>
   </trkpt>
   <trkpt lat="2.0266874" lon="103.3532724">
    <ele>265</ele>
   </trkpt>
   <trkpt lat="2.0266831" lon="103.3532775">
    <ele>265</ele>
   </trkpt>
   <trkpt lat="2.0266814" lon="103.3532800">
    <ele>265</ele>
   </trkpt>
   <trkpt lat="2.0266797" lon="103.3532825">
    <ele>265</ele>
   </trkpt>
   <trkpt lat="2.0266781" lon="103.3532850">
    <ele>266</ele>
   </trkpt>
   <trkpt lat="2.0266726" lon="103.3532959">
    <ele>266</ele>
   </trkpt>
   <trkpt lat="2.0266709" lon="103.3532992">
    <ele>266</ele>
   </trkpt>
   <trkpt lat="2.0266692" lon="103.3533025">
    <ele>266</ele>
   </trkpt>
   <trkpt lat="2.0266675" lon="103.3533059">
    <ele>266</ele>
   </trkpt>
   <trkpt lat="2.0266627" lon="103.3533119">
    <ele>266</ele>
   </trkpt>
   <trkpt lat="2.0266606" lon="103.3533138">
    <ele>266</ele>
   </trkpt>
   <trkpt lat="2.0266586" lon="103.3533157">
    <ele>266</ele>
   </trkpt>
   <trkpt lat="2.0266566" lon="103.3533177">
    <ele>267</ele>
   </trkpt>
   <trkpt lat="2.0266449" lon="103.3533272">
    <ele>267</ele>
   </trkpt>
   <trkpt lat="2.0266437" lon="103.3533294">
    <ele>267</ele>
   </trkpt>
   <trkpt lat="2.0266424" lon="103.3533316">
    <ele>267</ele>
   </trkpt>
   <trkpt lat="2.0266411" lon="103.3533339">
    <ele>267</ele>
   </trkpt>
   <trkpt lat="2.0266399" lon="103.3533361">
    <ele>267</ele>
   </trkpt>
   <trkpt lat="2.0266387" lon="103.3533384">
    <ele>267</ele>
   </trkpt>
   <trkpt lat="2.0266427" lon="103.3533489">
    <ele>267</ele>
   </trkpt>
   <trkpt lat="2.0266444" lon="103.3533532">
    <ele>268</ele>
   </trkpt>
   <trkpt lat="2.0266460" lon="103.3533575">
    <ele>268</ele>
   </trkpt>
   <trkpt lat="2.0266479" lon="103.3533618">
    <ele>268</ele>
   </trkpt>
   <trkpt lat="2.0266519" lon="103.3533765">
    <ele>268</ele>
   </trkpt>
   <trkpt lat="2.0266532" lon="103.3533804">
    <ele>268</ele>
   </trkpt>
   <trkpt lat="2.0266546" lon="103.3533843">
    <ele>268</ele>
   </trkpt>
   <trkpt lat="2.0266560" lon="103.3533883">
    <ele>268</ele>
   </trkpt>
   <trkpt lat="2.0266595" lon="103.3534028">
    <ele>268</ele>
   </trkpt>
   <trkpt lat="2.0266601" lon="103.3534092">
    <ele>269</ele>
   </trkpt>
   <trkpt lat="2.0266607" lon="103.3534156">
    <ele>269</ele>
   </trkpt>
   <trkpt lat="2.0266614" lon="103.3534221">
    <ele>269</ele>
   </trkpt>
   <trkpt lat="2.0266601" lon="103.3534399">
    <ele>269</ele>
   </trkpt>
   <trkpt lat="2.0266596" lon="103.3534451">
    <ele>269</ele>
   </trkpt>
   <trkpt lat="2.0266591" lon="103.3534504">
    <ele>269</ele>
   </trkpt>
   <trkpt lat="2.0266586" lon="103.3534557">
    <ele>269</ele>
   </trkpt>
   <trkpt lat="2.0266586" lon="103.3534680">
    <ele>269</ele>
   </trkpt>
   <trkpt lat="2.0266594" lon="103.3534715">
    <ele>270</ele>
   </trkpt>
   <trkpt lat="2.0266603" lon="103.3534751">
    <ele>270</ele>
   </trkpt>
   <trkpt lat="2.0266612" lon="103.3534787">
    <ele>270</ele>
   </trkpt>
   <trkpt lat="2.0266636" lon="103.3534905">
    <ele>270</ele>
   </trkpt>
   <trkpt lat="2.0266643" lon="103.3534951">
    <ele>270</ele>
   </trkpt>
   <trkpt lat="2.0266651" lon="103.3534997">
    <ele>270</ele>
   </trkpt>
   <trkpt lat="2.0266658" lon="103.3535043">
    <ele>270</ele>
   </trkpt>
   <trkpt lat="2.0266670" lon="103.3535131">
    <ele>270</ele>
   </trkpt>
   <trkpt lat="2.0266675" lon="103.3535178">
    <ele>271</ele>
   </trkpt>
   <trkpt lat="2.0266681" lon="103.3535225">
    <ele>271</ele>
   </trkpt>
   <trkpt lat="2.0266687" lon="103.3535273">
    <ele>271</ele>
   </trkpt>
   <trkpt lat="2.0266701" lon="103.3535397">
    <ele>271</ele>
   </trkpt>
   <trkpt lat="2.0266753" lon="103.3535655">
    <ele>274</ele>
   </trkpt>
   <trkpt lat="2.0266808" lon="103.3535847">
    <ele>276</ele>
   </trkpt>
   <trkpt lat="2.0266878" lon="103.3536115">
    <ele>276</ele>
   </trkpt>
   <trkpt lat="2.0266994" lon="103.3536465">
    <ele>280</ele>
   </trkpt>
   <trkpt lat="2.0267082" lon="103.3536798">
    <ele>284</ele>
   </trkpt>
   <trkpt lat="2.0267144" lon="103.3537049">
    <ele>286</ele>
   </trkpt>
   <trkpt lat="2.0267242" lon="103.3537335">
    <ele>286</ele>
   </trkpt>
   <trkpt lat="2.0267265" lon="103.3537400">
    <ele>286</ele>
   </trkpt>
   <trkpt lat="2.0267288" lon="103.3537465">
    <ele>286</ele>
   </trkpt>
   <trkpt lat="2.0267312" lon="103.3537532">
    <ele>287</ele>
   </trkpt>
   <trkpt lat="2.0267345" lon="103.3537714">
    <ele>287</ele>
   </trkpt>
   <trkpt lat="2.0267352" lon="103.3537767">
    <ele>287</ele>
   </trkpt>
   <trkpt lat="2.0267358" lon="103.3537820">
    <ele>287</ele>
   </trkpt>
   <trkpt lat="2.0267366" lon="103.3537872">
    <ele>287</ele>
   </trkpt>
   <trkpt lat="2.0267339" lon="103.3537975">
    <ele>287</ele>
   </trkpt>
   <trkpt lat="2.0267319" lon="103.3538008">
    <ele>287</ele>
   </trkpt>
   <trkpt lat="2.0267299" lon="103.3538040">
    <ele>287</ele>
   </trkpt>
   <trkpt lat="2.0267280" lon="103.3538072">
    <ele>288</ele>
   </trkpt>
   <trkpt lat="2.0267252" lon="103.3538113">
    <ele>288</ele>
   </trkpt>
   <trkpt lat="2.0267224" lon="103.3538154">
    <ele>288</ele>
   </trkpt>
   <trkpt lat="2.0267197" lon="103.3538195">
    <ele>288</ele>
   </trkpt>
   <trkpt lat="2.0267284" lon="103.3538365">
    <ele>292</ele>
   </trkpt>
   <trkpt lat="2.0267388" lon="103.3538586">
    <ele>292</ele>
   </trkpt>
   <trkpt lat="2.0267394" lon="103.3538630">
    <ele>292</ele>
   </trkpt>
   <trkpt lat="2.0267401" lon="103.3538675">
    <ele>292</ele>
   </trkpt>
   <trkpt lat="2.0267407" lon="103.3538719">
    <ele>292</ele>
   </trkpt>
   <trkpt lat="2.0267415" lon="103.3538764">
    <ele>292</ele>
   </trkpt>
   <trkpt lat="2.0267439" lon="103.3539000">
    <ele>295</ele>
   </trkpt>
   <trkpt lat="2.0267574" lon="103.3539269">
    <ele>300</ele>
   </trkpt>
   <trkpt lat="2.0267728" lon="103.3539567">
    <ele>300</ele>
   </trkpt>
   <trkpt lat="2.0267757" lon="103.3539635">
    <ele>300</ele>
   </trkpt>
   <trkpt lat="2.0267787" lon="103.3539703">
    <ele>300</ele>
   </trkpt>
   <trkpt lat="2.0267817" lon="103.3539772">
    <ele>300</ele>
   </trkpt>
   <trkpt lat="2.0267856" lon="103.3539916">
    <ele>302</ele>
   </trkpt>
   <trkpt lat="2.0267913" lon="103.3540104">
    <ele>302</ele>
   </trkpt>
   <trkpt lat="2.0268025" lon="103.3540318">
    <ele>307</ele>
   </trkpt>
   <trkpt lat="2.0268096" lon="103.3540490">
    <ele>307</ele>
   </trkpt>
   <trkpt lat="2.0268102" lon="103.3540521">
    <ele>307</ele>
   </trkpt>
   <trkpt lat="2.0268107" lon="103.3540552">
    <ele>307</ele>
   </trkpt>
   <trkpt lat="2.0268114" lon="103.3540583">
    <ele>307</ele>
   </trkpt>
   <trkpt lat="2.0268120" lon="103.3540614">
    <ele>307</ele>
   </trkpt>
   <trkpt lat="2.0268126" lon="103.3540646">
    <ele>307</ele>
   </trkpt>
   <trkpt lat="2.0268176" lon="103.3540768">
    <ele>307</ele>
   </trkpt>
   <trkpt lat="2.0268194" lon="103.3540804">
    <ele>308</ele>
   </trkpt>
   <trkpt lat="2.0268212" lon="103.3540840">
    <ele>308</ele>
   </trkpt>
   <trkpt lat="2.0268231" lon="103.3540876">
    <ele>308</ele>
   </trkpt>
   <trkpt lat="2.0268270" lon="103.3541001">
    <ele>309</ele>
   </trkpt>
   <trkpt lat="2.0268243" lon="103.3541063">
    <ele>309</ele>
   </trkpt>
   <trkpt lat="2.0268227" lon="103.3541063">
    <ele>309</ele>
   </trkpt>
   <trkpt lat="2.0268211" lon="103.3541064">
    <ele>309</ele>
   </trkpt>
   <trkpt lat="2.0268195" lon="103.3541065">
    <ele>309</ele>
   </trkpt>
   <trkpt lat="2.0268179" lon="103.3541066">
    <ele>309</ele>
   </trkpt>
   <trkpt lat="2.0268172" lon="103.3541127">
    <ele>309</ele>
   </trkpt>
   <trkpt lat="2.0268199" lon="103.3541267">
    <ele>312</ele>
   </trkpt>
   <trkpt lat="2.0268195" lon="103.3541382">
    <ele>312</ele>
   </trkpt>
   <trkpt lat="2.0268218" lon="103.3541508">
    <ele>314</ele>
   </trkpt>
   <trkpt lat="2.0268247" lon="103.3541626">
    <ele>314</ele>
   </trkpt>
   <trkpt lat="2.0268245" lon="103.3541665">
    <ele>314</ele>
   </trkpt>
   <trkpt lat="2.0268244" lon="103.3541705">
    <ele>314</ele>
   </trkpt>
   <trkpt lat="2.0268243" lon="103.3541745">
    <ele>314</ele>
   </trkpt>
   <trkpt lat="2.0268261" lon="103.3541965">
    <ele>320</ele>
   </trkpt>
   <trkpt lat="2.0268285" lon="103.3542114">
    <ele>322</ele>
   </trkpt>
   <trkpt lat="2.0268333" lon="103.3542292">
    <ele>322</ele>
   </trkpt>
   <trkpt lat="2.0268411" lon="103.3542466">
    <ele>324</ele>
   </trkpt>
   <trkpt lat="2.0268485" lon="103.3542607">
    <ele>324</ele>
   </trkpt>
   <trkpt lat="2.0268508" lon="103.3542645">
    <ele>324</ele>
   </trkpt>
   <trkpt lat="2.0268532" lon="103.3542685">
    <ele>325</ele>
   </trkpt>
   <trkpt lat="2.0268556" lon="103.3542724">
    <ele>325</ele>
   </trkpt>
   <trkpt lat="2.0268650" lon="103.3542838">
    <ele>325</ele>
   </trkpt>
   <trkpt lat="2.0268688" lon="103.3542885">
    <ele>325</ele>
   </trkpt>
   <trkpt lat="2.0268727" lon="103.3542932">
    <ele>325</ele>
   </trkpt>
   <trkpt lat="2.0268766" lon="103.3542979">
    <ele>325</ele>
   </trkpt>
   <trkpt lat="2.0268864" lon="103.3543138">
    <ele>325</ele>
   </trkpt>
   <trkpt lat="2.0268881" lon="103.3543193">
    <ele>325</ele>
   </trkpt>
   <trkpt lat="2.0268898" lon="103.3543248">
    <ele>326</ele>
   </trkpt>
   <trkpt lat="2.0268915" lon="103.3543303">
    <ele>326</ele>
   </trkpt>
   <trkpt lat="2.0268937" lon="103.3543490">
    <ele>326</ele>
   </trkpt>
   <trkpt lat="2.0268946" lon="103.3543560">
    <ele>326</ele>
   </trkpt>
   <trkpt lat="2.0268955" lon="103.3543630">
    <ele>327</ele>
   </trkpt>
   <trkpt lat="2.0268964" lon="103.3543701">
    <ele>327</ele>
   </trkpt>
   <trkpt lat="2.0269048" lon="103.3543908">
    <ele>327</ele>
   </trkpt>
   <trkpt lat="2.0269068" lon="103.3543952">
    <ele>327</ele>
   </trkpt>
   <trkpt lat="2.0269089" lon="103.3543995">
    <ele>327</ele>
   </trkpt>
   <trkpt lat="2.0269110" lon="103.3544040">
    <ele>327</ele>
   </trkpt>
   <trkpt lat="2.0269153" lon="103.3544164">
    <ele>327</ele>
   </trkpt>
   <trkpt lat="2.0269171" lon="103.3544207">
    <ele>327</ele>
   </trkpt>
   <trkpt lat="2.0269189" lon="103.3544250">
    <ele>328</ele>
   </trkpt>
   <trkpt lat="2.0269208" lon="103.3544294">
    <ele>328</ele>
   </trkpt>
   <trkpt lat="2.0269199" lon="103.3544188">
    <ele>328</ele>
   </trkpt>
   <trkpt lat="2.0269162" lon="103.3544086">
    <ele>328</ele>
   </trkpt>
   <trkpt lat="2.0269125" lon="103.3543985">
    <ele>328</ele>
   </trkpt>
   <trkpt lat="2.0269089" lon="103.3543884">
    <ele>328</ele>
   </trkpt>
   <trkpt lat="2.0268926" lon="103.3543675">
    <ele>328</ele>
   </trkpt>
   <trkpt lat="2.0268689" lon="103.3543557">
    <ele>330</ele>
   </trkpt>
   <trkpt lat="2.0268576" lon="103.3543547">
    <ele>330</ele>
   </trkpt>
   <trkpt lat="2.0268567" lon="103.3543566">
    <ele>330</ele>
   </trkpt>
   <trkpt lat="2.0268558" lon="103.3543585">
    <ele>330</ele>
   </trkpt>
   <trkpt lat="2.0268550" lon="103.3543605">
    <ele>330</ele>
   </trkpt>
   <trkpt lat="2.0268590" lon="103.3543715">
    <ele>330</ele>
   </trkpt>
   <trkpt lat="2.0268543" lon="103.3544160">
    <ele>336</ele>
   </trkpt>
   <trkpt lat="2.0268559" lon="103.3544196">
    <ele>336</ele>
   </trkpt>
   <trkpt lat="2.0268576" lon="103.3544228">
    <ele>336</ele>
   </trkpt>
   <trkpt lat="2.0268593" lon="103.3544259">
    <ele>336</ele>
   </trkpt>
   <trkpt lat="2.0268611" lon="103.3544291">
    <ele>336</ele>
   </trkpt>
   <trkpt lat="2.0268615" lon="103.3544311">
    <ele>336</ele>
   </trkpt>
   <trkpt lat="2.0268619" lon="103.3544334">
    <ele>336</ele>
   </trkpt>
   <trkpt lat="2.0268624" lon="103.3544356">
    <ele>336</ele>
   </trkpt>
   <trkpt lat="2.0268617" lon="103.3544472">
    <ele>336</ele>
   </trkpt>
   <trkpt lat="2.0268615" lon="103.3544517">
    <ele>336</ele>
   </trkpt>
   <trkpt lat="2.0268614" lon="103.3544562">
    <ele>337</ele>
   </trkpt>
   <trkpt lat="2.0268613" lon="103.3544607">
    <ele>337</ele>
   </trkpt>
   <trkpt lat="2.0268641" lon="103.3544776">
    <ele>337</ele>
   </trkpt>
   <trkpt lat="2.0268609" lon="103.3544811">
    <ele>338</ele>
   </trkpt>
   <trkpt lat="2.0268581" lon="103.3544763">
    <ele>338</ele>
   </trkpt>
   <trkpt lat="2.0268662" lon="103.3544796">
    <ele>345</ele>
   </trkpt>
   <trkpt lat="2.0268733" lon="103.3544915">
    <ele>345</ele>
   </trkpt>
   <trkpt lat="2.0268844" lon="103.3545180">
    <ele>353</ele>
   </trkpt>
   <trkpt lat="2.0268927" lon="103.3545353">
    <ele>355</ele>
   </trkpt>
   <trkpt lat="2.0269039" lon="103.3545599">
    <ele>355</ele>
   </trkpt>
   <trkpt lat="2.0269130" lon="103.3545865">
    <ele>360</ele>
   </trkpt>
   <trkpt lat="2.0269194" lon="103.3546082">
    <ele>360</ele>
   </trkpt>
   <trkpt lat="2.0269209" lon="103.3546137">
    <ele>361</ele>
   </trkpt>
   <trkpt lat="2.0269224" lon="103.3546193">
    <ele>361</ele>
   </trkpt>
   <trkpt lat="2.0269239" lon="103.3546249">
    <ele>361</ele>
   </trkpt>
   <trkpt lat="2.0269333" lon="103.3546480">
    <ele>363</ele>
   </trkpt>
   <trkpt lat="2.0269490" lon="103.3546774">
    <ele>368</ele>
   </trkpt>
   <trkpt lat="2.0269646" lon="103.3547113">
    <ele>372</ele>
   </trkpt>
   <trkpt lat="2.0269786" lon="103.3547425">
    <ele>373</ele>
   </trkpt>
   <trkpt lat="2.0269946" lon="103.3547831">
    <ele>373</ele>
   </trkpt>
   <trkpt lat="2.0270095" lon="103.3548258">
    <ele>379</ele>
   </trkpt>
   <trkpt lat="2.0270196" lon="103.3548592">
    <ele>382</ele>
   </trkpt>
   <trkpt lat="2.0270263" lon="103.3548819">
    <ele>383</ele>
   </trkpt>
   <trkpt lat="2.0270292" lon="103.3548912">
    <ele>383</ele>
   </trkpt>
   <trkpt lat="2.0270321" lon="103.3549005">
    <ele>383</ele>
   </trkpt>
   <trkpt lat="2.0270350" lon="103.3549098">
    <ele>383</ele>
   </trkpt>
   <trkpt lat="2.0270431" lon="103.3549297">
    <ele>384</ele>
   </trkpt>
   <trkpt lat="2.0270484" lon="103.3549439">
    <ele>385</ele>
   </trkpt>
   <trkpt lat="2.0270495" lon="103.3549467">
    <ele>385</ele>
   </trkpt>
   <trkpt lat="2.0270505" lon="103.3549497">
    <ele>385</ele>
   </trkpt>
   <trkpt lat="2.0270514" lon="103.3549527">
    <ele>385</ele>
   </trkpt>
   <trkpt lat="2.0270525" lon="103.3549556">
    <ele>385</ele>
   </trkpt>
   <trkpt lat="2.0270535" lon="103.3549586">
    <ele>385</ele>
   </trkpt>
   <trkpt lat="2.0270613" lon="103.3549742">
    <ele>385</ele>
   </trkpt>
   <trkpt lat="2.0270643" lon="103.3549781">
    <ele>385</ele>
   </trkpt>
   <trkpt lat="2.0270673" lon="103.3549820">
    <ele>386</ele>
   </trkpt>
   <trkpt lat="2.0270703" lon="103.3549859">
    <ele>386</ele>
   </trkpt>
   <trkpt lat="2.0270733" lon="103.3549898">
    <ele>386</ele>
   </trkpt>
   <trkpt lat="2.0270807" lon="103.3550031">
    <ele>386</ele>
   </trkpt>
   <trkpt lat="2.0270810" lon="103.3550071">
    <ele>386</ele>
   </trkpt>
   <trkpt lat="2.0270812" lon="103.3550111">
    <ele>386</ele>
   </trkpt>
   <trkpt lat="2.0270814" lon="103.3550152">
    <ele>386</ele>
   </trkpt>
   <trkpt lat="2.0270779" lon="103.3550257">
    <ele>386</ele>
   </trkpt>
   <trkpt lat="2.0270769" lon="103.3550295">
    <ele>387</ele>
   </trkpt>
   <trkpt lat="2.0270761" lon="103.3550333">
    <ele>387</ele>
   </trkpt>
   <trkpt lat="2.0270752" lon="103.3550372">
    <ele>387</ele>
   </trkpt>
   <trkpt lat="2.0270783" lon="103.3550486">
    <ele>387</ele>
   </trkpt>
   <trkpt lat="2.0270799" lon="103.3550504">
    <ele>388</ele>
   </trkpt>
   <trkpt lat="2.0270815" lon="103.3550523">
    <ele>388</ele>
   </trkpt>
   <trkpt lat="2.0270831" lon="103.3550542">
    <ele>388</ele>
   </trkpt>
   <trkpt lat="2.0270847" lon="103.3550561">
    <ele>388</ele>
   </trkpt>
   <trkpt lat="2.0270819" lon="103.3550638">
    <ele>388</ele>
   </trkpt>
   <trkpt lat="2.0270783" lon="103.3550662">
    <ele>388</ele>
   </trkpt>
   <trkpt lat="2.0270748" lon="103.3550686">
    <ele>388</ele>
   </trkpt>
   <trkpt lat="2.0270712" lon="103.3550710">
    <ele>388</ele>
   </trkpt>
   <trkpt lat="2.0270576" lon="103.3550766">
    <ele>389</ele>
   </trkpt>
   <trkpt lat="2.0270532" lon="103.3550793">
    <ele>389</ele>
   </trkpt>
   <trkpt lat="2.0270489" lon="103.3550820">
    <ele>389</ele>
   </trkpt>
   <trkpt lat="2.0270446" lon="103.3550847">
    <ele>389</ele>
   </trkpt>
   <trkpt lat="2.0270434" lon="103.3550893">
    <ele>389</ele>
   </trkpt>
   <trkpt lat="2.0270423" lon="103.3550939">
    <ele>389</ele>
   </trkpt>
   <trkpt lat="2.0270412" lon="103.3550986">
    <ele>389</ele>
   </trkpt>
   <trkpt lat="2.0270404" lon="103.3551245">
    <ele>390</ele>
   </trkpt>
   <trkpt lat="2.0270452" lon="103.3551480">
    <ele>390</ele>
   </trkpt>
   <trkpt lat="2.0270488" lon="103.3551544">
    <ele>390</ele>
   </trkpt>
   <trkpt lat="2.0270524" lon="103.3551607">
    <ele>391</ele>
   </trkpt>
   <trkpt lat="2.0270560" lon="103.3551673">
    <ele>391</ele>
   </trkpt>
   <trkpt lat="2.0270769" lon="103.3551952">
    <ele>391</ele>
   </trkpt>
   <trkpt lat="2.0270850" lon="103.3552068">
    <ele>391</ele>
   </trkpt>
   <trkpt lat="2.0270932" lon="103.3552185">
    <ele>392</ele>
   </trkpt>
   <trkpt lat="2.0271014" lon="103.3552302">
    <ele>392</ele>
   </trkpt>
   <trkpt lat="2.0271276" lon="103.3552673">
    <ele>392</ele>
   </trkpt>
   <trkpt lat="2.0271371" lon="103.3552797">
    <ele>392</ele>
   </trkpt>
   <trkpt lat="2.0271467" lon="103.3552921">
    <ele>392</ele>
   </trkpt>
   <trkpt lat="2.0271563" lon="103.3553046">
    <ele>392</ele>
   </trkpt>
   <trkpt lat="2.0271839" lon="103.3553450">
    <ele>392</ele>
   </trkpt>
   <trkpt lat="2.0271905" lon="103.3553543">
    <ele>392</ele>
   </trkpt>
   <trkpt lat="2.0271971" lon="103.3553635">
    <ele>393</ele>
   </trkpt>
   <trkpt lat="2.0272039" lon="103.3553727">
    <ele>393</ele>
   </trkpt>
   <trkpt lat="2.0272330" lon="103.3553789">
    <ele>394</ele>
   </trkpt>
   <trkpt lat="2.0272619" lon="103.3553732">
    <ele>394</ele>
   </trkpt>
   <trkpt lat="2.0272679" lon="103.3553735">
    <ele>394</ele>
   </trkpt>
   <trkpt lat="2.0272739" lon="103.3553741">
    <ele>394</ele>
   </trkpt>
   <trkpt lat="2.0272799" lon="103.3553746">
    <ele>395</ele>
   </trkpt>
   <trkpt lat="2.0272932" lon="103.3553807">
    <ele>395</ele>
   </trkpt>
   <trkpt lat="2.0272975" lon="103.3553823">
    <ele>395</ele>
   </trkpt>
   <trkpt lat="2.0273018" lon="103.3553840">
    <ele>395</ele>
   </trkpt>
   <trkpt lat="2.0273061" lon="103.3553857">
    <ele>395</ele>
   </trkpt>
   <trkpt lat="2.0273094" lon="103.3553704">
    <ele>396</ele>
   </trkpt>
   <trkpt lat="2.0272602" lon="103.3553054">
    <ele>396</ele>
   </trkpt>
   <trkpt lat="2.0272419" lon="103.3552795">
    <ele>397</ele>
   </trkpt>
   <trkpt lat="2.0272236" lon="103.3552536">
    <ele>397</ele>
   </trkpt>
   <trkpt lat="2.0272053" lon="103.3552278">
    <ele>397</ele>
   </trkpt>
   <trkpt lat="2.0271817" lon="103.3551920">
    <ele>397</ele>
   </trkpt>
   <trkpt lat="2.0271724" lon="103.3551783">
    <ele>397</ele>
   </trkpt>
   <trkpt lat="2.0271631" lon="103.3551646">
    <ele>397</ele>
   </trkpt>
   <trkpt lat="2.0271537" lon="103.3551510">
    <ele>397</ele>
   </trkpt>
   <trkpt lat="2.0271384" lon="103.3551406">
    <ele>397</ele>
   </trkpt>
   <trkpt lat="2.0271293" lon="103.3551522">
    <ele>399</ele>
   </trkpt>
   <trkpt lat="2.0271285" lon="103.3551664">
    <ele>399</ele>
   </trkpt>
   <trkpt lat="2.0271305" lon="103.3551696">
    <ele>399</ele>
   </trkpt>
   <trkpt lat="2.0271325" lon="103.3551728">
    <ele>400</ele>
   </trkpt>
   <trkpt lat="2.0271346" lon="103.3551760">
    <ele>400</ele>
   </trkpt>
   <trkpt lat="2.0271467" lon="103.3551837">
    <ele>400</ele>
   </trkpt>
   <trkpt lat="2.0271490" lon="103.3551849">
    <ele>400</ele>
   </trkpt>
   <trkpt lat="2.0271513" lon="103.3551861">
    <ele>400</ele>
   </trkpt>
   <trkpt lat="2.0271537" lon="103.3551873">
    <ele>400</ele>
   </trkpt>
   <trkpt lat="2.0271627" lon="103.3551946">
    <ele>400</ele>
   </trkpt>
   <trkpt lat="2.0271642" lon="103.3551977">
    <ele>400</ele>
   </trkpt>
   <trkpt lat="2.0271657" lon="103.3552008">
    <ele>401</ele>
   </trkpt>
   <trkpt lat="2.0271673" lon="103.3552039">
    <ele>401</ele>
   </trkpt>
   <trkpt lat="2.0271668" lon="103.3552245">
    <ele>404</ele>
   </trkpt>
   <trkpt lat="2.0271670" lon="103.3552398">
    <ele>405</ele>
   </trkpt>
   <trkpt lat="2.0271688" lon="103.3552468">
    <ele>405</ele>
   </trkpt>
   <trkpt lat="2.0271707" lon="103.3552538">
    <ele>405</ele>
   </trkpt>
   <trkpt lat="2.0271726" lon="103.3552609">
    <ele>405</ele>
   </trkpt>
   <trkpt lat="2.0271750" lon="103.3552651">
    <ele>405</ele>
   </trkpt>
   <trkpt lat="2.0271773" lon="103.3552694">
    <ele>405</ele>
   </trkpt>
   <trkpt lat="2.0271798" lon="103.3552737">
    <ele>405</ele>
   </trkpt>
   <trkpt lat="2.0271822" lon="103.3552780">
    <ele>405</ele>
   </trkpt>
   <trkpt lat="2.0271944" lon="103.3552887">
    <ele>406</ele>
   </trkpt>
   <trkpt lat="2.0271970" lon="103.3552921">
    <ele>406</ele>
   </trkpt>
   <trkpt lat="2.0271997" lon="103.3552957">
    <ele>406</ele>
   </trkpt>
   <trkpt lat="2.0272024" lon="103.3552992">
    <ele>406</ele>
   </trkpt>
   <trkpt lat="2.0271993" lon="103.3553036">
    <ele>408</ele>
   </trkpt>
   <trkpt lat="2.0271913" lon="103.3553105">
    <ele>408</ele>
   </trkpt>
   <trkpt lat="2.0271803" lon="103.3553186">
    <ele>410</ele>
   </trkpt>
   <trkpt lat="2.0271754" lon="103.3553292">
    <ele>410</ele>
   </trkpt>
   <trkpt lat="2.0271826" lon="103.3553431">
    <ele>413</ele>
   </trkpt>
   <trkpt lat="2.0271927" lon="103.3553548">
    <ele>413</ele>
   </trkpt>
   <trkpt lat="2.0271963" lon="103.3553571">
    <ele>413</ele>
   </trkpt>
   <trkpt lat="2.0272001" lon="103.3553594">
    <ele>413</ele>
   </trkpt>
   <trkpt lat="2.0272038" lon="103.3553618">
    <ele>413</ele>
   </trkpt>
   <trkpt lat="2.0272176" lon="103.3553694">
    <ele>413</ele>
   </trkpt>
   <trkpt lat="2.0272228" lon="103.3553722">
    <ele>413</ele>
   </trkpt>
   <trkpt lat="2.0272280" lon="103.3553750">
    <ele>414</ele>
   </trkpt>
   <trkpt lat="2.0272332" lon="103.3553778">
    <ele>414</ele>
   </trkpt>
   <trkpt lat="2.0272448" lon="103.3553833">
    <ele>414</ele>
   </trkpt>
   <trkpt lat="2.0272478" lon="103.3553851">
    <ele>414</ele>
   </trkpt>
   <trkpt lat="2.0272509" lon="103.3553868">
    <ele>414</ele>
   </trkpt>
   <trkpt lat="2.0272540" lon="103.3553885">
    <ele>414</ele>
   </trkpt>
   <trkpt lat="2.0272590" lon="103.3554094">
    <ele>417</ele>
   </trkpt>
   <trkpt lat="2.0272582" lon="103.3554293">
    <ele>417</ele>
   </trkpt>
   <trkpt lat="2.0272578" lon="103.3554337">
    <ele>417</ele>
   </trkpt>
   <trkpt lat="2.0272574" lon="103.3554381">
    <ele>417</ele>
   </trkpt>
   <trkpt lat="2.0272571" lon="103.3554426">
    <ele>417</ele>
   </trkpt>
   <trkpt lat="2.0272568" lon="103.3554546">
    <ele>417</ele>
   </trkpt>
   <trkpt lat="2.0272518" lon="103.3554818">
    <ele>422</ele>
   </trkpt>
   <trkpt lat="2.0272548" lon="103.3555000">
    <ele>425</ele>
   </trkpt>
   <trkpt lat="2.0272635" lon="103.3555228">
    <ele>425</ele>
   </trkpt>
   <trkpt lat="2.0272662" lon="103.3555279">
    <ele>425</ele>
   </trkpt>
   <trkpt lat="2.0272689" lon="103.3555331">
    <ele>425</ele>
   </trkpt>
   <trkpt lat="2.0272716" lon="103.3555383">
    <ele>426</ele>
   </trkpt>
   <trkpt lat="2.0272798" lon="103.3555517">
    <ele>427</ele>
   </trkpt>
   <trkpt lat="2.0272865" lon="103.3555612">
    <ele>427</ele>
   </trkpt>
   <trkpt lat="2.0272899" lon="103.3555819">
    <ele>430</ele>
   </trkpt>
   <trkpt lat="2.0272889" lon="103.3556034">
    <ele>431</ele>
   </trkpt>
   <trkpt lat="2.0272951" lon="103.3556340">
    <ele>435</ele>
   </trkpt>
   <trkpt lat="2.0273070" lon="103.3556642">
    <ele>439</ele>
   </trkpt>
   <trkpt lat="2.0273099" lon="103.3556697">
    <ele>440</ele>
   </trkpt>
   <trkpt lat="2.0273127" lon="103.3556753">
    <ele>440</ele>
   </trkpt>
   <trkpt lat="2.0273157" lon="103.3556808">
    <ele>440</ele>
   </trkpt>
   <trkpt lat="2.0273187" lon="103.3556864">
    <ele>440</ele>
   </trkpt>
   <trkpt lat="2.0273328" lon="103.3557146">
    <ele>440</ele>
   </trkpt>
   <trkpt lat="2.0273341" lon="103.3557210">
    <ele>440</ele>
   </trkpt>
   <trkpt lat="2.0273355" lon="103.3557273">
    <ele>440</ele>
   </trkpt>
   <trkpt lat="2.0273369" lon="103.3557335">
    <ele>440</ele>
   </trkpt>
   <trkpt lat="2.0273355" lon="103.3557390">
    <ele>441</ele>
   </trkpt>
   <trkpt lat="2.0273343" lon="103.3557444">
    <ele>441</ele>
   </trkpt>
   <trkpt lat="2.0273330" lon="103.3557499">
    <ele>441</ele>
   </trkpt>
   <trkpt lat="2.0273302" lon="103.3557718">
    <ele>444</ele>
   </trkpt>
   <trkpt lat="2.0273345" lon="103.3557998">
    <ele>447</ele>
   </trkpt>
   <trkpt lat="2.0273410" lon="103.3558334">
    <ele>448</ele>
   </trkpt>
   <trkpt lat="2.0273426" lon="103.3558399">
    <ele>448</ele>
   </trkpt>
   <trkpt lat="2.0273443" lon="103.3558464">
    <ele>448</ele>
   </trkpt>
   <trkpt lat="2.0273460" lon="103.3558530">
    <ele>448</ele>
   </trkpt>
   <trkpt lat="2.0273511" lon="103.3558648">
    <ele>448</ele>
   </trkpt>
   <trkpt lat="2.0273534" lon="103.3558659">
    <ele>448</ele>
   </trkpt>
   <trkpt lat="2.0273559" lon="103.3558671">
    <ele>448</ele>
   </trkpt>
   <trkpt lat="2.0273583" lon="103.3558683">
    <ele>448</ele>
   </trkpt>
   <trkpt lat="2.0273703" lon="103.3558743">
    <ele>450</ele>
   </trkpt>
   <trkpt lat="2.0273767" lon="103.3558872">
    <ele>450</ele>
   </trkpt>
   <trkpt lat="2.0273764" lon="103.3558931">
    <ele>450</ele>
   </trkpt>
   <trkpt lat="2.0273762" lon="103.3558989">
    <ele>451</ele>
   </trkpt>
   <trkpt lat="2.0273760" lon="103.3559049">
    <ele>451</ele>
   </trkpt>
   <trkpt lat="2.0273686" lon="103.3559249">
    <ele>451</ele>
   </trkpt>
   <trkpt lat="2.0273659" lon="103.3559310">
    <ele>451</ele>
   </trkpt>
   <trkpt lat="2.0273634" lon="103.3559371">
    <ele>451</ele>
   </trkpt>
   <trkpt lat="2.0273608" lon="103.3559433">
    <ele>451</ele>
   </trkpt>
   <trkpt lat="2.0273562" lon="103.3559614">
    <ele>451</ele>
   </trkpt>
   <trkpt lat="2.0273540" lon="103.3559673">
    <ele>451</ele>
   </trkpt>
   <trkpt lat="2.0273518" lon="103.3559731">
    <ele>452</ele>
   </trkpt>
   <trkpt lat="2.0273496" lon="103.3559791">
    <ele>452</ele>
   </trkpt>
   <trkpt lat="2.0273364" lon="103.3559953">
    <ele>452</ele>
   </trkpt>
   <trkpt lat="2.0273315" lon="103.3560004">
    <ele>452</ele>
   </trkpt>
   <trkpt lat="2.0273266" lon="103.3560055">
    <ele>453</ele>
   </trkpt>
   <trkpt lat="2.0273218" lon="103.3560106">
    <ele>453</ele>
   </trkpt>
   <trkpt lat="2.0273070" lon="103.3560335">
    <ele>453</ele>
   </trkpt>
   <trkpt lat="2.0273030" lon="103.3560403">
    <ele>453</ele>
   </trkpt>
   <trkpt lat="2.0272991" lon="103.3560471">
    <ele>454</ele>
   </trkpt>
   <trkpt lat="2.0272952" lon="103.3560539">
    <ele>454</ele>
   </trkpt>
   <trkpt lat="2.0272845" lon="103.3560697">
    <ele>454</ele>
   </trkpt>
   <trkpt lat="2.0272776" lon="103.3560744">
    <ele>454</ele>
   </trkpt>
   <trkpt lat="2.0272708" lon="103.3560792">
    <ele>454</ele>
   </trkpt>
   <trkpt lat="2.0272640" lon="103.3560840">
    <ele>454</ele>
   </trkpt>
   <trkpt lat="2.0272418" lon="103.3561021">
    <ele>454</ele>
   </trkpt>
   <trkpt lat="2.0272354" lon="103.3561079">
    <ele>454</ele>
   </trkpt>
   <trkpt lat="2.0272291" lon="103.3561137">
    <ele>454</ele>
   </trkpt>
   <trkpt lat="2.0272228" lon="103.3561196">
    <ele>454</ele>
   </trkpt>
   <trkpt lat="2.0273963" lon="103.3560167">
    <ele>459</ele>
   </trkpt>
   <trkpt lat="2.0274057" lon="103.3560233">
    <ele>460</ele>
   </trkpt>
   <trkpt lat="2.0274150" lon="103.3560296">
    <ele>460</ele>
   </trkpt>
   <trkpt lat="2.0274187" lon="103.3560311">
    <ele>460</ele>
   </trkpt>
   <trkpt lat="2.0274223" lon="103.3560327">
    <ele>461</ele>
   </trkpt>
   <trkpt lat="2.0274260" lon="103.3560343">
    <ele>461</ele>
   </trkpt>
   <trkpt lat="2.0274388" lon="103.3560406">
    <ele>461</ele>
   </trkpt>
   <trkpt lat="2.0274381" lon="103.3560444">
    <ele>461</ele>
   </trkpt>
   <trkpt lat="2.0274374" lon="103.3560482">
    <ele>462</ele>
   </trkpt>
   <trkpt lat="2.0274368" lon="103.3560521">
    <ele>462</ele>
   </trkpt>
   <trkpt lat="2.0274447" lon="103.3560708">
    <ele>465</ele>
   </trkpt>
   <trkpt lat="2.0274465" lon="103.3560739">
    <ele>465</ele>
   </trkpt>
   <trkpt lat="2.0274483" lon="103.3560770">
    <ele>465</ele>
   </trkpt>
   <trkpt lat="2.0274500" lon="103.3560803">
    <ele>465</ele>
   </trkpt>
   <trkpt lat="2.0274519" lon="103.3560835">
    <ele>466</ele>
   </trkpt>
   <trkpt lat="2.0274614" lon="103.3560998">
    <ele>466</ele>
   </trkpt>
   <trkpt lat="2.0274704" lon="103.3561251">
    <ele>470</ele>
   </trkpt>
   <trkpt lat="2.0274769" lon="103.3561482">
    <ele>470</ele>
   </trkpt>
   <trkpt lat="2.0274784" lon="103.3561535">
    <ele>470</ele>
   </trkpt>
   <trkpt lat="2.0274800" lon="103.3561588">
    <ele>470</ele>
   </trkpt>
   <trkpt lat="2.0274816" lon="103.3561642">
    <ele>470</ele>
   </trkpt>
   <trkpt lat="2.0274903" lon="103.3561892">
    <ele>472</ele>
   </trkpt>
   <trkpt lat="2.0274752" lon="103.3562148">
    <ele>472</ele>
   </trkpt>
   <trkpt lat="2.0274659" lon="103.3562294">
    <ele>474</ele>
   </trkpt>
   <trkpt lat="2.0274698" lon="103.3562403">
    <ele>475</ele>
   </trkpt>
   <trkpt lat="2.0274693" lon="103.3562590">
    <ele>476</ele>
   </trkpt>
   <trkpt lat="2.0274670" lon="103.3562766">
    <ele>476</ele>
   </trkpt>
   <trkpt lat="2.0274679" lon="103.3562795">
    <ele>477</ele>
   </trkpt>
   <trkpt lat="2.0274689" lon="103.3562824">
    <ele>477</ele>
   </trkpt>
   <trkpt lat="2.0274699" lon="103.3562853">
    <ele>477</ele>
   </trkpt>
   <trkpt lat="2.0274709" lon="103.3562882">
    <ele>477</ele>
   </trkpt>
   <trkpt lat="2.0274804" lon="103.3562986">
    <ele>477</ele>
   </trkpt>
   <trkpt lat="2.0275004" lon="103.3563215">
    <ele>482</ele>
   </trkpt>
   <trkpt lat="2.0275028" lon="103.3563248">
    <ele>482</ele>
   </trkpt>
   <trkpt lat="2.0275051" lon="103.3563281">
    <ele>483</ele>
   </trkpt>
   <trkpt lat="2.0275076" lon="103.3563314">
    <ele>483</ele>
   </trkpt>
   <trkpt lat="2.0275100" lon="103.3563347">
    <ele>483</ele>
   </trkpt>
   <trkpt lat="2.0275238" lon="103.3563563">
    <ele>483</ele>
   </trkpt>
   <trkpt lat="2.0275354" lon="103.3563908">
    <ele>487</ele>
   </trkpt>
   <trkpt lat="2.0275418" lon="103.3564174">
    <ele>488</ele>
   </trkpt>
   <trkpt lat="2.0275498" lon="103.3564514">
    <ele>488</ele>
   </trkpt>
   <trkpt lat="2.0275515" lon="103.3564592">
    <ele>489</ele>
   </trkpt>
   <trkpt lat="2.0275534" lon="103.3564670">
    <ele>489</ele>
   </trkpt>
   <trkpt lat="2.0275553" lon="103.3564749">
    <ele>489</ele>
   </trkpt>
   <trkpt lat="2.0275556" lon="103.3564777">
    <ele>489</ele>
   </trkpt>
   <trkpt lat="2.0275559" lon="103.3564807">
    <ele>490</ele>
   </trkpt>
   <trkpt lat="2.0275561" lon="103.3564836">
    <ele>490</ele>
   </trkpt>
   <trkpt lat="2.0275565" lon="103.3564866">
    <ele>490</ele>
   </trkpt>
   <trkpt lat="2.0275591" lon="103.3565029">
    <ele>490</ele>
   </trkpt>
   <trkpt lat="2.0275599" lon="103.3565076">
    <ele>490</ele>
   </trkpt>
   <trkpt lat="2.0275607" lon="103.3565124">
    <ele>490</ele>
   </trkpt>
   <trkpt lat="2.0275615" lon="103.3565172">
    <ele>490</ele>
   </trkpt>
   <trkpt lat="2.0275618" lon="103.3565327">
    <ele>490</ele>
   </trkpt>
   <trkpt lat="2.0275597" lon="103.3565356">
    <ele>491</ele>
   </trkpt>
   <trkpt lat="2.0275575" lon="103.3565385">
    <ele>491</ele>
   </trkpt>
   <trkpt lat="2.0275553" lon="103.3565416">
    <ele>491</ele>
   </trkpt>
   <trkpt lat="2.0275566" lon="103.3565397">
    <ele>491</ele>
   </trkpt>
   <trkpt lat="2.0275636" lon="103.3565431">
    <ele>494</ele>
   </trkpt>
   <trkpt lat="2.0275730" lon="103.3565597">
    <ele>496</ele>
   </trkpt>
   <trkpt lat="2.0275856" lon="103.3565825">
    <ele>496</ele>
   </trkpt>
   <trkpt lat="2.0275882" lon="103.3565888">
    <ele>496</ele>
   </trkpt>
   <trkpt lat="2.0275908" lon="103.3565952">
    <ele>496</ele>
   </trkpt>
   <trkpt lat="2.0275935" lon="103.3566016">
    <ele>497</ele>
   </trkpt>
   <trkpt lat="2.0276078" lon="103.3566211">
    <ele>499</ele>
   </trkpt>
   <trkpt lat="2.0276192" lon="103.3566400">
    <ele>500</ele>
   </trkpt>
   <trkpt lat="2.0276310" lon="103.3566634">
    <ele>501</ele>
   </trkpt>
   <trkpt lat="2.0276332" lon="103.3566692">
    <ele>501</ele>
   </trkpt>
   <trkpt lat="2.0276354" lon="103.3566752">
    <ele>501</ele>
   </trkpt>
   <trkpt lat="2.0276377" lon="103.3566811">
    <ele>501</ele>
   </trkpt>
   <trkpt lat="2.0276432" lon="103.3567015">
    <ele>501</ele>
   </trkpt>
   <trkpt lat="2.0276456" lon="103.3567091">
    <ele>501</ele>
   </trkpt>
   <trkpt lat="2.0276480" lon="103.3567166">
    <ele>501</ele>
   </trkpt>
   <trkpt lat="2.0276504" lon="103.3567240">
    <ele>501</ele>
   </trkpt>
   <trkpt lat="2.0276595" lon="103.3567445">
    <ele>502</ele>
   </trkpt>
   <trkpt lat="2.0276628" lon="103.3567499">
    <ele>502</ele>
   </trkpt>
   <trkpt lat="2.0276660" lon="103.3567554">
    <ele>502</ele>
   </trkpt>
   <trkpt lat="2.0276692" lon="103.3567609">
    <ele>502</ele>
   </trkpt>
   <trkpt lat="2.0276758" lon="103.3567740">
    <ele>503</ele>
   </trkpt>
   <trkpt lat="2.0276764" lon="103.3567784">
    <ele>503</ele>
   </trkpt>
   <trkpt lat="2.0276770" lon="103.3567828">
    <ele>503</ele>
   </trkpt>
   <trkpt lat="2.0276777" lon="103.3567872">
    <ele>503</ele>
   </trkpt>
   <trkpt lat="2.0276774" lon="103.3568040">
    <ele>503</ele>
   </trkpt>
   <trkpt lat="2.0276759" lon="103.3568116">
    <ele>503</ele>
   </trkpt>
   <trkpt lat="2.0276743" lon="103.3568192">
    <ele>503</ele>
   </trkpt>
   <trkpt lat="2.0276727" lon="103.3568267">
    <ele>503</ele>
   </trkpt>
   <trkpt lat="2.0276681" lon="103.3568537">
    <ele>504</ele>
   </trkpt>
   <trkpt lat="2.0276676" lon="103.3568641">
    <ele>504</ele>
   </trkpt>
   <trkpt lat="2.0276671" lon="103.3568745">
    <ele>504</ele>
   </trkpt>
   <trkpt lat="2.0276668" lon="103.3568850">
    <ele>504</ele>
   </trkpt>
   <trkpt lat="2.0276674" lon="103.3569205">
    <ele>505</ele>
   </trkpt>
   <trkpt lat="2.0276682" lon="103.3569340">
    <ele>505</ele>
   </trkpt>
   <trkpt lat="2.0276690" lon="103.3569475">
    <ele>505</ele>
   </trkpt>
   <trkpt lat="2.0276700" lon="103.3569611">
    <ele>505</ele>
   </trkpt>
   <trkpt lat="2.0276698" lon="103.3570087">
    <ele>506</ele>
   </trkpt>
   <trkpt lat="2.0276682" lon="103.3570227">
    <ele>506</ele>
   </trkpt>
   <trkpt lat="2.0276667" lon="103.3570368">
    <ele>506</ele>
   </trkpt>
   <trkpt lat="2.0276652" lon="103.3570509">
    <ele>506</ele>
   </trkpt>
   <trkpt lat="2.0276652" lon="103.3570841">
    <ele>506</ele>
   </trkpt>
   <trkpt lat="2.0276693" lon="103.3570896">
    <ele>506</ele>
   </trkpt>
   <trkpt lat="2.0276734" lon="103.3570952">
    <ele>506</ele>
   </trkpt>
   <trkpt lat="2.0276774" lon="103.3571008">
    <ele>506</ele>
   </trkpt>
   <trkpt lat="2.0276867" lon="103.3570967">
    <ele>507</ele>
   </trkpt>
   <trkpt lat="2.0276959" lon="103.3570928">
    <ele>507</ele>
   </trkpt>
   <trkpt lat="2.0277052" lon="103.3570888">
    <ele>507</ele>
   </trkpt>
   <trkpt lat="2.0277232" lon="103.3570667">
    <ele>507</ele>
   </trkpt>
   <trkpt lat="2.0277261" lon="103.3570559">
    <ele>507</ele>
   </trkpt>
   <trkpt lat="2.0277290" lon="103.3570452">
    <ele>507</ele>
   </trkpt>
   <trkpt lat="2.0277320" lon="103.3570345">
    <ele>507</ele>
   </trkpt>
   <trkpt lat="2.0277309" lon="103.3570016">
    <ele>507</ele>
   </trkpt>
   <trkpt lat="2.0277249" lon="103.3569882">
    <ele>508</ele>
   </trkpt>
   <trkpt lat="2.0277190" lon="103.3569749">
    <ele>508</ele>
   </trkpt>
   <trkpt lat="2.0277131" lon="103.3569616">
    <ele>508</ele>
   </trkpt>
   <trkpt lat="2.0276881" lon="103.3569294">
    <ele>508</ele>
   </trkpt>
   <trkpt lat="2.0276812" lon="103.3569182">
    <ele>508</ele>
   </trkpt>
   <trkpt lat="2.0276743" lon="103.3569070">
    <ele>508</ele>
   </trkpt>
   <trkpt lat="2.0276675" lon="103.3568958">
    <ele>508</ele>
   </trkpt>
   <trkpt lat="2.0276652" lon="103.3568678">
    <ele>508</ele>
   </trkpt>
   <trkpt lat="2.0276696" lon="103.3568621">
    <ele>510</ele>
   </trkpt>
   <trkpt lat="2.0276740" lon="103.3568626">
    <ele>510</ele>
   </trkpt>
   <trkpt lat="2.0276753" lon="103.3568653">
    <ele>510</ele>
   </trkpt>
   <trkpt lat="2.0276767" lon="103.3568679">
    <ele>510</ele>
   </trkpt>
   <trkpt lat="2.0276781" lon="103.3568705">
    <ele>510</ele>
   </trkpt>
   <trkpt lat="2.0276818" lon="103.3568819">
    <ele>510</ele>
   </trkpt>
   <trkpt lat="2.0276825" lon="103.3568863">
    <ele>510</ele>
   </trkpt>
   <trkpt lat="2.0276831" lon="103.3568906">
    <ele>510</ele>
   </trkpt>
   <trkpt lat="2.0276840" lon="103.3568951">
    <ele>511</ele>
   </trkpt>
   <trkpt lat="2.0276847" lon="103.3569049">
    <ele>511</ele>
   </trkpt>
   <trkpt lat="2.0276850" lon="103.3569102">
    <ele>511</ele>
   </trkpt>
   <trkpt lat="2.0276856" lon="103.3569155">
    <ele>511</ele>
   </trkpt>
   <trkpt lat="2.0276861" lon="103.3569209">
    <ele>512</ele>
   </trkpt>
   <trkpt lat="2.0276866" lon="103.3569243">
    <ele>512</ele>
   </trkpt>
   <trkpt lat="2.0276871" lon="103.3569277">
    <ele>512</ele>
   </trkpt>
   <trkpt lat="2.0276876" lon="103.3569311">
    <ele>512</ele>
   </trkpt>
   <trkpt lat="2.0276881" lon="103.3569345">
    <ele>513</ele>
   </trkpt>
   <trkpt lat="2.0276886" lon="103.3569380">
    <ele>513</ele>
   </trkpt>
   <trkpt lat="2.0276945" lon="103.3569505">
    <ele>513</ele>
   </trkpt>
   <trkpt lat="2.0276980" lon="103.3569538">
    <ele>513</ele>
   </trkpt>
   <trkpt lat="2.0277015" lon="103.3569571">
    <ele>514</ele>
   </trkpt>
   <trkpt lat="2.0277050" lon="103.3569605">
    <ele>514</ele>
   </trkpt>
   <trkpt lat="2.0277170" lon="103.3569694">
    <ele>514</ele>
   </trkpt>
   <trkpt lat="2.0277203" lon="103.3569725">
    <ele>514</ele>
   </trkpt>
   <trkpt lat="2.0277236" lon="103.3569756">
    <ele>515</ele>
   </trkpt>
   <trkpt lat="2.0277270" lon="103.3569787">
    <ele>515</ele>
   </trkpt>
   <trkpt lat="2.0277321" lon="103.3569894">
    <ele>515</ele>
   </trkpt>
   <trkpt lat="2.0277324" lon="103.3569928">
    <ele>515</ele>
   </trkpt>
   <trkpt lat="2.0277328" lon="103.3569963">
    <ele>515</ele>
   </trkpt>
   <trkpt lat="2.0277332" lon="103.3569997">
    <ele>515</ele>
   </trkpt>
   <trkpt lat="2.0277336" lon="103.3570032">
    <ele>515</ele>
   </trkpt>
   <trkpt lat="2.0277383" lon="103.3570210">
    <ele>515</ele>
   </trkpt>
   <trkpt lat="2.0277392" lon="103.3570290">
    <ele>516</ele>
   </trkpt>
   <trkpt lat="2.0277401" lon="103.3570371">
    <ele>516</ele>
   </trkpt>
   <trkpt lat="2.0277409" lon="103.3570452">
    <ele>516</ele>
   </trkpt>
   <trkpt lat="2.0277338" lon="103.3570718">
    <ele>516</ele>
   </trkpt>
   <trkpt lat="2.0277285" lon="103.3570791">
    <ele>516</ele>
   </trkpt>
   <trkpt lat="2.0277232" lon="103.3570864">
    <ele>516</ele>
   </trkpt>
   <trkpt lat="2.0277180" lon="103.3570936">
    <ele>516</ele>
   </trkpt>
   <trkpt lat="2.0277035" lon="103.3571137">
    <ele>516</ele>
   </trkpt>
   <trkpt lat="2.0276993" lon="103.3571188">
    <ele>516</ele>
   </trkpt>
   <trkpt lat="2.0276951" lon="103.3571239">
    <ele>516</ele>
   </trkpt>
   <trkpt lat="2.0276910" lon="103.3571290">
    <ele>516</ele>
   </trkpt>
   <trkpt lat="2.0276787" lon="103.3571440">
    <ele>516</ele>
   </trkpt>
   <trkpt lat="2.0276731" lon="103.3571496">
    <ele>516</ele>
   </trkpt>
   <trkpt lat="2.0276675" lon="103.3571554">
    <ele>516</ele>
   </trkpt>
   <trkpt lat="2.0276620" lon="103.3571611">
    <ele>516</ele>
   </trkpt>
   <trkpt lat="2.0276429" lon="103.3571776">
    <ele>516</ele>
   </trkpt>
   <trkpt lat="2.0276366" lon="103.3571823">
    <ele>517</ele>
   </trkpt>
   <trkpt lat="2.0276303" lon="103.3571870">
    <ele>517</ele>
   </trkpt>
   <trkpt lat="2.0276240" lon="103.3571917">
    <ele>517</ele>
   </trkpt>
   <trkpt lat="2.0276097" lon="103.3572043">
    <ele>517</ele>
   </trkpt>
   <trkpt lat="2.0276070" lon="103.3572076">
    <ele>518</ele>
   </trkpt>
   <trkpt lat="2.0276044" lon="103.3572109">
    <ele>518</ele>
   </trkpt>
   <trkpt lat="2.0276017" lon="103.3572143">
    <ele>518</ele>
   </trkpt>
   <trkpt lat="2.0275987" lon="103.3572225">
    <ele>518</ele>
   </trkpt>
   <trkpt lat="2.0275977" lon="103.3572255">
    <ele>518</ele>
   </trkpt>
   <trkpt lat="2.0275967" lon="103.3572285">
    <ele>518</ele>
   </trkpt>
   <trkpt lat="2.0275957" lon="103.3572316">
    <ele>518</ele>
   </trkpt>
   <trkpt lat="2.0275914" lon="103.3572436">
    <ele>518</ele>
   </trkpt>
   <trkpt lat="2.0275891" lon="103.3572471">
    <ele>519</ele>
   </trkpt>
   <trkpt lat="2.0275868" lon="103.3572506">
    <ele>519</ele>
   </trkpt>
   <trkpt lat="2.0275845" lon="103.3572541">
    <ele>519</ele>
   </trkpt>
   <trkpt lat="2.0275777" lon="103.3572576">
    <ele>519</ele>
   </trkpt>
   <trkpt lat="2.0275729" lon="103.3572583">
    <ele>520</ele>
   </trkpt>
   <trkpt lat="2.0275681" lon="103.3572590">
    <ele>520</ele>
   </trkpt>
   <trkpt lat="2.0275634" lon="103.3572597">
    <ele>520</ele>
   </trkpt>
   <trkpt lat="2.0275449" lon="103.3572602">
    <ele>520</ele>
   </trkpt>
   <trkpt lat="2.0275374" lon="103.3572610">
    <ele>520</ele>
   </trkpt>
   <trkpt lat="2.0275300" lon="103.3572618">
    <ele>520</ele>
   </trkpt>
   <trkpt lat="2.0275226" lon="103.3572626">
    <ele>520</ele>
   </trkpt>
   <trkpt lat="2.0275103" lon="103.3572721">
    <ele>520</ele>
   </trkpt>
   <trkpt lat="2.0275116" lon="103.3572758">
    <ele>520</ele>
   </trkpt>
   <trkpt lat="2.0275132" lon="103.3572795">
    <ele>520</ele>
   </trkpt>
   <trkpt lat="2.0275146" lon="103.3572832">
    <ele>520</ele>
   </trkpt>
   <trkpt lat="2.0275201" lon="103.3572860">
    <ele>520</ele>
   </trkpt>
   <trkpt lat="2.0275256" lon="103.3572888">
    <ele>521</ele>
   </trkpt>
   <trkpt lat="2.0275311" lon="103.3572917">
    <ele>521</ele>
   </trkpt>
   <trkpt lat="2.0275506" lon="103.3572946">
    <ele>521</ele>
   </trkpt>
   <trkpt lat="2.0275558" lon="103.3572956">
    <ele>521</ele>
   </trkpt>
   <trkpt lat="2.0275610" lon="103.3572967">
    <ele>521</ele>
   </trkpt>
   <trkpt lat="2.0275664" lon="103.3572978">
    <ele>521</ele>
   </trkpt>
   <trkpt lat="2.0275756" lon="103.3573060">
    <ele>521</ele>
   </trkpt>
   <trkpt lat="2.0275761" lon="103.3573099">
    <ele>521</ele>
   </trkpt>
   <trkpt lat="2.0275766" lon="103.3573139">
    <ele>521</ele>
   </trkpt>
   <trkpt lat="2.0275772" lon="103.3573179">
    <ele>521</ele>
   </trkpt>
   <trkpt lat="2.0275750" lon="103.3573326">
    <ele>521</ele>
   </trkpt>
   <trkpt lat="2.0275734" lon="103.3573375">
    <ele>521</ele>
   </trkpt>
   <trkpt lat="2.0275719" lon="103.3573426">
    <ele>521</ele>
   </trkpt>
   <trkpt lat="2.0275704" lon="103.3573476">
    <ele>521</ele>
   </trkpt>
   <trkpt lat="2.0275646" lon="103.3573614">
    <ele>521</ele>
   </trkpt>
   <trkpt lat="2.0275615" lon="103.3573665">
    <ele>521</ele>
   </trkpt>
   <trkpt lat="2.0275584" lon="103.3573715">
    <ele>521</ele>
   </trkpt>
   <trkpt lat="2.0275553" lon="103.3573767">
    <ele>521</ele>
   </trkpt>
   <trkpt lat="2.0275457" lon="103.3573919">
    <ele>521</ele>
   </trkpt>
   <trkpt lat="2.0275380" lon="103.3573974">
    <ele>522</ele>
   </trkpt>
   <trkpt lat="2.0275267" lon="103.3574072">
    <ele>522</ele>
   </trkpt>
   <trkpt lat="2.0275233" lon="103.3574110">
    <ele>522</ele>
   </trkpt>
   <trkpt lat="2.0275199" lon="103.3574149">
    <ele>522</ele>
   </trkpt>
   <trkpt lat="2.0275165" lon="103.3574188">
    <ele>522</ele>
   </trkpt>
   <trkpt lat="2.0275047" lon="103.3574352">
    <ele>522</ele>
   </trkpt>
   <trkpt lat="2.0275000" lon="103.3574416">
    <ele>522</ele>
   </trkpt>
   <trkpt lat="2.0274953" lon="103.3574480">
    <ele>522</ele>
   </trkpt>
   <trkpt lat="2.0274906" lon="103.3574544">
    <ele>522</ele>
   </trkpt>
   <trkpt lat="2.0274727" lon="103.3574737">
    <ele>522</ele>
   </trkpt>
   <trkpt lat="2.0274677" lon="103.3574776">
    <ele>522</ele>
   </trkpt>
   <trkpt lat="2.0274627" lon="103.3574815">
    <ele>522</ele>
   </trkpt>
   <trkpt lat="2.0274576" lon="103.3574852">
    <ele>521</ele>
   </trkpt>
   <trkpt lat="2.0274528" lon="103.3574892">
    <ele>521</ele>
   </trkpt>
   <trkpt lat="2.0274355" lon="103.3574943">
    <ele>521</ele>
   </trkpt>
   <trkpt lat="2.0274296" lon="103.3574954">
    <ele>521</ele>
   </trkpt>
   <trkpt lat="2.0274238" lon="103.3574965">
    <ele>521</ele>
   </trkpt>
   <trkpt lat="2.0274180" lon="103.3574976">
    <ele>521</ele>
   </trkpt>
   <trkpt lat="2.0274101" lon="103.3574994">
    <ele>521</ele>
   </trkpt>
   <trkpt lat="2.0274052" lon="103.3575014">
    <ele>521</ele>
   </trkpt>
   <trkpt lat="2.0274003" lon="103.3575035">
    <ele>521</ele>
   </trkpt>
   <trkpt lat="2.0273954" lon="103.3575056">
    <ele>521</ele>
   </trkpt>
   <trkpt lat="2.0273784" lon="103.3575143">
    <ele>521</ele>
   </trkpt>
   <trkpt lat="2.0273710" lon="103.3575174">
    <ele>521</ele>
   </trkpt>
   <trkpt lat="2.0273636" lon="103.3575205">
    <ele>521</ele>
   </trkpt>
   <trkpt lat="2.0273563" lon="103.3575237">
    <ele>521</ele>
   </trkpt>
   <trkpt lat="2.0273334" lon="103.3575336">
    <ele>521</ele>
   </trkpt>
   <trkpt lat="2.0273273" lon="103.3575381">
    <ele>521</ele>
   </trkpt>
   <trkpt lat="2.0273212" lon="103.3575428">
    <ele>521</ele>
   </trkpt>
   <trkpt lat="2.0273152" lon="103.3575475">
    <ele>521</ele>
   </trkpt>
   <trkpt lat="2.0272967" lon="103.3575659">
    <ele>521</ele>
   </trkpt>
   <trkpt lat="2.0272888" lon="103.3575724">
    <ele>521</ele>
   </trkpt>
   <trkpt lat="2.0272809" lon="103.3575790">
    <ele>521</ele>
   </trkpt>
   <trkpt lat="2.0272730" lon="103.3575855">
    <ele>521</ele>
   </trkpt>
   <trkpt lat="2.0272468" lon="103.3575957">
    <ele>521</ele>
   </trkpt>
   <trkpt lat="2.0272387" lon="103.3575965">
    <ele>521</ele>
   </trkpt>
   <trkpt lat="2.0272306" lon="103.3575975">
    <ele>520</ele>
   </trkpt>
   <trkpt lat="2.0272226" lon="103.3575985">
    <ele>520</ele>
   </trkpt>
   <trkpt lat="2.0272080" lon="103.3576092">
    <ele>520</ele>
   </trkpt>
   <trkpt lat="2.0272077" lon="103.3576146">
    <ele>520</ele>
   </trkpt>
   <trkpt lat="2.0272074" lon="103.3576200">
    <ele>520</ele>
   </trkpt>
   <trkpt lat="2.0272071" lon="103.3576255">
    <ele>520</ele>
   </trkpt>
   <trkpt lat="2.0272121" lon="103.3576442">
    <ele>520</ele>
   </trkpt>
   <trkpt lat="2.0272130" lon="103.3576501">
    <ele>520</ele>
   </trkpt>
   <trkpt lat="2.0272139" lon="103.3576561">
    <ele>519</ele>
   </trkpt>
   <trkpt lat="2.0272148" lon="103.3576621">
    <ele>519</ele>
   </trkpt>
   <trkpt lat="2.0272128" lon="103.3576774">
    <ele>519</ele>
   </trkpt>
   <trkpt lat="2.0272049" lon="103.3576821">
    <ele>519</ele>
   </trkpt>
   <trkpt lat="2.0271909" lon="103.3576873">
    <ele>519</ele>
   </trkpt>
   <trkpt lat="2.0271840" lon="103.3576880">
    <ele>519</ele>
   </trkpt>
   <trkpt lat="2.0271771" lon="103.3576888">
    <ele>519</ele>
   </trkpt>
   <trkpt lat="2.0271703" lon="103.3576896">
    <ele>519</ele>
   </trkpt>
   <trkpt lat="2.0271474" lon="103.3576917">
    <ele>519</ele>
   </trkpt>
   <trkpt lat="2.0271399" lon="103.3576934">
    <ele>518</ele>
   </trkpt>
   <trkpt lat="2.0271324" lon="103.3576952">
    <ele>518</ele>
   </trkpt>
   <trkpt lat="2.0271249" lon="103.3576970">
    <ele>518</ele>
   </trkpt>
   <trkpt lat="2.0270969" lon="103.3576965">
    <ele>518</ele>
   </trkpt>
   <trkpt lat="2.0270863" lon="103.3576934">
    <ele>517</ele>
   </trkpt>
   <trkpt lat="2.0270757" lon="103.3576904">
    <ele>517</ele>
   </trkpt>
   <trkpt lat="2.0270651" lon="103.3576874">
    <ele>517</ele>
   </trkpt>
   <trkpt lat="2.0270328" lon="103.3576812">
    <ele>517</ele>
   </trkpt>
   <trkpt lat="2.0270213" lon="103.3576810">
    <ele>516</ele>
   </trkpt>
   <trkpt lat="2.0270098" lon="103.3576808">
    <ele>516</ele>
   </trkpt>
   <trkpt lat="2.0269984" lon="103.3576806">
    <ele>515</ele>
   </trkpt>
   <trkpt lat="2.0269636" lon="103.3576721">
    <ele>515</ele>
   </trkpt>
   <trkpt lat="2.0269547" lon="103.3576660">
    <ele>514</ele>
   </trkpt>
   <trkpt lat="2.0269458" lon="103.3576600">
    <ele>514</ele>
   </trkpt>
   <trkpt lat="2.0269369" lon="103.3576540">
    <ele>514</ele>
   </trkpt>
   <trkpt lat="2.0269159" lon="103.3576368">
    <ele>514</ele>
   </trkpt>
   <trkpt lat="2.0269090" lon="103.3576336">
    <ele>513</ele>
   </trkpt>
   <trkpt lat="2.0269021" lon="103.3576305">
    <ele>513</ele>
   </trkpt>
   <trkpt lat="2.0268953" lon="103.3576274">
    <ele>512</ele>
   </trkpt>
   <trkpt lat="2.0268761" lon="103.3576256">
    <ele>512</ele>
   </trkpt>
   <trkpt lat="2.0268692" lon="103.3576273">
    <ele>511</ele>
   </trkpt>
   <trkpt lat="2.0268623" lon="103.3576290">
    <ele>511</ele>
   </trkpt>
   <trkpt lat="2.0268555" lon="103.3576308">
    <ele>510</ele>
   </trkpt>
   <trkpt lat="2.0268334" lon="103.3576411">
    <ele>510</ele>
   </trkpt>
   <trkpt lat="2.0268263" lon="103.3576474">
    <ele>509</ele>
   </trkpt>
   <trkpt lat="2.0268192" lon="103.3576538">
    <ele>509</ele>
   </trkpt>
   <trkpt lat="2.0268121" lon="103.3576602">
    <ele>509</ele>
   </trkpt>
   <trkpt lat="2.0267908" lon="103.3576889">
    <ele>509</ele>
   </trkpt>
   <trkpt lat="2.0267841" lon="103.3576988">
    <ele>508</ele>
   </trkpt>
   <trkpt lat="2.0267776" lon="103.3577087">
    <ele>508</ele>
   </trkpt>
   <trkpt lat="2.0267711" lon="103.3577186">
    <ele>507</ele>
   </trkpt>
   <trkpt lat="2.0267502" lon="103.3577414">
    <ele>507</ele>
   </trkpt>
   <trkpt lat="2.0267423" lon="103.3577463">
    <ele>506</ele>
   </trkpt>
   <trkpt lat="2.0267344" lon="103.3577512">
    <ele>506</ele>
   </trkpt>
   <trkpt lat="2.0267265" lon="103.3577561">
    <ele>506</ele>
   </trkpt>
   <trkpt lat="2.0267049" lon="103.3577698">
    <ele>506</ele>
   </trkpt>
   <trkpt lat="2.0266951" lon="103.3577737">
    <ele>505</ele>
   </trkpt>
   <trkpt lat="2.0266856" lon="103.3577775">
    <ele>505</ele>
   </trkpt>
   <trkpt lat="2.0266760" lon="103.3577813">
    <ele>505</ele>
   </trkpt>
   <trkpt lat="2.0266422" lon="103.3577812">
    <ele>505</ele>
   </trkpt>
   <trkpt lat="2.0266305" lon="103.3577823">
    <ele>504</ele>
   </trkpt>
   <trkpt lat="2.0266188" lon="103.3577834">
    <ele>504</ele>
   </trkpt>
   <trkpt lat="2.0266071" lon="103.3577844">
    <ele>503</ele>
   </trkpt>
   <trkpt lat="2.0265764" lon="103.3577974">
    <ele>503</ele>
   </trkpt>
   <trkpt lat="2.0265691" lon="103.3578041">
    <ele>502</ele>
   </trkpt>
   <trkpt lat="2.0265619" lon="103.3578108">
    <ele>502</ele>
   </trkpt>
   <trkpt lat="2.0265547" lon="103.3578176">
    <ele>502</ele>
   </trkpt>
   <trkpt lat="2.0265369" lon="103.3578373">
    <ele>502</ele>
   </trkpt>
   <trkpt lat="2.0265282" lon="103.3578421">
    <ele>501</ele>
   </trkpt>
   <trkpt lat="2.0265195" lon="103.3578471">
    <ele>501</ele>
   </trkpt>
   <trkpt lat="2.0265109" lon="103.3578520">
    <ele>500</ele>
   </trkpt>
   <trkpt lat="2.0264794" lon="103.3578555">
    <ele>500</ele>
   </trkpt>
   <trkpt lat="2.0264724" lon="103.3578550">
    <ele>499</ele>
   </trkpt>
   <trkpt lat="2.0264654" lon="103.3578545">
    <ele>499</ele>
   </trkpt>
   <trkpt lat="2.0264584" lon="103.3578539">
    <ele>498</ele>
   </trkpt>
   <trkpt lat="2.0264515" lon="103.3578534">
    <ele>498</ele>
   </trkpt>
   <trkpt lat="2.0264306" lon="103.3578583">
    <ele>497</ele>
   </trkpt>
   <trkpt lat="2.0264233" lon="103.3578604">
    <ele>497</ele>
   </trkpt>
   <trkpt lat="2.0264160" lon="103.3578625">
    <ele>497</ele>
   </trkpt>
   <trkpt lat="2.0264087" lon="103.3578646">
    <ele>497</ele>
   </trkpt>
   <trkpt lat="2.0263820" lon="103.3578674">
    <ele>496</ele>
   </trkpt>
   <trkpt lat="2.0263719" lon="103.3578685">
    <ele>496</ele>
   </trkpt>
   <trkpt lat="2.0263619" lon="103.3578697">
    <ele>495</ele>
   </trkpt>
   <trkpt lat="2.0263519" lon="103.3578709">
    <ele>495</ele>
   </trkpt>
   <trkpt lat="2.0263239" lon="103.3578800">
    <ele>494</ele>
   </trkpt>
   <trkpt lat="2.0263147" lon="103.3578855">
    <ele>494</ele>
   </trkpt>
   <trkpt lat="2.0263055" lon="103.3578910">
    <ele>493</ele>
   </trkpt>
   <trkpt lat="2.0262964" lon="103.3578965">
    <ele>493</ele>
   </trkpt>
   <trkpt lat="2.0262679" lon="103.3579059">
    <ele>492</ele>
   </trkpt>
   <trkpt lat="2.0262579" lon="103.3579065">
    <ele>492</ele>
   </trkpt>
   <trkpt lat="2.0262479" lon="103.3579071">
    <ele>491</ele>
   </trkpt>
   <trkpt lat="2.0262379" lon="103.3579077">
    <ele>491</ele>
   </trkpt>
   <trkpt lat="2.0262052" lon="103.3579082">
    <ele>490</ele>
   </trkpt>
   <trkpt lat="2.0261944" lon="103.3579090">
    <ele>490</ele>
   </trkpt>
   <trkpt lat="2.0261836" lon="103.3579098">
    <ele>489</ele>
   </trkpt>
   <trkpt lat="2.0261728" lon="103.3579107">
    <ele>489</ele>
   </trkpt>
   <trkpt lat="2.0261419" lon="103.3579204">
    <ele>488</ele>
   </trkpt>
   <trkpt lat="2.0261321" lon="103.3579203">
    <ele>488</ele>
   </trkpt>
   <trkpt lat="2.0261224" lon="103.3579202">
    <ele>487</ele>
   </trkpt>
   <trkpt lat="2.0261127" lon="103.3579201">
    <ele>487</ele>
   </trkpt>
   <trkpt lat="2.0260896" lon="103.3579062">
    <ele>486</ele>
   </trkpt>
   <trkpt lat="2.0260845" lon="103.3578993">
    <ele>486</ele>
   </trkpt>
   <trkpt lat="2.0260794" lon="103.3578926">
    <ele>485</ele>
   </trkpt>
   <trkpt lat="2.0260745" lon="103.3578859">
    <ele>485</ele>
   </trkpt>
   <trkpt lat="2.0260614" lon="103.3578696">
    <ele>484</ele>
   </trkpt>
   <trkpt lat="2.0260561" lon="103.3578648">
    <ele>484</ele>
   </trkpt>
   <trkpt lat="2.0260508" lon="103.3578601">
    <ele>483</ele>
   </trkpt>
   <trkpt lat="2.0260455" lon="103.3578554">
    <ele>483</ele>
   </trkpt>
   <trkpt lat="2.0260232" lon="103.3578403">
    <ele>482</ele>
   </trkpt>
   <trkpt lat="2.0260163" lon="103.3578335">
    <ele>481</ele>
   </trkpt>
   <trkpt lat="2.0260094" lon="103.3578267">
    <ele>480</ele>
   </trkpt>
   <trkpt lat="2.0260027" lon="103.3578200">
    <ele>480</ele>
   </trkpt>
   <trkpt lat="2.0259866" lon="103.3577961">
    <ele>479</ele>
   </trkpt>
   <trkpt lat="2.0259809" lon="103.3577890">
    <ele>479</ele>
   </trkpt>
   <trkpt lat="2.0259752" lon="103.3577819">
    <ele>478</ele>
   </trkpt>
   <trkpt lat="2.0259697" lon="103.3577749">
    <ele>478</ele>
   </trkpt>
   <trkpt lat="2.0259507" lon="103.3577608">
    <ele>477</ele>
   </trkpt>
   <trkpt lat="2.0259442" lon="103.3577563">
    <ele>477</ele>
   </trkpt>
   <trkpt lat="2.0259377" lon="103.3577518">
    <ele>477</ele>
   </trkpt>
   <trkpt lat="2.0259313" lon="103.3577473">
    <ele>477</ele>
   </trkpt>
   <trkpt lat="2.0259105" lon="103.3577330">
    <ele>476</ele>
   </trkpt>
   <trkpt lat="2.0259024" lon="103.3577272">
    <ele>476</ele>
   </trkpt>
   <trkpt lat="2.0258943" lon="103.3577216">
    <ele>475</ele>
   </trkpt>
   <trkpt lat="2.0258862" lon="103.3577160">
    <ele>475</ele>
   </trkpt>
   <trkpt lat="2.0258718" lon="103.3576893">
    <ele>474</ele>
   </trkpt>
   <trkpt lat="2.0258702" lon="103.3576794">
    <ele>474</ele>
   </trkpt>
   <trkpt lat="2.0258686" lon="103.3576695">
    <ele>473</ele>
   </trkpt>
   <trkpt lat="2.0258670" lon="103.3576597">
    <ele>473</ele>
   </trkpt>
   <trkpt lat="2.0258593" lon="103.3576367">
    <ele>472</ele>
   </trkpt>
   <trkpt lat="2.0258528" lon="103.3576312">
    <ele>472</ele>
   </trkpt>
   <trkpt lat="2.0258464" lon="103.3576257">
    <ele>471</ele>
   </trkpt>
   <trkpt lat="2.0258400" lon="103.3576202">
    <ele>471</ele>
   </trkpt>
   <trkpt lat="2.0258219" lon="103.3576038">
    <ele>470</ele>
   </trkpt>
   <trkpt lat="2.0258172" lon="103.3575969">
    <ele>470</ele>
   </trkpt>
   <trkpt lat="2.0258124" lon="103.3575901">
    <ele>469</ele>
   </trkpt>
   <trkpt lat="2.0258078" lon="103.3575833">
    <ele>469</ele>
   </trkpt>
   <trkpt lat="2.0258012" lon="103.3575609">
    <ele>468</ele>
   </trkpt>
   <trkpt lat="2.0257976" lon="103.3575551">
    <ele>468</ele>
   </trkpt>
   <trkpt lat="2.0257941" lon="103.3575495">
    <ele>467</ele>
   </trkpt>
   <trkpt lat="2.0257906" lon="103.3575438">
    <ele>467</ele>
   </trkpt>
   <trkpt lat="2.0257698" lon="103.3575271">
    <ele>466</ele>
   </trkpt>
   <trkpt lat="2.0257625" lon="103.3575210">
    <ele>466</ele>
   </trkpt>
   <trkpt lat="2.0257551" lon="103.3575150">
    <ele>465</ele>
   </trkpt>
   <trkpt lat="2.0257478" lon="103.3575089">
    <ele>465</ele>
   </trkpt>
   <trkpt lat="2.0257219" lon="103.3574813">
    <ele>464</ele>
   </trkpt>
   <trkpt lat="2.0257155" lon="103.3574650">
    <ele>464</ele>
   </trkpt>
   <trkpt lat="2.0257091" lon="103.3574488">
    <ele>464</ele>
   </trkpt>
   <trkpt lat="2.0257027" lon="103.3574326">
    <ele>464</ele>
   </trkpt>
   <trkpt lat="2.0256939" lon="103.3573758">
    <ele>463</ele>
   </trkpt>
   <trkpt lat="2.0256945" lon="103.3573591">
    <ele>463</ele>
   </trkpt>
   <trkpt lat="2.0256952" lon="103.3573423">
    <ele>462</ele>
   </trkpt>
   <trkpt lat="2.0256959" lon="103.3573257">
    <ele>462</ele>
   </trkpt>
   <trkpt lat="2.0257037" lon="103.3572900">
    <ele>462</ele>
   </trkpt>
   <trkpt lat="2.0257066" lon="103.3572815">
    <ele>462</ele>
   </trkpt>
   <trkpt lat="2.0257095" lon="103.3572733">
    <ele>462</ele>
   </trkpt>
   <trkpt lat="2.0257125" lon="103.3572650">
    <ele>462</ele>
   </trkpt>
   <trkpt lat="2.0257146" lon="103.3572406">
    <ele>462</ele>
   </trkpt>
   <trkpt lat="2.0257150" lon="103.3572316">
    <ele>462</ele>
   </trkpt>
   <trkpt lat="2.0257154" lon="103.3572227">
    <ele>462</ele>
   </trkpt>
   <trkpt lat="2.0257158" lon="103.3572138">
    <ele>462</ele>
   </trkpt>
   <trkpt lat="2.0257148" lon="103.3571828">
    <ele>462</ele>
   </trkpt>
   <trkpt lat="2.0257115" lon="103.3571709">
    <ele>462</ele>
   </trkpt>
   <trkpt lat="2.0257082" lon="103.3571592">
    <ele>462</ele>
   </trkpt>
   <trkpt lat="2.0257050" lon="103.3571475">
    <ele>462</ele>
   </trkpt>
   <trkpt lat="2.0256989" lon="103.3571384">
    <ele>462</ele>
   </trkpt>
   <trkpt lat="2.0256928" lon="103.3571294">
    <ele>462</ele>
   </trkpt>
   <trkpt lat="2.0256868" lon="103.3571204">
    <ele>462</ele>
   </trkpt>
   <trkpt lat="2.0256691" lon="103.3571088">
    <ele>462</ele>
   </trkpt>
   <trkpt lat="2.0256637" lon="103.3571076">
    <ele>462</ele>
   </trkpt>
   <trkpt lat="2.0256585" lon="103.3571065">
    <ele>462</ele>
   </trkpt>
   <trkpt lat="2.0256533" lon="103.3571054">
    <ele>462</ele>
   </trkpt>
   <trkpt lat="2.0256393" lon="103.3571020">
    <ele>462</ele>
   </trkpt>
   <trkpt lat="2.0256361" lon="103.3571002">
    <ele>462</ele>
   </trkpt>
   <trkpt lat="2.0256330" lon="103.3570985">
    <ele>462</ele>
   </trkpt>
   <trkpt lat="2.0256299" lon="103.3570967">
    <ele>462</ele>
   </trkpt>
   <trkpt lat="2.0256268" lon="103.3570950">
    <ele>463</ele>
   </trkpt>
   <trkpt lat="2.0256148" lon="103.3570871">
    <ele>463</ele>
   </trkpt>
   <trkpt lat="2.0256109" lon="103.3570837">
    <ele>463</ele>
   </trkpt>
   <trkpt lat="2.0256070" lon="103.3570803">
    <ele>463</ele>
   </trkpt>
   <trkpt lat="2.0256031" lon="103.3570769">
    <ele>463</ele>
   </trkpt>
   <trkpt lat="2.0255915" lon="103.3570638">
    <ele>463</ele>
   </trkpt>
   <trkpt lat="2.0255888" lon="103.3570584">
    <ele>463</ele>
   </trkpt>
   <trkpt lat="2.0255861" lon="103.3570533">
    <ele>463</ele>
   </trkpt>
   <trkpt lat="2.0255835" lon="103.3570481">
    <ele>463</ele>
   </trkpt>
   <trkpt lat="2.0255747" lon="103.3570297">
    <ele>463</ele>
   </trkpt>
   <trkpt lat="2.0255722" lon="103.3570245">
    <ele>463</ele>
   </trkpt>
   <trkpt lat="2.0255696" lon="103.3570194">
    <ele>463</ele>
   </trkpt>
   <trkpt lat="2.0255670" lon="103.3570142">
    <ele>464</ele>
   </trkpt>
   <trkpt lat="2.0255645" lon="103.3570091">
    <ele>464</ele>
   </trkpt>
   <trkpt lat="2.0255628" lon="103.3570060">
    <ele>464</ele>
   </trkpt>
   <trkpt lat="2.0255612" lon="103.3570029">
    <ele>464</ele>
   </trkpt>
   <trkpt lat="2.0255595" lon="103.3569999">
    <ele>465</ele>
   </trkpt>
   <trkpt lat="2.0255514" lon="103.3569890">
    <ele>465</ele>
   </trkpt>
   <trkpt lat="2.0255486" lon="103.3569858">
    <ele>465</ele>
   </trkpt>
   <trkpt lat="2.0255458" lon="103.3569826">
    <ele>465</ele>
   </trkpt>
   <trkpt lat="2.0255430" lon="103.3569794">
    <ele>465</ele>
   </trkpt>
   <trkpt lat="2.0255317" lon="103.3569692">
    <ele>465</ele>
   </trkpt>
   <trkpt lat="2.0255276" lon="103.3569660">
    <ele>465</ele>
   </trkpt>
   <trkpt lat="2.0255234" lon="103.3569631">
    <ele>465</ele>
   </trkpt>
   <trkpt lat="2.0255195" lon="103.3569601">
    <ele>465</ele>
   </trkpt>
   <trkpt lat="2.0255122" lon="103.3569546">
    <ele>465</ele>
   </trkpt>
   <trkpt lat="2.0255080" lon="103.3569510">
    <ele>465</ele>
   </trkpt>
   <trkpt lat="2.0255038" lon="103.3569475">
    <ele>465</ele>
   </trkpt>
   <trkpt lat="2.0254996" lon="103.3569440">
    <ele>465</ele>
   </trkpt>
   <trkpt lat="2.0254844" lon="103.3569351">
    <ele>465</ele>
   </trkpt>
   <trkpt lat="2.0254788" lon="103.3569342">
    <ele>465</ele>
   </trkpt>
   <trkpt lat="2.0254732" lon="103.3569333">
    <ele>465</ele>
   </trkpt>
   <trkpt lat="2.0254677" lon="103.3569325">
    <ele>466</ele>
   </trkpt>
   <trkpt lat="2.0254505" lon="103.3569341">
    <ele>466</ele>
   </trkpt>
   <trkpt lat="2.0254450" lon="103.3569343">
    <ele>466</ele>
   </trkpt>
   <trkpt lat="2.0254396" lon="103.3569346">
    <ele>466</ele>
   </trkpt>
   <trkpt lat="2.0254342" lon="103.3569349">
    <ele>466</ele>
   </trkpt>
   <trkpt lat="2.0254202" lon="103.3569313">
    <ele>466</ele>
   </trkpt>
   <trkpt lat="2.0254163" lon="103.3569289">
    <ele>466</ele>
   </trkpt>
   <trkpt lat="2.0254124" lon="103.3569267">
    <ele>466</ele>
   </trkpt>
   <trkpt lat="2.0254086" lon="103.3569245">
    <ele>466</ele>
   </trkpt>
   <trkpt lat="2.0253968" lon="103.3569186">
    <ele>466</ele>
   </trkpt>
   <trkpt lat="2.0253915" lon="103.3569181">
    <ele>466</ele>
   </trkpt>
   <trkpt lat="2.0253863" lon="103.3569176">
    <ele>466</ele>
   </trkpt>
   <trkpt lat="2.0253811" lon="103.3569172">
    <ele>467</ele>
   </trkpt>
   <trkpt lat="2.0253640" lon="103.3569191">
    <ele>467</ele>
   </trkpt>
   <trkpt lat="2.0253579" lon="103.3569195">
    <ele>467</ele>
   </trkpt>
   <trkpt lat="2.0253519" lon="103.3569200">
    <ele>467</ele>
   </trkpt>
   <trkpt lat="2.0253459" lon="103.3569205">
    <ele>467</ele>
   </trkpt>
   <trkpt lat="2.0253277" lon="103.3569165">
    <ele>467</ele>
   </trkpt>
   <trkpt lat="2.0253212" lon="103.3569137">
    <ele>467</ele>
   </trkpt>
   <trkpt lat="2.0253147" lon="103.3569110">
    <ele>467</ele>
   </trkpt>
   <trkpt lat="2.0253083" lon="103.3569083">
    <ele>468</ele>
   </trkpt>
   <trkpt lat="2.0252883" lon="103.3568960">
    <ele>468</ele>
   </trkpt>
   <trkpt lat="2.0252818" lon="103.3568915">
    <ele>468</ele>
   </trkpt>
   <trkpt lat="2.0252753" lon="103.3568870">
    <ele>468</ele>
   </trkpt>
   <trkpt lat="2.0252688" lon="103.3568826">
    <ele>468</ele>
   </trkpt>
   <trkpt lat="2.0252536" lon="103.3568698">
    <ele>468</ele>
   </trkpt>
   <trkpt lat="2.0252494" lon="103.3568669">
    <ele>468</ele>
   </trkpt>
   <trkpt lat="2.0252453" lon="103.3568640">
    <ele>468</ele>
   </trkpt>
   <trkpt lat="2.0252412" lon="103.3568612">
    <ele>468</ele>
   </trkpt>
   <trkpt lat="2.0252287" lon="103.3568517">
    <ele>468</ele>
   </trkpt>
   <trkpt lat="2.0252240" lon="103.3568479">
    <ele>468</ele>
   </trkpt>
   <trkpt lat="2.0252193" lon="103.3568441">
    <ele>468</ele>
   </trkpt>
   <trkpt lat="2.0252146" lon="103.3568404">
    <ele>469</ele>
   </trkpt>
   <trkpt lat="2.0251993" lon="103.3568282">
    <ele>469</ele>
   </trkpt>
   <trkpt lat="2.0251935" lon="103.3568255">
    <ele>469</ele>
   </trkpt>
   <trkpt lat="2.0251877" lon="103.3568228">
    <ele>469</ele>
   </trkpt>
   <trkpt lat="2.0251819" lon="103.3568202">
    <ele>469</ele>
   </trkpt>
   <trkpt lat="2.0251536" lon="103.3568222">
    <ele>469</ele>
   </trkpt>
   <trkpt lat="2.0251416" lon="103.3568265">
    <ele>469</ele>
   </trkpt>
   <trkpt lat="2.0251296" lon="103.3568309">
    <ele>469</ele>
   </trkpt>
   <trkpt lat="2.0251177" lon="103.3568353">
    <ele>469</ele>
   </trkpt>
   <trkpt lat="2.0250832" lon="103.3568583">
    <ele>469</ele>
   </trkpt>
   <trkpt lat="2.0250722" lon="103.3568685">
    <ele>469</ele>
   </trkpt>
   <trkpt lat="2.0250612" lon="103.3568786">
    <ele>469</ele>
   </trkpt>
   <trkpt lat="2.0250502" lon="103.3568887">
    <ele>469</ele>
   </trkpt>
   <trkpt lat="2.0250156" lon="103.3569234">
    <ele>468</ele>
   </trkpt>
   <trkpt lat="2.0250020" lon="103.3569346">
    <ele>468</ele>
   </trkpt>
   <trkpt lat="2.0249885" lon="103.3569458">
    <ele>468</ele>
   </trkpt>
   <trkpt lat="2.0249750" lon="103.3569570">
    <ele>468</ele>
   </trkpt>
   <trkpt lat="2.0249293" lon="103.3569775">
    <ele>467</ele>
   </trkpt>
   <trkpt lat="2.0249143" lon="103.3569771">
    <ele>467</ele>
   </trkpt>
   <trkpt lat="2.0248993" lon="103.3569767">
    <ele>467</ele>
   </trkpt>
   <trkpt lat="2.0248843" lon="103.3569763">
    <ele>467</ele>
   </trkpt>
   <trkpt lat="2.0248452" lon="103.3569626">
    <ele>466</ele>
   </trkpt>
   <trkpt lat="2.0248312" lon="103.3569574">
    <ele>466</ele>
   </trkpt>
   <trkpt lat="2.0248172" lon="103.3569522">
    <ele>465</ele>
   </trkpt>
   <trkpt lat="2.0248032" lon="103.3569471">
    <ele>465</ele>
   </trkpt>
   <trkpt lat="2.0247619" lon="103.3569249">
    <ele>464</ele>
   </trkpt>
   <trkpt lat="2.0247500" lon="103.3569167">
    <ele>464</ele>
   </trkpt>
   <trkpt lat="2.0247381" lon="103.3569086">
    <ele>463</ele>
   </trkpt>
   <trkpt lat="2.0247262" lon="103.3569005">
    <ele>463</ele>
   </trkpt>
   <trkpt lat="2.0246947" lon="103.3568871">
    <ele>462</ele>
   </trkpt>
   <trkpt lat="2.0246860" lon="103.3568871">
    <ele>462</ele>
   </trkpt>
   <trkpt lat="2.0246772" lon="103.3568872">
    <ele>462</ele>
   </trkpt>
   <trkpt lat="2.0246685" lon="103.3568873">
    <ele>462</ele>
   </trkpt>
   <trkpt lat="2.0246409" lon="103.3568909">
    <ele>461</ele>
   </trkpt>
   <trkpt lat="2.0246282" lon="103.3568902">
    <ele>461</ele>
   </trkpt>
   <trkpt lat="2.0246156" lon="103.3568896">
    <ele>460</ele>
   </trkpt>
   <trkpt lat="2.0246030" lon="103.3568890">
    <ele>460</ele>
   </trkpt>
   <trkpt lat="2.0245555" lon="103.3568869">
    <ele>459</ele>
   </trkpt>
   <trkpt lat="2.0245396" lon="103.3568872">
    <ele>459</ele>
   </trkpt>
   <trkpt lat="2.0245237" lon="103.3568875">
    <ele>458</ele>
   </trkpt>
   <trkpt lat="2.0245078" lon="103.3568878">
    <ele>458</ele>
   </trkpt>
   <trkpt lat="2.0244689" lon="103.3568866">
    <ele>457</ele>
   </trkpt>
   <trkpt lat="2.0244612" lon="103.3568885">
    <ele>457</ele>
   </trkpt>
   <trkpt lat="2.0244535" lon="103.3568904">
    <ele>456</ele>
   </trkpt>
   <trkpt lat="2.0244459" lon="103.3568923">
    <ele>456</ele>
   </trkpt>
   <trkpt lat="2.0244393" lon="103.3569133">
    <ele>456</ele>
   </trkpt>
   <trkpt lat="2.0244392" lon="103.3569240">
    <ele>456</ele>
   </trkpt>
   <trkpt lat="2.0244392" lon="103.3569348">
    <ele>456</ele>
   </trkpt>
   <trkpt lat="2.0244392" lon="103.3569456">
    <ele>456</ele>
   </trkpt>
   <trkpt lat="2.0244377" lon="103.3569869">
    <ele>456</ele>
   </trkpt>
   <trkpt lat="2.0244368" lon="103.3570028">
    <ele>456</ele>
   </trkpt>
   <trkpt lat="2.0244359" lon="103.3570188">
    <ele>456</ele>
   </trkpt>
   <trkpt lat="2.0244350" lon="103.3570347">
    <ele>456</ele>
   </trkpt>
   <trkpt lat="2.0244253" lon="103.3570832">
    <ele>456</ele>
   </trkpt>
   <trkpt lat="2.0244194" lon="103.3570985">
    <ele>456</ele>
   </trkpt>
   <trkpt lat="2.0244135" lon="103.3571137">
    <ele>456</ele>
   </trkpt>
   <trkpt lat="2.0244076" lon="103.3571291">
    <ele>456</ele>
   </trkpt>
   <trkpt lat="2.0243838" lon="103.3571745">
    <ele>456</ele>
   </trkpt>
   <trkpt lat="2.0243721" lon="103.3571867">
    <ele>456</ele>
   </trkpt>
   <trkpt lat="2.0243604" lon="103.3571991">
    <ele>456</ele>
   </trkpt>
   <trkpt lat="2.0243489" lon="103.3572114">
    <ele>456</ele>
   </trkpt>
   <trkpt lat="2.0243064" lon="103.3572419">
    <ele>455</ele>
   </trkpt>
   <trkpt lat="2.0242926" lon="103.3572539">
    <ele>455</ele>
   </trkpt>
   <trkpt lat="2.0242787" lon="103.3572659">
    <ele>455</ele>
   </trkpt>
   <trkpt lat="2.0242648" lon="103.3572779">
    <ele>455</ele>
   </trkpt>
   <trkpt lat="2.0242302" lon="103.3573191">
    <ele>454</ele>
   </trkpt>
   <trkpt lat="2.0242219" lon="103.3573335">
    <ele>454</ele>
   </trkpt>
   <trkpt lat="2.0242136" lon="103.3573480">
    <ele>453</ele>
   </trkpt>
   <trkpt lat="2.0242054" lon="103.3573624">
    <ele>453</ele>
   </trkpt>
   <trkpt lat="2.0241854" lon="103.3574106">
    <ele>452</ele>
   </trkpt>
   <trkpt lat="2.0241794" lon="103.3574276">
    <ele>452</ele>
   </trkpt>
   <trkpt lat="2.0241737" lon="103.3574445">
    <ele>452</ele>
   </trkpt>
   <trkpt lat="2.0241679" lon="103.3574617">
    <ele>452</ele>
   </trkpt>
   <trkpt lat="2.0241457" lon="103.3575120">
    <ele>451</ele>
   </trkpt>
   <trkpt lat="2.0241356" lon="103.3575286">
    <ele>451</ele>
   </trkpt>
   <trkpt lat="2.0241254" lon="103.3575451">
    <ele>450</ele>
   </trkpt>
   <trkpt lat="2.0241154" lon="103.3575617">
    <ele>450</ele>
   </trkpt>
   <trkpt lat="2.0240832" lon="103.3576111">
    <ele>449</ele>
   </trkpt>
   <trkpt lat="2.0240733" lon="103.3576276">
    <ele>449</ele>
   </trkpt>
   <trkpt lat="2.0240636" lon="103.3576441">
    <ele>448</ele>
   </trkpt>
   <trkpt lat="2.0240538" lon="103.3576606">
    <ele>448</ele>
   </trkpt>
   <trkpt lat="2.0240272" lon="103.3577059">
    <ele>447</ele>
   </trkpt>
   <trkpt lat="2.0240168" lon="103.3577143">
    <ele>446</ele>
   </trkpt>
   <trkpt lat="2.0240064" lon="103.3577227">
    <ele>445</ele>
   </trkpt>
   <trkpt lat="2.0239960" lon="103.3577311">
    <ele>445</ele>
   </trkpt>
   <trkpt lat="2.0239553" lon="103.3577438">
    <ele>444</ele>
   </trkpt>
   <trkpt lat="2.0239408" lon="103.3577454">
    <ele>443</ele>
   </trkpt>
   <trkpt lat="2.0239263" lon="103.3577471">
    <ele>442</ele>
   </trkpt>
   <trkpt lat="2.0239118" lon="103.3577488">
    <ele>442</ele>
   </trkpt>
   <trkpt lat="2.0238645" lon="103.3577512">
    <ele>441</ele>
   </trkpt>
   <trkpt lat="2.0238470" lon="103.3577523">
    <ele>441</ele>
   </trkpt>
   <trkpt lat="2.0238297" lon="103.3577534">
    <ele>440</ele>
   </trkpt>
   <trkpt lat="2.0238123" lon="103.3577545">
    <ele>440</ele>
   </trkpt>
   <trkpt lat="2.0237625" lon="103.3577493">
    <ele>439</ele>
   </trkpt>
   <trkpt lat="2.0237465" lon="103.3577475">
    <ele>438</ele>
   </trkpt>
   <trkpt lat="2.0237306" lon="103.3577457">
    <ele>437</ele>
   </trkpt>
   <trkpt lat="2.0237147" lon="103.3577439">
    <ele>437</ele>
   </trkpt>
   <trkpt lat="2.0236685" lon="103.3577403">
    <ele>436</ele>
   </trkpt>
   <trkpt lat="2.0236532" lon="103.3577415">
    <ele>436</ele>
   </trkpt>
   <trkpt lat="2.0236379" lon="103.3577428">
    <ele>435</ele>
   </trkpt>
   <trkpt lat="2.0236227" lon="103.3577441">
    <ele>435</ele>
   </trkpt>
   <trkpt lat="2.0235777" lon="103.3577598">
    <ele>434</ele>
   </trkpt>
   <trkpt lat="2.0235625" lon="103.3577672">
    <ele>434</ele>
   </trkpt>
   <trkpt lat="2.0235474" lon="103.3577746">
    <ele>433</ele>
   </trkpt>
   <trkpt lat="2.0235323" lon="103.3577822">
    <ele>433</ele>
   </trkpt>
   <trkpt lat="2.0234825" lon="103.3578041">
    <ele>432</ele>
   </trkpt>
   <trkpt lat="2.0234671" lon="103.3578115">
    <ele>431</ele>
   </trkpt>
   <trkpt lat="2.0234519" lon="103.3578189">
    <ele>430</ele>
   </trkpt>
   <trkpt lat="2.0234366" lon="103.3578263">
    <ele>430</ele>
   </trkpt>
   <trkpt lat="2.0233924" lon="103.3578560">
    <ele>429</ele>
   </trkpt>
   <trkpt lat="2.0233793" lon="103.3578663">
    <ele>428</ele>
   </trkpt>
   <trkpt lat="2.0233663" lon="103.3578767">
    <ele>427</ele>
   </trkpt>
   <trkpt lat="2.0233533" lon="103.3578871">
    <ele>427</ele>
   </trkpt>
   <trkpt lat="2.0233213" lon="103.3579192">
    <ele>426</ele>
   </trkpt>
   <trkpt lat="2.0233122" lon="103.3579284">
    <ele>426</ele>
   </trkpt>
   <trkpt lat="2.0233031" lon="103.3579376">
    <ele>425</ele>
   </trkpt>
   <trkpt lat="2.0232940" lon="103.3579470">
    <ele>425</ele>
   </trkpt>
   <trkpt lat="2.0232630" lon="103.3579706">
    <ele>424</ele>
   </trkpt>
   <trkpt lat="2.0232513" lon="103.3579771">
    <ele>424</ele>
   </trkpt>
   <trkpt lat="2.0232396" lon="103.3579836">
    <ele>423</ele>
   </trkpt>
   <trkpt lat="2.0232280" lon="103.3579901">
    <ele>423</ele>
   </trkpt>
   <trkpt lat="2.0231914" lon="103.3580010">
    <ele>422</ele>
   </trkpt>
   <trkpt lat="2.0231777" lon="103.3580026">
    <ele>422</ele>
   </trkpt>
   <trkpt lat="2.0231640" lon="103.3580042">
    <ele>421</ele>
   </trkpt>
   <trkpt lat="2.0231503" lon="103.3580058">
    <ele>421</ele>
   </trkpt>
   <trkpt lat="2.0231096" lon="103.3580056">
    <ele>420</ele>
   </trkpt>
   <trkpt lat="2.0230969" lon="103.3580071">
    <ele>420</ele>
   </trkpt>
   <trkpt lat="2.0230842" lon="103.3580086">
    <ele>419</ele>
   </trkpt>
   <trkpt lat="2.0230716" lon="103.3580101">
    <ele>419</ele>
   </trkpt>
   <trkpt lat="2.0230427" lon="103.3580197">
    <ele>418</ele>
   </trkpt>
   <trkpt lat="2.0230339" lon="103.3580245">
    <ele>418</ele>
   </trkpt>
   <trkpt lat="2.0230250" lon="103.3580292">
    <ele>417</ele>
   </trkpt>
   <trkpt lat="2.0230162" lon="103.3580339">
    <ele>417</ele>
   </trkpt>
   <trkpt lat="2.0229866" lon="103.3580525">
    <ele>416</ele>
   </trkpt>
   <trkpt lat="2.0229742" lon="103.3580603">
    <ele>416</ele>
   </trkpt>
   <trkpt lat="2.0229618" lon="103.3580680">
    <ele>415</ele>
   </trkpt>
   <trkpt lat="2.0229494" lon="103.3580757">
    <ele>415</ele>
   </trkpt>
   <trkpt lat="2.0229099" lon="103.3581057">
    <ele>414</ele>
   </trkpt>
   <trkpt lat="2.0228955" lon="103.3581157">
    <ele>414</ele>
   </trkpt>
   <trkpt lat="2.0228811" lon="103.3581259">
    <ele>413</ele>
   </trkpt>
   <trkpt lat="2.0228668" lon="103.3581361">
    <ele>413</ele>
   </trkpt>
   <trkpt lat="2.0228190" lon="103.3581644">
    <ele>412</ele>
   </trkpt>
   <trkpt lat="2.0228043" lon="103.3581741">
    <ele>411</ele>
   </trkpt>
   <trkpt lat="2.0227897" lon="103.3581840">
    <ele>410</ele>
   </trkpt>
   <trkpt lat="2.0227751" lon="103.3581939">
    <ele>410</ele>
   </trkpt>
   <trkpt lat="2.0227382" lon="103.3582277">
    <ele>409</ele>
   </trkpt>
   <trkpt lat="2.0227265" lon="103.3582385">
    <ele>408</ele>
   </trkpt>
   <trkpt lat="2.0227148" lon="103.3582493">
    <ele>407</ele>
   </trkpt>
   <trkpt lat="2.0227032" lon="103.3582601">
    <ele>407</ele>
   </trkpt>
   <trkpt lat="2.0226740" lon="103.3582828">
    <ele>406</ele>
   </trkpt>
   <trkpt lat="2.0226684" lon="103.3582866">
    <ele>406</ele>
   </trkpt>
   <trkpt lat="2.0226629" lon="103.3582904">
    <ele>405</ele>
   </trkpt>
   <trkpt lat="2.0226574" lon="103.3582943">
    <ele>405</ele>
   </trkpt>
   <trkpt lat="2.0226432" lon="103.3583019">
    <ele>404</ele>
   </trkpt>
   <trkpt lat="2.0226353" lon="103.3583038">
    <ele>404</ele>
   </trkpt>
   <trkpt lat="2.0226275" lon="103.3583058">
    <ele>403</ele>
   </trkpt>
   <trkpt lat="2.0226197" lon="103.3583078">
    <ele>403</ele>
   </trkpt>
   <trkpt lat="2.0225804" lon="103.3583196">
    <ele>402</ele>
   </trkpt>
   <trkpt lat="2.0225621" lon="103.3583239">
    <ele>402</ele>
   </trkpt>
   <trkpt lat="2.0225437" lon="103.3583282">
    <ele>401</ele>
   </trkpt>
   <trkpt lat="2.0225255" lon="103.3583326">
    <ele>401</ele>
   </trkpt>
   <trkpt lat="2.0224696" lon="103.3583431">
    <ele>400</ele>
   </trkpt>
   <trkpt lat="2.0224555" lon="103.3583470">
    <ele>400</ele>
   </trkpt>
   <trkpt lat="2.0224414" lon="103.3583509">
    <ele>399</ele>
   </trkpt>
   <trkpt lat="2.0224274" lon="103.3583548">
    <ele>399</ele>
   </trkpt>
   <trkpt lat="2.0223977" lon="103.3583606">
    <ele>398</ele>
   </trkpt>
   <trkpt lat="2.0223929" lon="103.3583575">
    <ele>398</ele>
   </trkpt>
   <trkpt lat="2.0223881" lon="103.3583544">
    <ele>397</ele>
   </trkpt>
   <trkpt lat="2.0223833" lon="103.3583514">
    <ele>397</ele>
   </trkpt>
   <trkpt lat="2.0223843" lon="103.3583304">
    <ele>396</ele>
   </trkpt>
   <trkpt lat="2.0223861" lon="103.3583218">
    <ele>396</ele>
   </trkpt>
   <trkpt lat="2.0223879" lon="103.3583131">
    <ele>396</ele>
   </trkpt>
   <trkpt lat="2.0223898" lon="103.3583044">
    <ele>396</ele>
   </trkpt>
   <trkpt lat="2.0223948" lon="103.3582716">
    <ele>395</ele>
   </trkpt>
   <trkpt lat="2.0223961" lon="103.3582572">
    <ele>395</ele>
   </trkpt>
   <trkpt lat="2.0223975" lon="103.3582428">
    <ele>395</ele>
   </trkpt>
   <trkpt lat="2.0223989" lon="103.3582284">
    <ele>395</ele>
   </trkpt>
   <trkpt lat="2.0223996" lon="103.3581799">
    <ele>394</ele>
   </trkpt>
   <trkpt lat="2.0223991" lon="103.3581631">
    <ele>394</ele>
   </trkpt>
   <trkpt lat="2.0223985" lon="103.3581464">
    <ele>394</ele>
   </trkpt>
   <trkpt lat="2.0223979" lon="103.3581297">
    <ele>394</ele>
   </trkpt>
   <trkpt lat="2.0223952" lon="103.3580817">
    <ele>394</ele>
   </trkpt>
   <trkpt lat="2.0223943" lon="103.3580663">
    <ele>394</ele>
   </trkpt>
   <trkpt lat="2.0223934" lon="103.3580509">
    <ele>394</ele>
   </trkpt>
   <trkpt lat="2.0223925" lon="103.3580355">
    <ele>394</ele>
   </trkpt>
   <trkpt lat="2.0223915" lon="103.3579914">
    <ele>394</ele>
   </trkpt>
   <trkpt lat="2.0223929" lon="103.3579783">
    <ele>394</ele>
   </trkpt>
   <trkpt lat="2.0223943" lon="103.3579652">
    <ele>394</ele>
   </trkpt>
   <trkpt lat="2.0223958" lon="103.3579522">
    <ele>394</ele>
   </trkpt>
   <trkpt lat="2.0224036" lon="103.3579186">
    <ele>394</ele>
   </trkpt>
   <trkpt lat="2.0224061" lon="103.3579090">
    <ele>394</ele>
   </trkpt>
   <trkpt lat="2.0224086" lon="103.3578993">
    <ele>394</ele>
   </trkpt>
   <trkpt lat="2.0224112" lon="103.3578898">
    <ele>394</ele>
   </trkpt>
   <trkpt lat="2.0224205" lon="103.3578685">
    <ele>394</ele>
   </trkpt>
   <trkpt lat="2.0224232" lon="103.3578629">
    <ele>394</ele>
   </trkpt>
   <trkpt lat="2.0224261" lon="103.3578574">
    <ele>394</ele>
   </trkpt>
   <trkpt lat="2.0224289" lon="103.3578519">
    <ele>394</ele>
   </trkpt>
   <trkpt lat="2.0224361" lon="103.3578376">
    <ele>394</ele>
   </trkpt>
   <trkpt lat="2.0224384" lon="103.3578329">
    <ele>394</ele>
   </trkpt>
   <trkpt lat="2.0224407" lon="103.3578282">
    <ele>394</ele>
   </trkpt>
   <trkpt lat="2.0224431" lon="103.3578235">
    <ele>395</ele>
   </trkpt>
   <trkpt lat="2.0224478" lon="103.3578052">
    <ele>395</ele>
   </trkpt>
   <trkpt lat="2.0224505" lon="103.3577978">
    <ele>395</ele>
   </trkpt>
   <trkpt lat="2.0224532" lon="103.3577904">
    <ele>395</ele>
   </trkpt>
   <trkpt lat="2.0224559" lon="103.3577831">
    <ele>395</ele>
   </trkpt>
   <trkpt lat="2.0224647" lon="103.3577581">
    <ele>395</ele>
   </trkpt>
   <trkpt lat="2.0224687" lon="103.3577490">
    <ele>395</ele>
   </trkpt>
   <trkpt lat="2.0224726" lon="103.3577400">
    <ele>395</ele>
   </trkpt>
   <trkpt lat="2.0224768" lon="103.3577310">
    <ele>395</ele>
   </trkpt>
   <trkpt lat="2.0224908" lon="103.3577094">
    <ele>395</ele>
   </trkpt>
   <trkpt lat="2.0224969" lon="103.3577023">
    <ele>395</ele>
   </trkpt>
   <trkpt lat="2.0225030" lon="103.3576954">
    <ele>395</ele>
   </trkpt>
   <trkpt lat="2.0225092" lon="103.3576884">
    <ele>395</ele>
   </trkpt>
   <trkpt lat="2.0225241" lon="103.3576642">
    <ele>395</ele>
   </trkpt>
   <trkpt lat="2.0225281" lon="103.3576556">
    <ele>395</ele>
   </trkpt>
   <trkpt lat="2.0225322" lon="103.3576470">
    <ele>395</ele>
   </trkpt>
   <trkpt lat="2.0225363" lon="103.3576384">
    <ele>395</ele>
   </trkpt>
   <trkpt lat="2.0225409" lon="103.3576104">
    <ele>395</ele>
   </trkpt>
   <trkpt lat="2.0225432" lon="103.3576015">
    <ele>395</ele>
   </trkpt>
   <trkpt lat="2.0225455" lon="103.3575926">
    <ele>395</ele>
   </trkpt>
   <trkpt lat="2.0225479" lon="103.3575838">
    <ele>395</ele>
   </trkpt>
   <trkpt lat="2.0225555" lon="103.3575594">
    <ele>395</ele>
   </trkpt>
   <trkpt lat="2.0225573" lon="103.3575518">
    <ele>395</ele>
   </trkpt>
   <trkpt lat="2.0225591" lon="103.3575441">
    <ele>395</ele>
   </trkpt>
   <trkpt lat="2.0225610" lon="103.3575365">
    <ele>395</ele>
   </trkpt>
   <trkpt lat="2.0225667" lon="103.3575132">
    <ele>395</ele>
   </trkpt>
   <trkpt lat="2.0225690" lon="103.3575060">
    <ele>395</ele>
   </trkpt>
   <trkpt lat="2.0225713" lon="103.3574986">
    <ele>395</ele>
   </trkpt>
   <trkpt lat="2.0225737" lon="103.3574915">
    <ele>395</ele>
   </trkpt>
   <trkpt lat="2.0225817" lon="103.3574715">
    <ele>395</ele>
   </trkpt>
   <trkpt lat="2.0225844" lon="103.3574632">
    <ele>395</ele>
   </trkpt>
   <trkpt lat="2.0225871" lon="103.3574548">
    <ele>395</ele>
   </trkpt>
   <trkpt lat="2.0225900" lon="103.3574466">
    <ele>395</ele>
   </trkpt>
   <trkpt lat="2.0225972" lon="103.3574131">
    <ele>394</ele>
   </trkpt>
   <trkpt lat="2.0225993" lon="103.3573985">
    <ele>394</ele>
   </trkpt>
   <trkpt lat="2.0226015" lon="103.3573840">
    <ele>394</ele>
   </trkpt>
   <trkpt lat="2.0226037" lon="103.3573695">
    <ele>394</ele>
   </trkpt>
   <trkpt lat="2.0226095" lon="103.3573198">
    <ele>393</ele>
   </trkpt>
   <trkpt lat="2.0226113" lon="103.3573039">
    <ele>393</ele>
   </trkpt>
   <trkpt lat="2.0226132" lon="103.3572881">
    <ele>393</ele>
   </trkpt>
   <trkpt lat="2.0226151" lon="103.3572723">
    <ele>393</ele>
   </trkpt>
   <trkpt lat="2.0226221" lon="103.3572267">
    <ele>392</ele>
   </trkpt>
   <trkpt lat="2.0226219" lon="103.3572130">
    <ele>392</ele>
   </trkpt>
   <trkpt lat="2.0226217" lon="103.3571993">
    <ele>392</ele>
   </trkpt>
   <trkpt lat="2.0226216" lon="103.3571855">
    <ele>392</ele>
   </trkpt>
   <trkpt lat="2.0226051" lon="103.3571461">
    <ele>391</ele>
   </trkpt>
   <trkpt lat="2.0225968" lon="103.3571336">
    <ele>391</ele>
   </trkpt>
   <trkpt lat="2.0225885" lon="103.3571212">
    <ele>390</ele>
   </trkpt>
   <trkpt lat="2.0225802" lon="103.3571088">
    <ele>390</ele>
   </trkpt>
   <trkpt lat="2.0225489" lon="103.3570737">
    <ele>389</ele>
   </trkpt>
   <trkpt lat="2.0225337" lon="103.3570635">
    <ele>389</ele>
   </trkpt>
   <trkpt lat="2.0225186" lon="103.3570533">
    <ele>388</ele>
   </trkpt>
   <trkpt lat="2.0225035" lon="103.3570432">
    <ele>388</ele>
   </trkpt>
   <trkpt lat="2.0224549" lon="103.3570154">
    <ele>387</ele>
   </trkpt>
   <trkpt lat="2.0224402" lon="103.3570062">
    <ele>386</ele>
   </trkpt>
   <trkpt lat="2.0224255" lon="103.3569970">
    <ele>385</ele>
   </trkpt>
   <trkpt lat="2.0224109" lon="103.3569878">
    <ele>385</ele>
   </trkpt>
   <trkpt lat="2.0223690" lon="103.3569571">
    <ele>384</ele>
   </trkpt>
   <trkpt lat="2.0223549" lon="103.3569456">
    <ele>384</ele>
   </trkpt>
   <trkpt lat="2.0223409" lon="103.3569341">
    <ele>384</ele>
   </trkpt>
   <trkpt lat="2.0223269" lon="103.3569227">
    <ele>384</ele>
   </trkpt>
   <trkpt lat="2.0222839" lon="103.3568898">
    <ele>383</ele>
   </trkpt>
   <trkpt lat="2.0222689" lon="103.3568799">
    <ele>383</ele>
   </trkpt>
   <trkpt lat="2.0222540" lon="103.3568701">
    <ele>382</ele>
   </trkpt>
   <trkpt lat="2.0222391" lon="103.3568602">
    <ele>382</ele>
   </trkpt>
   <trkpt lat="2.0221928" lon="103.3568322">
    <ele>381</ele>
   </trkpt>
   <trkpt lat="2.0221787" lon="103.3568221">
    <ele>381</ele>
   </trkpt>
   <trkpt lat="2.0221646" lon="103.3568121">
    <ele>381</ele>
   </trkpt>
   <trkpt lat="2.0221505" lon="103.3568021">
    <ele>381</ele>
   </trkpt>
   <trkpt lat="2.0221155" lon="103.3567738">
    <ele>380</ele>
   </trkpt>
   <trkpt lat="2.0221036" lon="103.3567657">
    <ele>380</ele>
   </trkpt>
   <trkpt lat="2.0220917" lon="103.3567577">
    <ele>380</ele>
   </trkpt>
   <trkpt lat="2.0220798" lon="103.3567497">
    <ele>380</ele>
   </trkpt>
   <trkpt lat="2.0220414" lon="103.3567197">
    <ele>379</ele>
   </trkpt>
   <trkpt lat="2.0220273" lon="103.3567078">
    <ele>379</ele>
   </trkpt>
   <trkpt lat="2.0220132" lon="103.3566959">
    <ele>379</ele>
   </trkpt>
   <trkpt lat="2.0219993" lon="103.3566840">
    <ele>379</ele>
   </trkpt>
   <trkpt lat="2.0219534" lon="103.3566435">
    <ele>378</ele>
   </trkpt>
   <trkpt lat="2.0219381" lon="103.3566292">
    <ele>378</ele>
   </trkpt>
   <trkpt lat="2.0219228" lon="103.3566149">
    <ele>378</ele>
   </trkpt>
   <trkpt lat="2.0219076" lon="103.3566007">
    <ele>378</ele>
   </trkpt>
   <trkpt lat="2.0218653" lon="103.3565601">
    <ele>378</ele>
   </trkpt>
   <trkpt lat="2.0218533" lon="103.3565467">
    <ele>378</ele>
   </trkpt>
   <trkpt lat="2.0218413" lon="103.3565334">
    <ele>378</ele>
   </trkpt>
   <trkpt lat="2.0218293" lon="103.3565201">
    <ele>378</ele>
   </trkpt>
   <trkpt lat="2.0217990" lon="103.3564769">
    <ele>377</ele>
   </trkpt>
   <trkpt lat="2.0217910" lon="103.3564622">
    <ele>377</ele>
   </trkpt>
   <trkpt lat="2.0217830" lon="103.3564476">
    <ele>377</ele>
   </trkpt>
   <trkpt lat="2.0217751" lon="103.3564330">
    <ele>377</ele>
   </trkpt>
   <trkpt lat="2.0217493" lon="103.3563966">
    <ele>377</ele>
   </trkpt>
   <trkpt lat="2.0217380" lon="103.3563858">
    <ele>377</ele>
   </trkpt>
   <trkpt lat="2.0217267" lon="103.3563750">
    <ele>377</ele>
   </trkpt>
   <trkpt lat="2.0217155" lon="103.3563644">
    <ele>377</ele>
   </trkpt>
   <trkpt lat="2.0216781" lon="103.3563312">
    <ele>376</ele>
   </trkpt>
   <trkpt lat="2.0216670" lon="103.3563230">
    <ele>376</ele>
   </trkpt>
   <trkpt lat="2.0216559" lon="103.3563147">
    <ele>376</ele>
   </trkpt>
   <trkpt lat="2.0216449" lon="103.3563065">
    <ele>376</ele>
   </trkpt>
   <trkpt lat="2.0216154" lon="103.3562936">
    <ele>376</ele>
   </trkpt>
   <trkpt lat="2.0216076" lon="103.3562908">
    <ele>376</ele>
   </trkpt>
   <trkpt lat="2.0215997" lon="103.3562880">
    <ele>376</ele>
   </trkpt>
   <trkpt lat="2.0215918" lon="103.3562853">
    <ele>376</ele>
   </trkpt>
   <trkpt lat="2.0215745" lon="103.3562758">
    <ele>376</ele>
   </trkpt>
   <trkpt lat="2.0215704" lon="103.3562709">
    <ele>376</ele>
   </trkpt>
   <trkpt lat="2.0215663" lon="103.3562660">
    <ele>376</ele>
   </trkpt>
   <trkpt lat="2.0215622" lon="103.3562612">
    <ele>376</ele>
   </trkpt>
   <trkpt lat="2.0215541" lon="103.3562441">
    <ele>376</ele>
   </trkpt>
   <trkpt lat="2.0215616" lon="103.3562375">
    <ele>376</ele>
   </trkpt>
   <trkpt lat="2.0215712" lon="103.3562330">
    <ele>376</ele>
   </trkpt>
   <trkpt lat="2.0215621" lon="103.3562327">
    <ele>378</ele>
   </trkpt>
   <trkpt lat="2.0215465" lon="103.3562293">
    <ele>378</ele>
   </trkpt>
   <trkpt lat="2.0215248" lon="103.3562244">
    <ele>378</ele>
   </trkpt>
   <trkpt lat="2.0215182" lon="103.3562223">
    <ele>378</ele>
   </trkpt>
   <trkpt lat="2.0215116" lon="103.3562204">
    <ele>378</ele>
   </trkpt>
   <trkpt lat="2.0215051" lon="103.3562184">
    <ele>378</ele>
   </trkpt>
   <trkpt lat="2.0214748" lon="103.3562063">
    <ele>378</ele>
   </trkpt>
   <trkpt lat="2.0214603" lon="103.3561996">
    <ele>378</ele>
   </trkpt>
   <trkpt lat="2.0214458" lon="103.3561929">
    <ele>378</ele>
   </trkpt>
   <trkpt lat="2.0214314" lon="103.3561863">
    <ele>378</ele>
   </trkpt>
   <trkpt lat="2.0213743" lon="103.3561648">
    <ele>378</ele>
   </trkpt>
   <trkpt lat="2.0213538" lon="103.3561583">
    <ele>378</ele>
   </trkpt>
   <trkpt lat="2.0213333" lon="103.3561519">
    <ele>378</ele>
   </trkpt>
   <trkpt lat="2.0213129" lon="103.3561455">
    <ele>378</ele>
   </trkpt>
   <trkpt lat="2.0212542" lon="103.3561260">
    <ele>378</ele>
   </trkpt>
   <trkpt lat="2.0212371" lon="103.3561217">
    <ele>379</ele>
   </trkpt>
   <trkpt lat="2.0212200" lon="103.3561174">
    <ele>378</ele>
   </trkpt>
   <trkpt lat="2.0212030" lon="103.3561132">
    <ele>378</ele>
   </trkpt>
   <trkpt lat="2.0211551" lon="103.3560975">
    <ele>378</ele>
   </trkpt>
   <trkpt lat="2.0211394" lon="103.3560889">
    <ele>378</ele>
   </trkpt>
   <trkpt lat="2.0211237" lon="103.3560804">
    <ele>378</ele>
   </trkpt>
   <trkpt lat="2.0211080" lon="103.3560719">
    <ele>378</ele>
   </trkpt>
   <trkpt lat="2.0210742" lon="103.3560405">
    <ele>378</ele>
   </trkpt>
   <trkpt lat="2.0210667" lon="103.3560308">
    <ele>379</ele>
   </trkpt>
   <trkpt lat="2.0210593" lon="103.3560213">
    <ele>379</ele>
   </trkpt>
   <trkpt lat="2.0210518" lon="103.3560117">
    <ele>379</ele>
   </trkpt>
   <trkpt lat="2.0210467" lon="103.3560043">
    <ele>379</ele>
   </trkpt>
   <trkpt lat="2.0210415" lon="103.3559968">
    <ele>379</ele>
   </trkpt>
   <trkpt lat="2.0210363" lon="103.3559896">
    <ele>379</ele>
   </trkpt>
   <trkpt lat="2.0210228" lon="103.3559782">
    <ele>379</ele>
   </trkpt>
   <trkpt lat="2.0210185" lon="103.3559739">
    <ele>379</ele>
   </trkpt>
   <trkpt lat="2.0210142" lon="103.3559696">
    <ele>380</ele>
   </trkpt>
   <trkpt lat="2.0210099" lon="103.3559653">
    <ele>380</ele>
   </trkpt>
   <trkpt lat="2.0209981" lon="103.3559457">
    <ele>380</ele>
   </trkpt>
   <trkpt lat="2.0209951" lon="103.3559395">
    <ele>380</ele>
   </trkpt>
   <trkpt lat="2.0209921" lon="103.3559334">
    <ele>380</ele>
   </trkpt>
   <trkpt lat="2.0209893" lon="103.3559273">
    <ele>380</ele>
   </trkpt>
   <trkpt lat="2.0209851" lon="103.3559176">
    <ele>380</ele>
   </trkpt>
   <trkpt lat="2.0209834" lon="103.3559134">
    <ele>380</ele>
   </trkpt>
   <trkpt lat="2.0209818" lon="103.3559092">
    <ele>381</ele>
   </trkpt>
   <trkpt lat="2.0209802" lon="103.3559050">
    <ele>381</ele>
   </trkpt>
   <trkpt lat="2.0209786" lon="103.3559009">
    <ele>381</ele>
   </trkpt>
   <trkpt lat="2.0209758" lon="103.3558862">
    <ele>381</ele>
   </trkpt>
   <trkpt lat="2.0209745" lon="103.3558803">
    <ele>381</ele>
   </trkpt>
   <trkpt lat="2.0209731" lon="103.3558745">
    <ele>381</ele>
   </trkpt>
   <trkpt lat="2.0209719" lon="103.3558687">
    <ele>381</ele>
   </trkpt>
   <trkpt lat="2.0209642" lon="103.3558490">
    <ele>381</ele>
   </trkpt>
   <trkpt lat="2.0209616" lon="103.3558431">
    <ele>382</ele>
   </trkpt>
   <trkpt lat="2.0209590" lon="103.3558372">
    <ele>382</ele>
   </trkpt>
   <trkpt lat="2.0209566" lon="103.3558314">
    <ele>382</ele>
   </trkpt>
   <trkpt lat="2.0209509" lon="103.3558150">
    <ele>382</ele>
   </trkpt>
   <trkpt lat="2.0209500" lon="103.3558081">
    <ele>382</ele>
   </trkpt>
   <trkpt lat="2.0209491" lon="103.3558012">
    <ele>382</ele>
   </trkpt>
   <trkpt lat="2.0209483" lon="103.3557943">
    <ele>382</ele>
   </trkpt>
   <trkpt lat="2.0209563" lon="103.3557694">
    <ele>382</ele>
   </trkpt>
   <trkpt lat="2.0209602" lon="103.3557639">
    <ele>383</ele>
   </trkpt>
   <trkpt lat="2.0209642" lon="103.3557584">
    <ele>383</ele>
   </trkpt>
   <trkpt lat="2.0209681" lon="103.3557530">
    <ele>383</ele>
   </trkpt>
   <trkpt lat="2.0209721" lon="103.3557476">
    <ele>383</ele>
   </trkpt>
   <trkpt lat="2.0209869" lon="103.3557307">
    <ele>383</ele>
   </trkpt>
   <trkpt lat="2.0209908" lon="103.3557239">
    <ele>383</ele>
   </trkpt>
   <trkpt lat="2.0209948" lon="103.3557171">
    <ele>383</ele>
   </trkpt>
   <trkpt lat="2.0209988" lon="103.3557104">
    <ele>383</ele>
   </trkpt>
   <trkpt lat="2.0210092" lon="103.3556888">
    <ele>383</ele>
   </trkpt>
   <trkpt lat="2.0210128" lon="103.3556687">
    <ele>384</ele>
   </trkpt>
   <trkpt lat="2.0210081" lon="103.3556509">
    <ele>384</ele>
   </trkpt>
   <trkpt lat="2.0210069" lon="103.3556452">
    <ele>385</ele>
   </trkpt>
   <trkpt lat="2.0210057" lon="103.3556395">
    <ele>385</ele>
   </trkpt>
   <trkpt lat="2.0210045" lon="103.3556339">
    <ele>385</ele>
   </trkpt>
   <trkpt lat="2.0210052" lon="103.3556168">
    <ele>385</ele>
   </trkpt>
   <trkpt lat="2.0210059" lon="103.3556135">
    <ele>385</ele>
   </trkpt>
   <trkpt lat="2.0210066" lon="103.3556103">
    <ele>385</ele>
   </trkpt>
   <trkpt lat="2.0210073" lon="103.3556071">
    <ele>385</ele>
   </trkpt>
   <trkpt lat="2.0210121" lon="103.3555914">
    <ele>387</ele>
   </trkpt>
   <trkpt lat="2.0210168" lon="103.3555709">
    <ele>387</ele>
   </trkpt>
   <trkpt lat="2.0210166" lon="103.3555659">
    <ele>387</ele>
   </trkpt>
   <trkpt lat="2.0210164" lon="103.3555610">
    <ele>387</ele>
   </trkpt>
   <trkpt lat="2.0210162" lon="103.3555561">
    <ele>387</ele>
   </trkpt>
   <trkpt lat="2.0210163" lon="103.3555518">
    <ele>387</ele>
   </trkpt>
   <trkpt lat="2.0210165" lon="103.3555475">
    <ele>387</ele>
   </trkpt>
   <trkpt lat="2.0210167" lon="103.3555432">
    <ele>387</ele>
   </trkpt>
   <trkpt lat="2.0210198" lon="103.3555335">
    <ele>388</ele>
   </trkpt>
   <trkpt lat="2.0210219" lon="103.3555307">
    <ele>388</ele>
   </trkpt>
   <trkpt lat="2.0210240" lon="103.3555279">
    <ele>388</ele>
   </trkpt>
   <trkpt lat="2.0210261" lon="103.3555251">
    <ele>388</ele>
   </trkpt>
   <trkpt lat="2.0210274" lon="103.3555230">
    <ele>389</ele>
   </trkpt>
   <trkpt lat="2.0210287" lon="103.3555209">
    <ele>389</ele>
   </trkpt>
   <trkpt lat="2.0210301" lon="103.3555189">
    <ele>389</ele>
   </trkpt>
   <trkpt lat="2.0210314" lon="103.3555168">
    <ele>389</ele>
   </trkpt>
   <trkpt lat="2.0210328" lon="103.3555148">
    <ele>389</ele>
   </trkpt>
   <trkpt lat="2.0210370" lon="103.3555030">
    <ele>389</ele>
   </trkpt>
   <trkpt lat="2.0210391" lon="103.3554979">
    <ele>389</ele>
   </trkpt>
   <trkpt lat="2.0210412" lon="103.3554929">
    <ele>389</ele>
   </trkpt>
   <trkpt lat="2.0210434" lon="103.3554879">
    <ele>390</ele>
   </trkpt>
   <trkpt lat="2.0210422" lon="103.3554756">
    <ele>391</ele>
   </trkpt>
   <trkpt lat="2.0210341" lon="103.3554591">
    <ele>391</ele>
   </trkpt>
   <trkpt lat="2.0210294" lon="103.3554544">
    <ele>391</ele>
   </trkpt>
   <trkpt lat="2.0210247" lon="103.3554499">
    <ele>391</ele>
   </trkpt>
   <trkpt lat="2.0210200" lon="103.3554453">
    <ele>391</ele>
   </trkpt>
   <trkpt lat="2.0210021" lon="103.3554314">
    <ele>391</ele>
   </trkpt>
   <trkpt lat="2.0209961" lon="103.3554272">
    <ele>392</ele>
   </trkpt>
   <trkpt lat="2.0209901" lon="103.3554231">
    <ele>392</ele>
   </trkpt>
   <trkpt lat="2.0209842" lon="103.3554190">
    <ele>392</ele>
   </trkpt>
   <trkpt lat="2.0209668" lon="103.3554094">
    <ele>392</ele>
   </trkpt>
   <trkpt lat="2.0209638" lon="103.3554077">
    <ele>392</ele>
   </trkpt>
   <trkpt lat="2.0209609" lon="103.3554060">
    <ele>392</ele>
   </trkpt>
   <trkpt lat="2.0209579" lon="103.3554043">
    <ele>392</ele>
   </trkpt>
   <trkpt lat="2.0209446" lon="103.3553934">
    <ele>392</ele>
   </trkpt>
   <trkpt lat="2.0209407" lon="103.3553892">
    <ele>393</ele>
   </trkpt>
   <trkpt lat="2.0209368" lon="103.3553850">
    <ele>393</ele>
   </trkpt>
   <trkpt lat="2.0209330" lon="103.3553809">
    <ele>393</ele>
   </trkpt>
   <trkpt lat="2.0209196" lon="103.3553682">
    <ele>393</ele>
   </trkpt>
   <trkpt lat="2.0209156" lon="103.3553644">
    <ele>393</ele>
   </trkpt>
   <trkpt lat="2.0209117" lon="103.3553608">
    <ele>393</ele>
   </trkpt>
   <trkpt lat="2.0209077" lon="103.3553572">
    <ele>393</ele>
   </trkpt>
   <trkpt lat="2.0209039" lon="103.3553536">
    <ele>393</ele>
   </trkpt>
   <trkpt lat="2.0208892" lon="103.3553406">
    <ele>394</ele>
   </trkpt>
   <trkpt lat="2.0208869" lon="103.3553381">
    <ele>394</ele>
   </trkpt>
   <trkpt lat="2.0208847" lon="103.3553357">
    <ele>394</ele>
   </trkpt>
   <trkpt lat="2.0208825" lon="103.3553333">
    <ele>394</ele>
   </trkpt>
   <trkpt lat="2.0208689" lon="103.3553157">
    <ele>397</ele>
   </trkpt>
   <trkpt lat="2.0208526" lon="103.3552888">
    <ele>400</ele>
   </trkpt>
   <trkpt lat="2.0208288" lon="103.3552626">
    <ele>405</ele>
   </trkpt>
   <trkpt lat="2.0208065" lon="103.3552316">
    <ele>407</ele>
   </trkpt>
   <trkpt lat="2.0207806" lon="103.3551948">
    <ele>407</ele>
   </trkpt>
   <trkpt lat="2.0207758" lon="103.3551875">
    <ele>407</ele>
   </trkpt>
   <trkpt lat="2.0207710" lon="103.3551803">
    <ele>407</ele>
   </trkpt>
   <trkpt lat="2.0207662" lon="103.3551731">
    <ele>407</ele>
   </trkpt>
   <trkpt lat="2.0207557" lon="103.3551561">
    <ele>408</ele>
   </trkpt>
   <trkpt lat="2.0207426" lon="103.3551425">
    <ele>410</ele>
   </trkpt>
   <trkpt lat="2.0207300" lon="103.3551243">
    <ele>410</ele>
   </trkpt>
   <trkpt lat="2.0207110" lon="103.3551105">
    <ele>419</ele>
   </trkpt>
   <trkpt lat="2.0206947" lon="103.3550980">
    <ele>421</ele>
   </trkpt>
   <trkpt lat="2.0206736" lon="103.3550800">
    <ele>421</ele>
   </trkpt>
   <trkpt lat="2.0206510" lon="103.3550683">
    <ele>425</ele>
   </trkpt>
   <trkpt lat="2.0206335" lon="103.3550583">
    <ele>425</ele>
   </trkpt>
   <trkpt lat="2.0206157" lon="103.3550351">
    <ele>430</ele>
   </trkpt>
   <trkpt lat="2.0205997" lon="103.3550102">
    <ele>430</ele>
   </trkpt>
   <trkpt lat="2.0205859" lon="103.3549901">
    <ele>433</ele>
   </trkpt>
   <trkpt lat="2.0205752" lon="103.3549726">
    <ele>433</ele>
   </trkpt>
   <trkpt lat="2.0205629" lon="103.3549477">
    <ele>435</ele>
   </trkpt>
   <trkpt lat="2.0205515" lon="103.3549270">
    <ele>435</ele>
   </trkpt>
   <trkpt lat="2.0205372" lon="103.3549096">
    <ele>439</ele>
   </trkpt>
   <trkpt lat="2.0205263" lon="103.3548956">
    <ele>439</ele>
   </trkpt>
   <trkpt lat="2.0205239" lon="103.3548926">
    <ele>440</ele>
   </trkpt>
   <trkpt lat="2.0205239" lon="103.3549012">
    <ele>440</ele>
   </trkpt>
   <trkpt lat="2.0205213" lon="103.3549027">
    <ele>440</ele>
   </trkpt>
   <trkpt lat="2.0205188" lon="103.3549041">
    <ele>441</ele>
   </trkpt>
   <trkpt lat="2.0205162" lon="103.3549057">
    <ele>441</ele>
   </trkpt>
   <trkpt lat="2.0205137" lon="103.3549072">
    <ele>441</ele>
   </trkpt>
   <trkpt lat="2.0205112" lon="103.3549088">
    <ele>441</ele>
   </trkpt>
   <trkpt lat="2.0204973" lon="103.3549107">
    <ele>441</ele>
   </trkpt>
   <trkpt lat="2.0204782" lon="103.3548998">
    <ele>445</ele>
   </trkpt>
   <trkpt lat="2.0204616" lon="103.3548871">
    <ele>445</ele>
   </trkpt>
   <trkpt lat="2.0204516" lon="103.3548722">
    <ele>446</ele>
   </trkpt>
   <trkpt lat="2.0204439" lon="103.3548581">
    <ele>446</ele>
   </trkpt>
   <trkpt lat="2.0204412" lon="103.3548539">
    <ele>446</ele>
   </trkpt>
   <trkpt lat="2.0204385" lon="103.3548497">
    <ele>446</ele>
   </trkpt>
   <trkpt lat="2.0204359" lon="103.3548456">
    <ele>447</ele>
   </trkpt>
   <trkpt lat="2.0204294" lon="103.3548326">
    <ele>450</ele>
   </trkpt>
   <trkpt lat="2.0204200" lon="103.3548176">
    <ele>450</ele>
   </trkpt>
   <trkpt lat="2.0204009" lon="103.3547981">
    <ele>453</ele>
   </trkpt>
   <trkpt lat="2.0203812" lon="103.3547820">
    <ele>456</ele>
   </trkpt>
   <trkpt lat="2.0203580" lon="103.3547615">
    <ele>456</ele>
   </trkpt>
   <trkpt lat="2.0203325" lon="103.3547358">
    <ele>459</ele>
   </trkpt>
   <trkpt lat="2.0203088" lon="103.3547113">
    <ele>459</ele>
   </trkpt>
   <trkpt lat="2.0203048" lon="103.3547059">
    <ele>459</ele>
   </trkpt>
   <trkpt lat="2.0203007" lon="103.3547005">
    <ele>459</ele>
   </trkpt>
   <trkpt lat="2.0202968" lon="103.3546951">
    <ele>460</ele>
   </trkpt>
   <trkpt lat="2.0202929" lon="103.3546898">
    <ele>460</ele>
   </trkpt>
   <trkpt lat="2.0202805" lon="103.3546721">
    <ele>460</ele>
   </trkpt>
   <trkpt lat="2.0202684" lon="103.3546530">
    <ele>465</ele>
   </trkpt>
   <trkpt lat="2.0202652" lon="103.3546482">
    <ele>465</ele>
   </trkpt>
   <trkpt lat="2.0202619" lon="103.3546437">
    <ele>465</ele>
   </trkpt>
   <trkpt lat="2.0202588" lon="103.3546391">
    <ele>466</ele>
   </trkpt>
   <trkpt lat="2.0202427" lon="103.3546165">
    <ele>466</ele>
   </trkpt>
   <trkpt lat="2.0202271" lon="103.3545927">
    <ele>467</ele>
   </trkpt>
   <trkpt lat="2.0202135" lon="103.3545743">
    <ele>467</ele>
   </trkpt>
   <trkpt lat="2.0202102" lon="103.3545700">
    <ele>467</ele>
   </trkpt>
   <trkpt lat="2.0202068" lon="103.3545657">
    <ele>467</ele>
   </trkpt>
   <trkpt lat="2.0202036" lon="103.3545615">
    <ele>468</ele>
   </trkpt>
   <trkpt lat="2.0201968" lon="103.3545472">
    <ele>468</ele>
   </trkpt>
   <trkpt lat="2.0201915" lon="103.3545351">
    <ele>471</ele>
   </trkpt>
   <trkpt lat="2.0201817" lon="103.3545202">
    <ele>471</ele>
   </trkpt>
   <trkpt lat="2.0201793" lon="103.3545180">
    <ele>471</ele>
   </trkpt>
   <trkpt lat="2.0201770" lon="103.3545158">
    <ele>471</ele>
   </trkpt>
   <trkpt lat="2.0201746" lon="103.3545137">
    <ele>472</ele>
   </trkpt>
   <trkpt lat="2.0201723" lon="103.3545115">
    <ele>472</ele>
   </trkpt>
   <trkpt lat="2.0201699" lon="103.3545094">
    <ele>472</ele>
   </trkpt>
   <trkpt lat="2.0201595" lon="103.3545003">
    <ele>472</ele>
   </trkpt>
   <trkpt lat="2.0201568" lon="103.3544961">
    <ele>472</ele>
   </trkpt>
   <trkpt lat="2.0201541" lon="103.3544919">
    <ele>472</ele>
   </trkpt>
   <trkpt lat="2.0201515" lon="103.3544879">
    <ele>472</ele>
   </trkpt>
   <trkpt lat="2.0201440" lon="103.3544784">
    <ele>475</ele>
   </trkpt>
   <trkpt lat="2.0201324" lon="103.3544643">
    <ele>475</ele>
   </trkpt>
   <trkpt lat="2.0201296" lon="103.3544611">
    <ele>475</ele>
   </trkpt>
   <trkpt lat="2.0201268" lon="103.3544579">
    <ele>475</ele>
   </trkpt>
   <trkpt lat="2.0201240" lon="103.3544548">
    <ele>475</ele>
   </trkpt>
   <trkpt lat="2.0201213" lon="103.3544518">
    <ele>475</ele>
   </trkpt>
   <trkpt lat="2.0201117" lon="103.3544414">
    <ele>476</ele>
   </trkpt>
   <trkpt lat="2.0201079" lon="103.3544384">
    <ele>476</ele>
   </trkpt>
   <trkpt lat="2.0201041" lon="103.3544353">
    <ele>476</ele>
   </trkpt>
   <trkpt lat="2.0201004" lon="103.3544323">
    <ele>476</ele>
   </trkpt>
   <trkpt lat="2.0200870" lon="103.3544217">
    <ele>477</ele>
   </trkpt>
   <trkpt lat="2.0200847" lon="103.3544196">
    <ele>477</ele>
   </trkpt>
   <trkpt lat="2.0200824" lon="103.3544175">
    <ele>477</ele>
   </trkpt>
   <trkpt lat="2.0200802" lon="103.3544155">
    <ele>477</ele>
   </trkpt>
   <trkpt lat="2.0200687" lon="103.3544073">
    <ele>478</ele>
   </trkpt>
   <trkpt lat="2.0200641" lon="103.3544045">
    <ele>478</ele>
   </trkpt>
   <trkpt lat="2.0200596" lon="103.3544017">
    <ele>478</ele>
   </trkpt>
   <trkpt lat="2.0200551" lon="103.3543990">
    <ele>478</ele>
   </trkpt>
   <trkpt lat="2.0200372" lon="103.3543890">
    <ele>479</ele>
   </trkpt>
   <trkpt lat="2.0200309" lon="103.3543855">
    <ele>479</ele>
   </trkpt>
   <trkpt lat="2.0200246" lon="103.3543820">
    <ele>479</ele>
   </trkpt>
   <trkpt lat="2.0200183" lon="103.3543785">
    <ele>479</ele>
   </trkpt>
   <trkpt lat="2.0200025" lon="103.3543675">
    <ele>479</ele>
   </trkpt>
   <trkpt lat="2.0199982" lon="103.3543643">
    <ele>479</ele>
   </trkpt>
   <trkpt lat="2.0199940" lon="103.3543611">
    <ele>479</ele>
   </trkpt>
   <trkpt lat="2.0199898" lon="103.3543579">
    <ele>479</ele>
   </trkpt>
   <trkpt lat="2.0199764" lon="103.3543465">
    <ele>480</ele>
   </trkpt>
   <trkpt lat="2.0199710" lon="103.3543419">
    <ele>480</ele>
   </trkpt>
   <trkpt lat="2.0199657" lon="103.3543373">
    <ele>480</ele>
   </trkpt>
   <trkpt lat="2.0199604" lon="103.3543327">
    <ele>480</ele>
   </trkpt>
   <trkpt lat="2.0199447" lon="103.3543198">
    <ele>481</ele>
   </trkpt>
   <trkpt lat="2.0199389" lon="103.3543156">
    <ele>481</ele>
   </trkpt>
   <trkpt lat="2.0199331" lon="103.3543114">
    <ele>481</ele>
   </trkpt>
   <trkpt lat="2.0199273" lon="103.3543073">
    <ele>481</ele>
   </trkpt>
   <trkpt lat="2.0199264" lon="103.3542961">
    <ele>481</ele>
   </trkpt>
   <trkpt lat="2.0199379" lon="103.3542951">
    <ele>482</ele>
   </trkpt>
   <trkpt lat="2.0199429" lon="103.3542979">
    <ele>482</ele>
   </trkpt>
   <trkpt lat="2.0199479" lon="103.3543008">
    <ele>482</ele>
   </trkpt>
   <trkpt lat="2.0199530" lon="103.3543037">
    <ele>482</ele>
   </trkpt>
   <trkpt lat="2.0199723" lon="103.3543203">
    <ele>482</ele>
   </trkpt>
   <trkpt lat="2.0199803" lon="103.3543256">
    <ele>481</ele>
   </trkpt>
   <trkpt lat="2.0199913" lon="103.3543294">
    <ele>481</ele>
   </trkpt>
   <trkpt lat="2.0199952" lon="103.3543292">
    <ele>481</ele>
   </trkpt>
   <trkpt lat="2.0199991" lon="103.3543290">
    <ele>481</ele>
   </trkpt>
   <trkpt lat="2.0200031" lon="103.3543289">
    <ele>481</ele>
   </trkpt>
   <trkpt lat="2.0200173" lon="103.3543206">
    <ele>481</ele>
   </trkpt>
   <trkpt lat="2.0200252" lon="103.3543168">
    <ele>481</ele>
   </trkpt>
   <trkpt lat="2.0200331" lon="103.3543130">
    <ele>480</ele>
   </trkpt>
   <trkpt lat="2.0200410" lon="103.3543093">
    <ele>480</ele>
   </trkpt>
   <trkpt lat="2.0200705" lon="103.3542975">
    <ele>480</ele>
   </trkpt>
   <trkpt lat="2.0200808" lon="103.3542929">
    <ele>480</ele>
   </trkpt>
   <trkpt lat="2.0200912" lon="103.3542882">
    <ele>479</ele>
   </trkpt>
   <trkpt lat="2.0201016" lon="103.3542837">
    <ele>479</ele>
   </trkpt>
   <trkpt lat="2.0201370" lon="103.3542677">
    <ele>479</ele>
   </trkpt>
   <trkpt lat="2.0201487" lon="103.3542597">
    <ele>479</ele>
   </trkpt>
   <trkpt lat="2.0201604" lon="103.3542517">
    <ele>478</ele>
   </trkpt>
   <trkpt lat="2.0201721" lon="103.3542437">
    <ele>478</ele>
   </trkpt>
   <trkpt lat="2.0202051" lon="103.3542158">
    <ele>477</ele>
   </trkpt>
   <trkpt lat="2.0202152" lon="103.3542089">
    <ele>477</ele>
   </trkpt>
   <trkpt lat="2.0202253" lon="103.3542021">
    <ele>476</ele>
   </trkpt>
   <trkpt lat="2.0202355" lon="103.3541953">
    <ele>476</ele>
   </trkpt>
   <trkpt lat="2.0202617" lon="103.3541778">
    <ele>476</ele>
   </trkpt>
   <trkpt lat="2.0202720" lon="103.3541701">
    <ele>476</ele>
   </trkpt>
   <trkpt lat="2.0202823" lon="103.3541625">
    <ele>475</ele>
   </trkpt>
   <trkpt lat="2.0202926" lon="103.3541549">
    <ele>475</ele>
   </trkpt>
   <trkpt lat="2.0203348" lon="103.3541253">
    <ele>474</ele>
   </trkpt>
   <trkpt lat="2.0203508" lon="103.3541168">
    <ele>474</ele>
   </trkpt>
   <trkpt lat="2.0203668" lon="103.3541082">
    <ele>473</ele>
   </trkpt>
   <trkpt lat="2.0203828" lon="103.3540998">
    <ele>473</ele>
   </trkpt>
   <trkpt lat="2.0204310" lon="103.3540799">
    <ele>473</ele>
   </trkpt>
   <trkpt lat="2.0204450" lon="103.3540763">
    <ele>473</ele>
   </trkpt>
   <trkpt lat="2.0204589" lon="103.3540728">
    <ele>473</ele>
   </trkpt>
   <trkpt lat="2.0204730" lon="103.3540693">
    <ele>473</ele>
   </trkpt>
   <trkpt lat="2.0205156" lon="103.3540588">
    <ele>473</ele>
   </trkpt>
   <trkpt lat="2.0205308" lon="103.3540545">
    <ele>473</ele>
   </trkpt>
   <trkpt lat="2.0205462" lon="103.3540502">
    <ele>473</ele>
   </trkpt>
   <trkpt lat="2.0205616" lon="103.3540459">
    <ele>473</ele>
   </trkpt>
   <trkpt lat="2.0206094" lon="103.3540251">
    <ele>473</ele>
   </trkpt>
   <trkpt lat="2.0206250" lon="103.3540167">
    <ele>473</ele>
   </trkpt>
   <trkpt lat="2.0206406" lon="103.3540083">
    <ele>473</ele>
   </trkpt>
   <trkpt lat="2.0206562" lon="103.3540000">
    <ele>473</ele>
   </trkpt>
   <trkpt lat="2.0207039" lon="103.3539781">
    <ele>473</ele>
   </trkpt>
   <trkpt lat="2.0207183" lon="103.3539708">
    <ele>473</ele>
   </trkpt>
   <trkpt lat="2.0207327" lon="103.3539637">
    <ele>472</ele>
   </trkpt>
   <trkpt lat="2.0207472" lon="103.3539566">
    <ele>472</ele>
   </trkpt>
   <trkpt lat="2.0207878" lon="103.3539363">
    <ele>472</ele>
   </trkpt>
   <trkpt lat="2.0208021" lon="103.3539297">
    <ele>472</ele>
   </trkpt>
   <trkpt lat="2.0208165" lon="103.3539231">
    <ele>471</ele>
   </trkpt>
   <trkpt lat="2.0208309" lon="103.3539166">
    <ele>471</ele>
   </trkpt>
   <trkpt lat="2.0208741" lon="103.3539123">
    <ele>471</ele>
   </trkpt>
   <trkpt lat="2.0208866" lon="103.3539172">
    <ele>471</ele>
   </trkpt>
   <trkpt lat="2.0208992" lon="103.3539222">
    <ele>470</ele>
   </trkpt>
   <trkpt lat="2.0209118" lon="103.3539272">
    <ele>470</ele>
   </trkpt>
   <trkpt lat="2.0209421" lon="103.3539506">
    <ele>469</ele>
   </trkpt>
   <trkpt lat="2.0209493" lon="103.3539608">
    <ele>469</ele>
   </trkpt>
   <trkpt lat="2.0209566" lon="103.3539710">
    <ele>468</ele>
   </trkpt>
   <trkpt lat="2.0209639" lon="103.3539813">
    <ele>468</ele>
   </trkpt>
   <trkpt lat="2.0209849" lon="103.3540054">
    <ele>468</ele>
   </trkpt>
   <trkpt lat="2.0209893" lon="103.3540114">
    <ele>468</ele>
   </trkpt>
   <trkpt lat="2.0209937" lon="103.3540174">
    <ele>467</ele>
   </trkpt>
   <trkpt lat="2.0209982" lon="103.3540235">
    <ele>467</ele>
   </trkpt>
   <trkpt lat="2.0210091" lon="103.3540392">
    <ele>466</ele>
   </trkpt>
   <trkpt lat="2.0210119" lon="103.3540445">
    <ele>466</ele>
   </trkpt>
   <trkpt lat="2.0210149" lon="103.3540498">
    <ele>465</ele>
   </trkpt>
   <trkpt lat="2.0210178" lon="103.3540551">
    <ele>465</ele>
   </trkpt>
   <trkpt lat="2.0210269" lon="103.3540692">
    <ele>464</ele>
   </trkpt>
   <trkpt lat="2.0210340" lon="103.3540718">
    <ele>464</ele>
   </trkpt>
   <trkpt lat="2.0210411" lon="103.3540745">
    <ele>463</ele>
   </trkpt>
   <trkpt lat="2.0210483" lon="103.3540772">
    <ele>463</ele>
   </trkpt>
   <trkpt lat="2.0210729" lon="103.3540831">
    <ele>462</ele>
   </trkpt>
   <trkpt lat="2.0210800" lon="103.3540832">
    <ele>462</ele>
   </trkpt>
   <trkpt lat="2.0210871" lon="103.3540833">
    <ele>461</ele>
   </trkpt>
   <trkpt lat="2.0210943" lon="103.3540836">
    <ele>461</ele>
   </trkpt>
   <trkpt lat="2.0211153" lon="103.3540859">
    <ele>460</ele>
   </trkpt>
   <trkpt lat="2.0211233" lon="103.3540878">
    <ele>460</ele>
   </trkpt>
   <trkpt lat="2.0211312" lon="103.3540898">
    <ele>459</ele>
   </trkpt>
   <trkpt lat="2.0211391" lon="103.3540918">
    <ele>459</ele>
   </trkpt>
   <trkpt lat="2.0211625" lon="103.3540946">
    <ele>458</ele>
   </trkpt>
   <trkpt lat="2.0211655" lon="103.3540957">
    <ele>458</ele>
   </trkpt>
   <trkpt lat="2.0211686" lon="103.3540969">
    <ele>457</ele>
   </trkpt>
   <trkpt lat="2.0211717" lon="103.3540981">
    <ele>457</ele>
   </trkpt>
   <trkpt lat="2.0211874" lon="103.3540967">
    <ele>456</ele>
   </trkpt>
   <trkpt lat="2.0211943" lon="103.3540949">
    <ele>456</ele>
   </trkpt>
   <trkpt lat="2.0212013" lon="103.3540931">
    <ele>455</ele>
   </trkpt>
   <trkpt lat="2.0212083" lon="103.3540912">
    <ele>455</ele>
   </trkpt>
   <trkpt lat="2.0212266" lon="103.3540948">
    <ele>455</ele>
   </trkpt>
   <trkpt lat="2.0212303" lon="103.3540960">
    <ele>455</ele>
   </trkpt>
   <trkpt lat="2.0212341" lon="103.3540972">
    <ele>454</ele>
   </trkpt>
   <trkpt lat="2.0212379" lon="103.3540984">
    <ele>454</ele>
   </trkpt>
   <trkpt lat="2.0212460" lon="103.3540940">
    <ele>453</ele>
   </trkpt>
   <trkpt lat="2.0212503" lon="103.3540921">
    <ele>453</ele>
   </trkpt>
   <trkpt lat="2.0212547" lon="103.3540903">
    <ele>452</ele>
   </trkpt>
   <trkpt lat="2.0212591" lon="103.3540885">
    <ele>452</ele>
   </trkpt>
   <trkpt lat="2.0212655" lon="103.3540860">
    <ele>452</ele>
   </trkpt>
   <trkpt lat="2.0212719" lon="103.3540836">
    <ele>452</ele>
   </trkpt>
   <trkpt lat="2.0212784" lon="103.3540812">
    <ele>451</ele>
   </trkpt>
   <trkpt lat="2.0212893" lon="103.3540806">
    <ele>451</ele>
   </trkpt>
   <trkpt lat="2.0212930" lon="103.3540829">
    <ele>450</ele>
   </trkpt>
   <trkpt lat="2.0212967" lon="103.3540853">
    <ele>450</ele>
   </trkpt>
   <trkpt lat="2.0213004" lon="103.3540876">
    <ele>449</ele>
   </trkpt>
   <trkpt lat="2.0213020" lon="103.3541026">
    <ele>449</ele>
   </trkpt>
   <trkpt lat="2.0213018" lon="103.3541069">
    <ele>449</ele>
   </trkpt>
   <trkpt lat="2.0213016" lon="103.3541112">
    <ele>449</ele>
   </trkpt>
   <trkpt lat="2.0213015" lon="103.3541155">
    <ele>448</ele>
   </trkpt>
   <trkpt lat="2.0213039" lon="103.3541369">
    <ele>448</ele>
   </trkpt>
   <trkpt lat="2.0213068" lon="103.3541398">
    <ele>448</ele>
   </trkpt>
   <trkpt lat="2.0213097" lon="103.3541427">
    <ele>448</ele>
   </trkpt>
   <trkpt lat="2.0213126" lon="103.3541457">
    <ele>447</ele>
   </trkpt>
   <trkpt lat="2.0213287" lon="103.3541428">
    <ele>447</ele>
   </trkpt>
   <trkpt lat="2.0213340" lon="103.3541391">
    <ele>446</ele>
   </trkpt>
   <trkpt lat="2.0213394" lon="103.3541354">
    <ele>446</ele>
   </trkpt>
   <trkpt lat="2.0213448" lon="103.3541317">
    <ele>445</ele>
   </trkpt>
   <trkpt lat="2.0213646" lon="103.3541178">
    <ele>445</ele>
   </trkpt>
   <trkpt lat="2.0213720" lon="103.3541178">
    <ele>444</ele>
   </trkpt>
   <trkpt lat="2.0213794" lon="103.3541178">
    <ele>444</ele>
   </trkpt>
   <trkpt lat="2.0213869" lon="103.3541178">
    <ele>443</ele>
   </trkpt>
   <trkpt lat="2.0214025" lon="103.3541329">
    <ele>443</ele>
   </trkpt>
   <trkpt lat="2.0214072" lon="103.3541353">
    <ele>442</ele>
   </trkpt>
   <trkpt lat="2.0214119" lon="103.3541377">
    <ele>442</ele>
   </trkpt>
   <trkpt lat="2.0214167" lon="103.3541401">
    <ele>441</ele>
   </trkpt>
   <trkpt lat="2.0214298" lon="103.3541480">
    <ele>441</ele>
   </trkpt>
   <trkpt lat="2.0214317" lon="103.3541525">
    <ele>440</ele>
   </trkpt>
   <trkpt lat="2.0214336" lon="103.3541570">
    <ele>440</ele>
   </trkpt>
   <trkpt lat="2.0214356" lon="103.3541615">
    <ele>439</ele>
   </trkpt>
   <trkpt lat="2.0214437" lon="103.3541664">
    <ele>439</ele>
   </trkpt>
   <trkpt lat="2.0214490" lon="103.3541666">
    <ele>438</ele>
   </trkpt>
   <trkpt lat="2.0214543" lon="103.3541669">
    <ele>438</ele>
   </trkpt>
   <trkpt lat="2.0214597" lon="103.3541672">
    <ele>437</ele>
   </trkpt>
   <trkpt lat="2.0214877" lon="103.3541782">
    <ele>437</ele>
   </trkpt>
   <trkpt lat="2.0214973" lon="103.3541841">
    <ele>436</ele>
   </trkpt>
   <trkpt lat="2.0215069" lon="103.3541901">
    <ele>436</ele>
   </trkpt>
   <trkpt lat="2.0215165" lon="103.3541961">
    <ele>435</ele>
   </trkpt>
   <trkpt lat="2.0215429" lon="103.3542092">
    <ele>435</ele>
   </trkpt>
   <trkpt lat="2.0215492" lon="103.3542098">
    <ele>434</ele>
   </trkpt>
   <trkpt lat="2.0215556" lon="103.3542104">
    <ele>434</ele>
   </trkpt>
   <trkpt lat="2.0215620" lon="103.3542112">
    <ele>433</ele>
   </trkpt>
   <trkpt lat="2.0215773" lon="103.3542073">
    <ele>433</ele>
   </trkpt>
   <trkpt lat="2.0215819" lon="103.3542058">
    <ele>432</ele>
   </trkpt>
   <trkpt lat="2.0215866" lon="103.3542044">
    <ele>432</ele>
   </trkpt>
   <trkpt lat="2.0215913" lon="103.3542030">
    <ele>431</ele>
   </trkpt>
   <trkpt lat="2.0216051" lon="103.3542075">
    <ele>431</ele>
   </trkpt>
   <trkpt lat="2.0216112" lon="103.3542121">
    <ele>430</ele>
   </trkpt>
   <trkpt lat="2.0216173" lon="103.3542167">
    <ele>430</ele>
   </trkpt>
   <trkpt lat="2.0216236" lon="103.3542213">
    <ele>429</ele>
   </trkpt>
   <trkpt lat="2.0216445" lon="103.3542328">
    <ele>429</ele>
   </trkpt>
   <trkpt lat="2.0216489" lon="103.3542338">
    <ele>428</ele>
   </trkpt>
   <trkpt lat="2.0216533" lon="103.3542349">
    <ele>428</ele>
   </trkpt>
   <trkpt lat="2.0216577" lon="103.3542360">
    <ele>427</ele>
   </trkpt>
   <trkpt lat="2.0216621" lon="103.3542371">
    <ele>427</ele>
   </trkpt>
   <trkpt lat="2.0216743" lon="103.3542363">
    <ele>427</ele>
   </trkpt>
   <trkpt lat="2.0216795" lon="103.3542350">
    <ele>427</ele>
   </trkpt>
   <trkpt lat="2.0216846" lon="103.3542337">
    <ele>426</ele>
   </trkpt>
   <trkpt lat="2.0216899" lon="103.3542324">
    <ele>426</ele>
   </trkpt>
   <trkpt lat="2.0217086" lon="103.3542272">
    <ele>425</ele>
   </trkpt>
   <trkpt lat="2.0217126" lon="103.3542252">
    <ele>425</ele>
   </trkpt>
   <trkpt lat="2.0217166" lon="103.3542233">
    <ele>424</ele>
   </trkpt>
   <trkpt lat="2.0217207" lon="103.3542213">
    <ele>424</ele>
   </trkpt>
   <trkpt lat="2.0217248" lon="103.3542194">
    <ele>424</ele>
   </trkpt>
   <trkpt lat="2.0217289" lon="103.3542175">
    <ele>424</ele>
   </trkpt>
   <trkpt lat="2.0217435" lon="103.3542076">
    <ele>423</ele>
   </trkpt>
   <trkpt lat="2.0217489" lon="103.3542063">
    <ele>423</ele>
   </trkpt>
   <trkpt lat="2.0217545" lon="103.3542051">
    <ele>422</ele>
   </trkpt>
   <trkpt lat="2.0217601" lon="103.3542039">
    <ele>422</ele>
   </trkpt>
   <trkpt lat="2.0217744" lon="103.3542049">
    <ele>421</ele>
   </trkpt>
   <trkpt lat="2.0217750" lon="103.3542069">
    <ele>421</ele>
   </trkpt>
   <trkpt lat="2.0217755" lon="103.3542089">
    <ele>421</ele>
   </trkpt>
   <trkpt lat="2.0217762" lon="103.3542109">
    <ele>421</ele>
   </trkpt>
   <trkpt lat="2.0217846" lon="103.3542181">
    <ele>417</ele>
   </trkpt>
   <trkpt lat="2.0217976" lon="103.3542257">
    <ele>417</ele>
   </trkpt>
   <trkpt lat="2.0218026" lon="103.3542262">
    <ele>417</ele>
   </trkpt>
   <trkpt lat="2.0218076" lon="103.3542267">
    <ele>416</ele>
   </trkpt>
   <trkpt lat="2.0218127" lon="103.3542273">
    <ele>416</ele>
   </trkpt>
   <trkpt lat="2.0218366" lon="103.3542254">
    <ele>415</ele>
   </trkpt>
   <trkpt lat="2.0218442" lon="103.3542244">
    <ele>415</ele>
   </trkpt>
   <trkpt lat="2.0218518" lon="103.3542235">
    <ele>414</ele>
   </trkpt>
   <trkpt lat="2.0218595" lon="103.3542226">
    <ele>414</ele>
   </trkpt>
   <trkpt lat="2.0218767" lon="103.3542140">
    <ele>413</ele>
   </trkpt>
   <trkpt lat="2.0218816" lon="103.3542088">
    <ele>413</ele>
   </trkpt>
   <trkpt lat="2.0218868" lon="103.3542036">
    <ele>412</ele>
   </trkpt>
   <trkpt lat="2.0218919" lon="103.3541984">
    <ele>412</ele>
   </trkpt>
   <trkpt lat="2.0219154" lon="103.3541875">
    <ele>412</ele>
   </trkpt>
   <trkpt lat="2.0219381" lon="103.3541816">
    <ele>409</ele>
   </trkpt>
   <trkpt lat="2.0219584" lon="103.3541731">
    <ele>409</ele>
   </trkpt>
   <trkpt lat="2.0219673" lon="103.3541684">
    <ele>409</ele>
   </trkpt>
   <trkpt lat="2.0219763" lon="103.3541638">
    <ele>408</ele>
   </trkpt>
   <trkpt lat="2.0219853" lon="103.3541592">
    <ele>408</ele>
   </trkpt>
   <trkpt lat="2.0220168" lon="103.3541421">
    <ele>407</ele>
   </trkpt>
   <trkpt lat="2.0220270" lon="103.3541369">
    <ele>407</ele>
   </trkpt>
   <trkpt lat="2.0220372" lon="103.3541318">
    <ele>406</ele>
   </trkpt>
   <trkpt lat="2.0220475" lon="103.3541267">
    <ele>406</ele>
   </trkpt>
   <trkpt lat="2.0220777" lon="103.3541154">
    <ele>405</ele>
   </trkpt>
   <trkpt lat="2.0220878" lon="103.3541125">
    <ele>405</ele>
   </trkpt>
   <trkpt lat="2.0220980" lon="103.3541098">
    <ele>404</ele>
   </trkpt>
   <trkpt lat="2.0221082" lon="103.3541070">
    <ele>404</ele>
   </trkpt>
   <trkpt lat="2.0221355" lon="103.3540946">
    <ele>403</ele>
   </trkpt>
   <trkpt lat="2.0221435" lon="103.3540887">
    <ele>403</ele>
   </trkpt>
   <trkpt lat="2.0221515" lon="103.3540828">
    <ele>402</ele>
   </trkpt>
   <trkpt lat="2.0221595" lon="103.3540770">
    <ele>402</ele>
   </trkpt>
   <trkpt lat="2.0221669" lon="103.3540736">
    <ele>401</ele>
   </trkpt>
   <trkpt lat="2.0221744" lon="103.3540702">
    <ele>401</ele>
   </trkpt>
   <trkpt lat="2.0221819" lon="103.3540669">
    <ele>400</ele>
   </trkpt>
   <trkpt lat="2.0221952" lon="103.3540634">
    <ele>400</ele>
   </trkpt>
   <trkpt lat="2.0221980" lon="103.3540616">
    <ele>399</ele>
   </trkpt>
   <trkpt lat="2.0222007" lon="103.3540598">
    <ele>399</ele>
   </trkpt>
   <trkpt lat="2.0222036" lon="103.3540580">
    <ele>398</ele>
   </trkpt>
   <trkpt lat="2.0222145" lon="103.3540533">
    <ele>398</ele>
   </trkpt>
   <trkpt lat="2.0222199" lon="103.3540519">
    <ele>398</ele>
   </trkpt>
   <trkpt lat="2.0222253" lon="103.3540505">
    <ele>398</ele>
   </trkpt>
   <trkpt lat="2.0222308" lon="103.3540492">
    <ele>397</ele>
   </trkpt>
   <trkpt lat="2.0222486" lon="103.3540414">
    <ele>397</ele>
   </trkpt>
   <trkpt lat="2.0222551" lon="103.3540388">
    <ele>396</ele>
   </trkpt>
   <trkpt lat="2.0222616" lon="103.3540361">
    <ele>396</ele>
   </trkpt>
   <trkpt lat="2.0222680" lon="103.3540334">
    <ele>395</ele>
   </trkpt>
   <trkpt lat="2.0222888" lon="103.3540244">
    <ele>395</ele>
   </trkpt>
   <trkpt lat="2.0222946" lon="103.3540186">
    <ele>394</ele>
   </trkpt>
   <trkpt lat="2.0223007" lon="103.3540128">
    <ele>394</ele>
   </trkpt>
   <trkpt lat="2.0223067" lon="103.3540071">
    <ele>393</ele>
   </trkpt>
   <trkpt lat="2.0223247" lon="103.3539818">
    <ele>393</ele>
   </trkpt>
   <trkpt lat="2.0223314" lon="103.3539760">
    <ele>392</ele>
   </trkpt>
   <trkpt lat="2.0223382" lon="103.3539701">
    <ele>392</ele>
   </trkpt>
   <trkpt lat="2.0223450" lon="103.3539641">
    <ele>391</ele>
   </trkpt>
   <trkpt lat="2.0223627" lon="103.3539583">
    <ele>391</ele>
   </trkpt>
   <trkpt lat="2.0223658" lon="103.3539564">
    <ele>390</ele>
   </trkpt>
   <trkpt lat="2.0223689" lon="103.3539545">
    <ele>390</ele>
   </trkpt>
   <trkpt lat="2.0223720" lon="103.3539526">
    <ele>389</ele>
   </trkpt>
   <trkpt lat="2.0223821" lon="103.3539320">
    <ele>389</ele>
   </trkpt>
   <trkpt lat="2.0223866" lon="103.3539215">
    <ele>388</ele>
   </trkpt>
   <trkpt lat="2.0223911" lon="103.3539111">
    <ele>388</ele>
   </trkpt>
   <trkpt lat="2.0223957" lon="103.3539007">
    <ele>387</ele>
   </trkpt>
   <trkpt lat="2.0224141" lon="103.3538783">
    <ele>387</ele>
   </trkpt>
   <trkpt lat="2.0224216" lon="103.3538759">
    <ele>386</ele>
   </trkpt>
   <trkpt lat="2.0224291" lon="103.3538735">
    <ele>386</ele>
   </trkpt>
   <trkpt lat="2.0224367" lon="103.3538711">
    <ele>385</ele>
   </trkpt>
   <trkpt lat="2.0224446" lon="103.3538715">
    <ele>385</ele>
   </trkpt>
   <trkpt lat="2.0224526" lon="103.3538719">
    <ele>384</ele>
   </trkpt>
   <trkpt lat="2.0224606" lon="103.3538724">
    <ele>384</ele>
   </trkpt>
   <trkpt lat="2.0224808" lon="103.3538758">
    <ele>383</ele>
   </trkpt>
   <trkpt lat="2.0224869" lon="103.3538762">
    <ele>383</ele>
   </trkpt>
   <trkpt lat="2.0224930" lon="103.3538767">
    <ele>383</ele>
   </trkpt>
   <trkpt lat="2.0224991" lon="103.3538772">
    <ele>383</ele>
   </trkpt>
   <trkpt lat="2.0225083" lon="103.3538739">
    <ele>382</ele>
   </trkpt>
   <trkpt lat="2.0225097" lon="103.3538709">
    <ele>382</ele>
   </trkpt>
   <trkpt lat="2.0225112" lon="103.3538679">
    <ele>382</ele>
   </trkpt>
   <trkpt lat="2.0225127" lon="103.3538649">
    <ele>382</ele>
   </trkpt>
   <trkpt lat="2.0225185" lon="103.3538507">
    <ele>381</ele>
   </trkpt>
   <trkpt lat="2.0225194" lon="103.3538446">
    <ele>381</ele>
   </trkpt>
   <trkpt lat="2.0225204" lon="103.3538386">
    <ele>380</ele>
   </trkpt>
   <trkpt lat="2.0225214" lon="103.3538326">
    <ele>380</ele>
   </trkpt>
   <trkpt lat="2.0225241" lon="103.3538103">
    <ele>379</ele>
   </trkpt>
   <trkpt lat="2.0225261" lon="103.3538033">
    <ele>379</ele>
   </trkpt>
   <trkpt lat="2.0225281" lon="103.3537963">
    <ele>379</ele>
   </trkpt>
   <trkpt lat="2.0225301" lon="103.3537893">
    <ele>379</ele>
   </trkpt>
   <trkpt lat="2.0225401" lon="103.3537723">
    <ele>378</ele>
   </trkpt>
   <trkpt lat="2.0225458" lon="103.3537685">
    <ele>378</ele>
   </trkpt>
   <trkpt lat="2.0225516" lon="103.3537647">
    <ele>377</ele>
   </trkpt>
   <trkpt lat="2.0225574" lon="103.3537610">
    <ele>377</ele>
   </trkpt>
   <trkpt lat="2.0225798" lon="103.3537571">
    <ele>376</ele>
   </trkpt>
   <trkpt lat="2.0225877" lon="103.3537575">
    <ele>376</ele>
   </trkpt>
   <trkpt lat="2.0225956" lon="103.3537579">
    <ele>375</ele>
   </trkpt>
   <trkpt lat="2.0226036" lon="103.3537584">
    <ele>375</ele>
   </trkpt>
   <trkpt lat="2.0226235" lon="103.3537556">
    <ele>374</ele>
   </trkpt>
   <trkpt lat="2.0226308" lon="103.3537525">
    <ele>373</ele>
   </trkpt>
   <trkpt lat="2.0226382" lon="103.3537494">
    <ele>372</ele>
   </trkpt>
   <trkpt lat="2.0226456" lon="103.3537463">
    <ele>372</ele>
   </trkpt>
   <trkpt lat="2.0226702" lon="103.3537282">
    <ele>371</ele>
   </trkpt>
   <trkpt lat="2.0226783" lon="103.3537191">
    <ele>371</ele>
   </trkpt>
   <trkpt lat="2.0226864" lon="103.3537100">
    <ele>370</ele>
   </trkpt>
   <trkpt lat="2.0226946" lon="103.3537009">
    <ele>370</ele>
   </trkpt>
   <trkpt lat="2.0227147" lon="103.3536675">
    <ele>369</ele>
   </trkpt>
   <trkpt lat="2.0227212" lon="103.3536559">
    <ele>369</ele>
   </trkpt>
   <trkpt lat="2.0227277" lon="103.3536443">
    <ele>368</ele>
   </trkpt>
   <trkpt lat="2.0227343" lon="103.3536327">
    <ele>368</ele>
   </trkpt>
   <trkpt lat="2.0227491" lon="103.3536042">
    <ele>367</ele>
   </trkpt>
   <trkpt lat="2.0227533" lon="103.3535969">
    <ele>367</ele>
   </trkpt>
   <trkpt lat="2.0227576" lon="103.3535899">
    <ele>367</ele>
   </trkpt>
   <trkpt lat="2.0227619" lon="103.3535828">
    <ele>367</ele>
   </trkpt>
   <trkpt lat="2.0227745" lon="103.3535664">
    <ele>366</ele>
   </trkpt>
   <trkpt lat="2.0227782" lon="103.3535597">
    <ele>366</ele>
   </trkpt>
   <trkpt lat="2.0227819" lon="103.3535530">
    <ele>366</ele>
   </trkpt>
   <trkpt lat="2.0227857" lon="103.3535463">
    <ele>366</ele>
   </trkpt>
   <trkpt lat="2.0228023" lon="103.3535191">
    <ele>365</ele>
   </trkpt>
   <trkpt lat="2.0228107" lon="103.3535093">
    <ele>365</ele>
   </trkpt>
   <trkpt lat="2.0228193" lon="103.3534994">
    <ele>364</ele>
   </trkpt>
   <trkpt lat="2.0228278" lon="103.3534896">
    <ele>364</ele>
   </trkpt>
   <trkpt lat="2.0228544" lon="103.3534658">
    <ele>363</ele>
   </trkpt>
   <trkpt lat="2.0228617" lon="103.3534600">
    <ele>363</ele>
   </trkpt>
   <trkpt lat="2.0228691" lon="103.3534542">
    <ele>362</ele>
   </trkpt>
   <trkpt lat="2.0228765" lon="103.3534485">
    <ele>362</ele>
   </trkpt>
   <trkpt lat="2.0228949" lon="103.3534318">
    <ele>361</ele>
   </trkpt>
   <trkpt lat="2.0229016" lon="103.3534252">
    <ele>361</ele>
   </trkpt>
   <trkpt lat="2.0229085" lon="103.3534187">
    <ele>360</ele>
   </trkpt>
   <trkpt lat="2.0229154" lon="103.3534121">
    <ele>360</ele>
   </trkpt>
   <trkpt lat="2.0229420" lon="103.3533899">
    <ele>359</ele>
   </trkpt>
   <trkpt lat="2.0229512" lon="103.3533847">
    <ele>359</ele>
   </trkpt>
   <trkpt lat="2.0229605" lon="103.3533795">
    <ele>358</ele>
   </trkpt>
   <trkpt lat="2.0229698" lon="103.3533743">
    <ele>358</ele>
   </trkpt>
   <trkpt lat="2.0229942" lon="103.3533636">
    <ele>357</ele>
   </trkpt>
   <trkpt lat="2.0229970" lon="103.3533623">
    <ele>357</ele>
   </trkpt>
   <trkpt lat="2.0229999" lon="103.3533611">
    <ele>356</ele>
   </trkpt>
   <trkpt lat="2.0230028" lon="103.3533598">
    <ele>356</ele>
   </trkpt>
   <trkpt lat="2.0230057" lon="103.3533586">
    <ele>355</ele>
   </trkpt>
   <trkpt lat="2.0230259" lon="103.3533528">
    <ele>355</ele>
   </trkpt>
   <trkpt lat="2.0230338" lon="103.3533528">
    <ele>355</ele>
   </trkpt>
   <trkpt lat="2.0230418" lon="103.3533529">
    <ele>355</ele>
   </trkpt>
   <trkpt lat="2.0230498" lon="103.3533530">
    <ele>354</ele>
   </trkpt>
   <trkpt lat="2.0230711" lon="103.3533600">
    <ele>354</ele>
   </trkpt>
   <trkpt lat="2.0230765" lon="103.3533631">
    <ele>354</ele>
   </trkpt>
   <trkpt lat="2.0230820" lon="103.3533663">
    <ele>354</ele>
   </trkpt>
   <trkpt lat="2.0230875" lon="103.3533695">
    <ele>354</ele>
   </trkpt>
   <trkpt lat="2.0230923" lon="103.3533710">
    <ele>354</ele>
   </trkpt>
   <trkpt lat="2.0230971" lon="103.3533725">
    <ele>354</ele>
   </trkpt>
   <trkpt lat="2.0231019" lon="103.3533740">
    <ele>354</ele>
   </trkpt>
   <trkpt lat="2.0231058" lon="103.3533723">
    <ele>353</ele>
   </trkpt>
   <trkpt lat="2.0231097" lon="103.3533706">
    <ele>353</ele>
   </trkpt>
   <trkpt lat="2.0231137" lon="103.3533689">
    <ele>353</ele>
   </trkpt>
   <trkpt lat="2.0231193" lon="103.3533654">
    <ele>353</ele>
   </trkpt>
   <trkpt lat="2.0231240" lon="103.3533633">
    <ele>352</ele>
   </trkpt>
   <trkpt lat="2.0231287" lon="103.3533612">
    <ele>352</ele>
   </trkpt>
   <trkpt lat="2.0231334" lon="103.3533592">
    <ele>352</ele>
   </trkpt>
   <trkpt lat="2.0231580" lon="103.3533524">
    <ele>352</ele>
   </trkpt>
   <trkpt lat="2.0231670" lon="103.3533516">
    <ele>351</ele>
   </trkpt>
   <trkpt lat="2.0231761" lon="103.3533508">
    <ele>351</ele>
   </trkpt>
   <trkpt lat="2.0231852" lon="103.3533501">
    <ele>350</ele>
   </trkpt>
   <trkpt lat="2.0232120" lon="103.3533452">
    <ele>350</ele>
   </trkpt>
   <trkpt lat="2.0232194" lon="103.3533421">
    <ele>349</ele>
   </trkpt>
   <trkpt lat="2.0232268" lon="103.3533391">
    <ele>349</ele>
   </trkpt>
   <trkpt lat="2.0232343" lon="103.3533361">
    <ele>348</ele>
   </trkpt>
   <trkpt lat="2.0232438" lon="103.3533318">
    <ele>348</ele>
   </trkpt>
   <trkpt lat="2.0232502" lon="103.3533288">
    <ele>347</ele>
   </trkpt>
   <trkpt lat="2.0232566" lon="103.3533257">
    <ele>347</ele>
   </trkpt>
   <trkpt lat="2.0232630" lon="103.3533229">
    <ele>347</ele>
   </trkpt>
   <trkpt lat="2.0232852" lon="103.3533121">
    <ele>347</ele>
   </trkpt>
   <trkpt lat="2.0232913" lon="103.3533074">
    <ele>346</ele>
   </trkpt>
   <trkpt lat="2.0232974" lon="103.3533027">
    <ele>346</ele>
   </trkpt>
   <trkpt lat="2.0233035" lon="103.3532981">
    <ele>345</ele>
   </trkpt>
   <trkpt lat="2.0233187" lon="103.3532721">
    <ele>345</ele>
   </trkpt>
   <trkpt lat="2.0233233" lon="103.3532627">
    <ele>344</ele>
   </trkpt>
   <trkpt lat="2.0233279" lon="103.3532533">
    <ele>344</ele>
   </trkpt>
   <trkpt lat="2.0233326" lon="103.3532439">
    <ele>344</ele>
   </trkpt>
   <trkpt lat="2.0233495" lon="103.3532230">
    <ele>344</ele>
   </trkpt>
   <trkpt lat="2.0233560" lon="103.3532171">
    <ele>343</ele>
   </trkpt>
   <trkpt lat="2.0233625" lon="103.3532111">
    <ele>343</ele>
   </trkpt>
   <trkpt lat="2.0233690" lon="103.3532052">
    <ele>343</ele>
   </trkpt>
   <trkpt lat="2.0233872" lon="103.3531871">
    <ele>343</ele>
   </trkpt>
   <trkpt lat="2.0234080" lon="103.3531716">
    <ele>340</ele>
   </trkpt>
   <trkpt lat="2.0234201" lon="103.3531637">
    <ele>339</ele>
   </trkpt>
   <trkpt lat="2.0234238" lon="103.3531600">
    <ele>339</ele>
   </trkpt>
   <trkpt lat="2.0234276" lon="103.3531563">
    <ele>339</ele>
   </trkpt>
   <trkpt lat="2.0234314" lon="103.3531527">
    <ele>339</ele>
   </trkpt>
   <trkpt lat="2.0234568" lon="103.3531353">
    <ele>338</ele>
   </trkpt>
   <trkpt lat="2.0234703" lon="103.3531269">
    <ele>338</ele>
   </trkpt>
   <trkpt lat="2.0234837" lon="103.3531186">
    <ele>338</ele>
   </trkpt>
   <trkpt lat="2.0234971" lon="103.3531103">
    <ele>338</ele>
   </trkpt>
   <trkpt lat="2.0235428" lon="103.3530806">
    <ele>337</ele>
   </trkpt>
   <trkpt lat="2.0235605" lon="103.3530701">
    <ele>337</ele>
   </trkpt>
   <trkpt lat="2.0235781" lon="103.3530596">
    <ele>336</ele>
   </trkpt>
   <trkpt lat="2.0235957" lon="103.3530491">
    <ele>336</ele>
   </trkpt>
   <trkpt lat="2.0236386" lon="103.3530156">
    <ele>335</ele>
   </trkpt>
   <trkpt lat="2.0236457" lon="103.3530054">
    <ele>335</ele>
   </trkpt>
   <trkpt lat="2.0236527" lon="103.3529952">
    <ele>334</ele>
   </trkpt>
   <trkpt lat="2.0236597" lon="103.3529851">
    <ele>334</ele>
   </trkpt>
   <trkpt lat="2.0236678" lon="103.3529577">
    <ele>333</ele>
   </trkpt>
   <trkpt lat="2.0236684" lon="103.3529499">
    <ele>333</ele>
   </trkpt>
   <trkpt lat="2.0236690" lon="103.3529422">
    <ele>333</ele>
   </trkpt>
   <trkpt lat="2.0236697" lon="103.3529345">
    <ele>333</ele>
   </trkpt>
   <trkpt lat="2.0236710" lon="103.3529109">
    <ele>332</ele>
   </trkpt>
   <trkpt lat="2.0236731" lon="103.3529025">
    <ele>332</ele>
   </trkpt>
   <trkpt lat="2.0236753" lon="103.3528941">
    <ele>331</ele>
   </trkpt>
   <trkpt lat="2.0236774" lon="103.3528857">
    <ele>331</ele>
   </trkpt>
   <trkpt lat="2.0236885" lon="103.3528588">
    <ele>330</ele>
   </trkpt>
   <trkpt lat="2.0236919" lon="103.3528495">
    <ele>330</ele>
   </trkpt>
   <trkpt lat="2.0236953" lon="103.3528402">
    <ele>330</ele>
   </trkpt>
   <trkpt lat="2.0236989" lon="103.3528309">
    <ele>330</ele>
   </trkpt>
   <trkpt lat="2.0237067" lon="103.3528043">
    <ele>329</ele>
   </trkpt>
   <trkpt lat="2.0237066" lon="103.3527943">
    <ele>329</ele>
   </trkpt>
   <trkpt lat="2.0237064" lon="103.3527843">
    <ele>328</ele>
   </trkpt>
   <trkpt lat="2.0237063" lon="103.3527742">
    <ele>328</ele>
   </trkpt>
   <trkpt lat="2.0236964" lon="103.3527465">
    <ele>327</ele>
   </trkpt>
   <trkpt lat="2.0236910" lon="103.3527405">
    <ele>327</ele>
   </trkpt>
   <trkpt lat="2.0236855" lon="103.3527345">
    <ele>326</ele>
   </trkpt>
   <trkpt lat="2.0236801" lon="103.3527285">
    <ele>326</ele>
   </trkpt>
   <trkpt lat="2.0236667" lon="103.3527164">
    <ele>325</ele>
   </trkpt>
   <trkpt lat="2.0236660" lon="103.3527129">
    <ele>325</ele>
   </trkpt>
   <trkpt lat="2.0236655" lon="103.3527095">
    <ele>325</ele>
   </trkpt>
   <trkpt lat="2.0236650" lon="103.3527061">
    <ele>325</ele>
   </trkpt>
   <trkpt lat="2.0236750" lon="103.3526952">
    <ele>324</ele>
   </trkpt>
   <trkpt lat="2.0236786" lon="103.3526909">
    <ele>324</ele>
   </trkpt>
   <trkpt lat="2.0236822" lon="103.3526868">
    <ele>324</ele>
   </trkpt>
   <trkpt lat="2.0236859" lon="103.3526827">
    <ele>324</ele>
   </trkpt>
   <trkpt lat="2.0236967" lon="103.3526635">
    <ele>323</ele>
   </trkpt>
   <trkpt lat="2.0237002" lon="103.3526541">
    <ele>323</ele>
   </trkpt>
   <trkpt lat="2.0237038" lon="103.3526447">
    <ele>322</ele>
   </trkpt>
   <trkpt lat="2.0237074" lon="103.3526355">
    <ele>322</ele>
   </trkpt>
   <trkpt lat="2.0237149" lon="103.3526092">
    <ele>321</ele>
   </trkpt>
   <trkpt lat="2.0237164" lon="103.3526015">
    <ele>321</ele>
   </trkpt>
   <trkpt lat="2.0237179" lon="103.3525939">
    <ele>320</ele>
   </trkpt>
   <trkpt lat="2.0237194" lon="103.3525863">
    <ele>320</ele>
   </trkpt>
   <trkpt lat="2.0237265" lon="103.3525628">
    <ele>316</ele>
   </trkpt>
   <trkpt lat="2.0237361" lon="103.3525503">
    <ele>316</ele>
   </trkpt>
   <trkpt lat="2.0237395" lon="103.3525462">
    <ele>316</ele>
   </trkpt>
   <trkpt lat="2.0237428" lon="103.3525420">
    <ele>316</ele>
   </trkpt>
   <trkpt lat="2.0237463" lon="103.3525381">
    <ele>315</ele>
   </trkpt>
   <trkpt lat="2.0237552" lon="103.3525192">
    <ele>315</ele>
   </trkpt>
   <trkpt lat="2.0237564" lon="103.3525115">
    <ele>315</ele>
   </trkpt>
   <trkpt lat="2.0237576" lon="103.3525037">
    <ele>315</ele>
   </trkpt>
   <trkpt lat="2.0237588" lon="103.3524962">
    <ele>314</ele>
   </trkpt>
   <trkpt lat="2.0237637" lon="103.3524708">
    <ele>314</ele>
   </trkpt>
   <trkpt lat="2.0237674" lon="103.3524641">
    <ele>314</ele>
   </trkpt>
   <trkpt lat="2.0237711" lon="103.3524574">
    <ele>314</ele>
   </trkpt>
   <trkpt lat="2.0237748" lon="103.3524507">
    <ele>313</ele>
   </trkpt>
   <trkpt lat="2.0237919" lon="103.3524376">
    <ele>313</ele>
   </trkpt>
   <trkpt lat="2.0237989" lon="103.3524342">
    <ele>312</ele>
   </trkpt>
   <trkpt lat="2.0238059" lon="103.3524307">
    <ele>312</ele>
   </trkpt>
   <trkpt lat="2.0238128" lon="103.3524274">
    <ele>311</ele>
   </trkpt>
   <trkpt lat="2.0238299" lon="103.3524201">
    <ele>311</ele>
   </trkpt>
   <trkpt lat="2.0238324" lon="103.3524165">
    <ele>311</ele>
   </trkpt>
   <trkpt lat="2.0238349" lon="103.3524129">
    <ele>311</ele>
   </trkpt>
   <trkpt lat="2.0238374" lon="103.3524093">
    <ele>310</ele>
   </trkpt>
   <trkpt lat="2.0238419" lon="103.3523921">
    <ele>310</ele>
   </trkpt>
   <trkpt lat="2.0238453" lon="103.3523859">
    <ele>309</ele>
   </trkpt>
   <trkpt lat="2.0238488" lon="103.3523797">
    <ele>309</ele>
   </trkpt>
   <trkpt lat="2.0238523" lon="103.3523735">
    <ele>308</ele>
   </trkpt>
   <trkpt lat="2.0238736" lon="103.3523546">
    <ele>308</ele>
   </trkpt>
   <trkpt lat="2.0238826" lon="103.3523484">
    <ele>308</ele>
   </trkpt>
   <trkpt lat="2.0238917" lon="103.3523423">
    <ele>308</ele>
   </trkpt>
   <trkpt lat="2.0239008" lon="103.3523362">
    <ele>307</ele>
   </trkpt>
   <trkpt lat="2.0239250" lon="103.3523160">
    <ele>307</ele>
   </trkpt>
   <trkpt lat="2.0239309" lon="103.3523081">
    <ele>306</ele>
   </trkpt>
   <trkpt lat="2.0239368" lon="103.3523002">
    <ele>306</ele>
   </trkpt>
   <trkpt lat="2.0239427" lon="103.3522923">
    <ele>305</ele>
   </trkpt>
   <trkpt lat="2.0239560" lon="103.3522680">
    <ele>304</ele>
   </trkpt>
   <trkpt lat="2.0239585" lon="103.3522611">
    <ele>303</ele>
   </trkpt>
   <trkpt lat="2.0239610" lon="103.3522542">
    <ele>303</ele>
   </trkpt>
   <trkpt lat="2.0239636" lon="103.3522474">
    <ele>302</ele>
   </trkpt>
   <trkpt lat="2.0239650" lon="103.3522416">
    <ele>302</ele>
   </trkpt>
   <trkpt lat="2.0239664" lon="103.3522360">
    <ele>301</ele>
   </trkpt>
   <trkpt lat="2.0239680" lon="103.3522303">
    <ele>301</ele>
   </trkpt>
   <trkpt lat="2.0239725" lon="103.3522119">
    <ele>300</ele>
   </trkpt>
   <trkpt lat="2.0239739" lon="103.3522059">
    <ele>300</ele>
   </trkpt>
   <trkpt lat="2.0239753" lon="103.3521999">
    <ele>300</ele>
   </trkpt>
   <trkpt lat="2.0239767" lon="103.3521940">
    <ele>300</ele>
   </trkpt>
   <trkpt lat="2.0239790" lon="103.3521783">
    <ele>299</ele>
   </trkpt>
   <trkpt lat="2.0239794" lon="103.3521759">
    <ele>299</ele>
   </trkpt>
   <trkpt lat="2.0239798" lon="103.3521736">
    <ele>299</ele>
   </trkpt>
   <trkpt lat="2.0239802" lon="103.3521713">
    <ele>299</ele>
   </trkpt>
   <trkpt lat="2.0239854" lon="103.3521614">
    <ele>298</ele>
   </trkpt>
   <trkpt lat="2.0239881" lon="103.3521593">
    <ele>298</ele>
   </trkpt>
   <trkpt lat="2.0239908" lon="103.3521571">
    <ele>298</ele>
   </trkpt>
   <trkpt lat="2.0239936" lon="103.3521551">
    <ele>298</ele>
   </trkpt>
   <trkpt lat="2.0240036" lon="103.3521523">
    <ele>297</ele>
   </trkpt>
   <trkpt lat="2.0240077" lon="103.3521488">
    <ele>297</ele>
   </trkpt>
   <trkpt lat="2.0240119" lon="103.3521453">
    <ele>297</ele>
   </trkpt>
   <trkpt lat="2.0240161" lon="103.3521419">
    <ele>297</ele>
   </trkpt>
   <trkpt lat="2.0240258" lon="103.3521267">
    <ele>296</ele>
   </trkpt>
   <trkpt lat="2.0240284" lon="103.3521206">
    <ele>296</ele>
   </trkpt>
   <trkpt lat="2.0240311" lon="103.3521144">
    <ele>295</ele>
   </trkpt>
   <trkpt lat="2.0240338" lon="103.3521082">
    <ele>295</ele>
   </trkpt>
   <trkpt lat="2.0240415" lon="103.3520869">
    <ele>294</ele>
   </trkpt>
   <trkpt lat="2.0240440" lon="103.3520804">
    <ele>294</ele>
   </trkpt>
   <trkpt lat="2.0240465" lon="103.3520738">
    <ele>293</ele>
   </trkpt>
   <trkpt lat="2.0240491" lon="103.3520675">
    <ele>293</ele>
   </trkpt>
   <trkpt lat="2.0240581" lon="103.3520508">
    <ele>292</ele>
   </trkpt>
   <trkpt lat="2.0240597" lon="103.3520484">
    <ele>292</ele>
   </trkpt>
   <trkpt lat="2.0240613" lon="103.3520461">
    <ele>291</ele>
   </trkpt>
   <trkpt lat="2.0240630" lon="103.3520438">
    <ele>291</ele>
   </trkpt>
   <trkpt lat="2.0240718" lon="103.3520306">
    <ele>290</ele>
   </trkpt>
   <trkpt lat="2.0240767" lon="103.3520240">
    <ele>290</ele>
   </trkpt>
   <trkpt lat="2.0240816" lon="103.3520174">
    <ele>290</ele>
   </trkpt>
   <trkpt lat="2.0240865" lon="103.3520109">
    <ele>290</ele>
   </trkpt>
   <trkpt lat="2.0241039" lon="103.3519883">
    <ele>289</ele>
   </trkpt>
   <trkpt lat="2.0241102" lon="103.3519797">
    <ele>289</ele>
   </trkpt>
   <trkpt lat="2.0241165" lon="103.3519711">
    <ele>288</ele>
   </trkpt>
   <trkpt lat="2.0241229" lon="103.3519625">
    <ele>288</ele>
   </trkpt>
   <trkpt lat="2.0241439" lon="103.3519302">
    <ele>287</ele>
   </trkpt>
   <trkpt lat="2.0241528" lon="103.3519211">
    <ele>287</ele>
   </trkpt>
   <trkpt lat="2.0241620" lon="103.3519120">
    <ele>286</ele>
   </trkpt>
   <trkpt lat="2.0241710" lon="103.3519029">
    <ele>286</ele>
   </trkpt>
   <trkpt lat="2.0241992" lon="103.3518937">
    <ele>285</ele>
   </trkpt>
   <trkpt lat="2.0242082" lon="103.3518940">
    <ele>285</ele>
   </trkpt>
   <trkpt lat="2.0242173" lon="103.3518943">
    <ele>285</ele>
   </trkpt>
   <trkpt lat="2.0242264" lon="103.3518946">
    <ele>285</ele>
   </trkpt>
   <trkpt lat="2.0242492" lon="103.3518938">
    <ele>284</ele>
   </trkpt>
   <trkpt lat="2.0242531" lon="103.3518917">
    <ele>284</ele>
   </trkpt>
   <trkpt lat="2.0242570" lon="103.3518897">
    <ele>284</ele>
   </trkpt>
   <trkpt lat="2.0242610" lon="103.3518877">
    <ele>284</ele>
   </trkpt>
   <trkpt lat="2.0242614" lon="103.3518862">
    <ele>283</ele>
   </trkpt>
   <trkpt lat="2.0242618" lon="103.3518847">
    <ele>283</ele>
   </trkpt>
   <trkpt lat="2.0242622" lon="103.3518832">
    <ele>283</ele>
   </trkpt>
   <trkpt lat="2.0242626" lon="103.3518817">
    <ele>283</ele>
   </trkpt>
   <trkpt lat="2.0242627" lon="103.3518713">
    <ele>282</ele>
   </trkpt>
   <trkpt lat="2.0242633" lon="103.3518671">
    <ele>282</ele>
   </trkpt>
   <trkpt lat="2.0242638" lon="103.3518629">
    <ele>282</ele>
   </trkpt>
   <trkpt lat="2.0242643" lon="103.3518586">
    <ele>282</ele>
   </trkpt>
   <trkpt lat="2.0242711" lon="103.3518397">
    <ele>281</ele>
   </trkpt>
   <trkpt lat="2.0242735" lon="103.3518329">
    <ele>281</ele>
   </trkpt>
   <trkpt lat="2.0242759" lon="103.3518260">
    <ele>281</ele>
   </trkpt>
   <trkpt lat="2.0242783" lon="103.3518191">
    <ele>281</ele>
   </trkpt>
   <trkpt lat="2.0242827" lon="103.3518001">
    <ele>280</ele>
   </trkpt>
   <trkpt lat="2.0242836" lon="103.3517963">
    <ele>280</ele>
   </trkpt>
   <trkpt lat="2.0242845" lon="103.3517926">
    <ele>280</ele>
   </trkpt>
   <trkpt lat="2.0242854" lon="103.3517889">
    <ele>280</ele>
   </trkpt>
   <trkpt lat="2.0242944" lon="103.3517829">
    <ele>279</ele>
   </trkpt>
   <trkpt lat="2.0242954" lon="103.3517821">
    <ele>279</ele>
   </trkpt>
   <trkpt lat="2.0242965" lon="103.3517813">
    <ele>279</ele>
   </trkpt>
   <trkpt lat="2.0242975" lon="103.3517805">
    <ele>279</ele>
   </trkpt>
   <trkpt lat="2.0242986" lon="103.3517797">
    <ele>278</ele>
   </trkpt>
   <trkpt lat="2.0243039" lon="103.3517696">
    <ele>278</ele>
   </trkpt>
   <trkpt lat="2.0243058" lon="103.3517647">
    <ele>277</ele>
   </trkpt>
   <trkpt lat="2.0243078" lon="103.3517598">
    <ele>277</ele>
   </trkpt>
   <trkpt lat="2.0243098" lon="103.3517549">
    <ele>276</ele>
   </trkpt>
   <trkpt lat="2.0243180" lon="103.3517385">
    <ele>276</ele>
   </trkpt>
   <trkpt lat="2.0243216" lon="103.3517334">
    <ele>276</ele>
   </trkpt>
   <trkpt lat="2.0243253" lon="103.3517283">
    <ele>276</ele>
   </trkpt>
   <trkpt lat="2.0243290" lon="103.3517232">
    <ele>275</ele>
   </trkpt>
   <trkpt lat="2.0243360" lon="103.3517138">
    <ele>273</ele>
   </trkpt>
   <trkpt lat="2.0243421" lon="103.3517010">
    <ele>272</ele>
   </trkpt>
   <trkpt lat="2.0243428" lon="103.3516956">
    <ele>272</ele>
   </trkpt>
   <trkpt lat="2.0243435" lon="103.3516903">
    <ele>271</ele>
   </trkpt>
   <trkpt lat="2.0243443" lon="103.3516850">
    <ele>271</ele>
   </trkpt>
   <trkpt lat="2.0243470" lon="103.3516698">
    <ele>271</ele>
   </trkpt>
   <trkpt lat="2.0243494" lon="103.3516664">
    <ele>271</ele>
   </trkpt>
   <trkpt lat="2.0243517" lon="103.3516630">
    <ele>270</ele>
   </trkpt>
   <trkpt lat="2.0243543" lon="103.3516596">
    <ele>270</ele>
   </trkpt>
   <trkpt lat="2.0243606" lon="103.3516560">
    <ele>270</ele>
   </trkpt>
   <trkpt lat="2.0243699" lon="103.3516520">
    <ele>268</ele>
   </trkpt>
   <trkpt lat="2.0243855" lon="103.3516475">
    <ele>267</ele>
   </trkpt>
   <trkpt lat="2.0243913" lon="103.3516462">
    <ele>267</ele>
   </trkpt>
   <trkpt lat="2.0243971" lon="103.3516449">
    <ele>266</ele>
   </trkpt>
   <trkpt lat="2.0244029" lon="103.3516437">
    <ele>266</ele>
   </trkpt>
   <trkpt lat="2.0244282" lon="103.3516362">
    <ele>266</ele>
   </trkpt>
   <trkpt lat="2.0244320" lon="103.3516336">
    <ele>266</ele>
   </trkpt>
   <trkpt lat="2.0244359" lon="103.3516311">
    <ele>265</ele>
   </trkpt>
   <trkpt lat="2.0244398" lon="103.3516286">
    <ele>265</ele>
   </trkpt>
   <trkpt lat="2.0244509" lon="103.3516099">
    <ele>264</ele>
   </trkpt>
   <trkpt lat="2.0244534" lon="103.3515890">
    <ele>262</ele>
   </trkpt>
   <trkpt lat="2.0244498" lon="103.3515764">
    <ele>262</ele>
   </trkpt>
   <trkpt lat="2.0244475" lon="103.3515740">
    <ele>262</ele>
   </trkpt>
   <trkpt lat="2.0244452" lon="103.3515718">
    <ele>262</ele>
   </trkpt>
   <trkpt lat="2.0244430" lon="103.3515695">
    <ele>262</ele>
   </trkpt>
   <trkpt lat="2.0244365" lon="103.3515625">
    <ele>262</ele>
   </trkpt>
   <trkpt lat="2.0244359" lon="103.3515587">
    <ele>262</ele>
   </trkpt>
   <trkpt lat="2.0244353" lon="103.3515550">
    <ele>262</ele>
   </trkpt>
   <trkpt lat="2.0244348" lon="103.3515513">
    <ele>261</ele>
   </trkpt>
   <trkpt lat="2.0244417" lon="103.3515396">
    <ele>261</ele>
   </trkpt>
   <trkpt lat="2.0244455" lon="103.3515357">
    <ele>260</ele>
   </trkpt>
   <trkpt lat="2.0244494" lon="103.3515320">
    <ele>260</ele>
   </trkpt>
   <trkpt lat="2.0244532" lon="103.3515283">
    <ele>259</ele>
   </trkpt>
   <trkpt lat="2.0244654" lon="103.3515127">
    <ele>259</ele>
   </trkpt>
   <trkpt lat="2.0244703" lon="103.3515067">
    <ele>259</ele>
   </trkpt>
   <trkpt lat="2.0244753" lon="103.3515007">
    <ele>259</ele>
   </trkpt>
   <trkpt lat="2.0244802" lon="103.3514948">
    <ele>258</ele>
   </trkpt>
   <trkpt lat="2.0245019" lon="103.3514795">
    <ele>258</ele>
   </trkpt>
   <trkpt lat="2.0245218" lon="103.3514644">
    <ele>252</ele>
   </trkpt>
   <trkpt lat="2.0245463" lon="103.3514447">
    <ele>252</ele>
   </trkpt>
   <trkpt lat="2.0245582" lon="103.3514322">
    <ele>248</ele>
   </trkpt>
   <trkpt lat="2.0245601" lon="103.3514219">
    <ele>248</ele>
   </trkpt>
   <trkpt lat="2.0245588" lon="103.3514171">
    <ele>248</ele>
   </trkpt>
   <trkpt lat="2.0245574" lon="103.3514124">
    <ele>247</ele>
   </trkpt>
   <trkpt lat="2.0245563" lon="103.3514077">
    <ele>247</ele>
   </trkpt>
   <trkpt lat="2.0245520" lon="103.3513909">
    <ele>247</ele>
   </trkpt>
   <trkpt lat="2.0245515" lon="103.3513726">
    <ele>245</ele>
   </trkpt>
   <trkpt lat="2.0245536" lon="103.3513574">
    <ele>244</ele>
   </trkpt>
   <trkpt lat="2.0245551" lon="103.3513515">
    <ele>244</ele>
   </trkpt>
   <trkpt lat="2.0245566" lon="103.3513456">
    <ele>244</ele>
   </trkpt>
   <trkpt lat="2.0245581" lon="103.3513398">
    <ele>244</ele>
   </trkpt>
   <trkpt lat="2.0245601" lon="103.3513325">
    <ele>243</ele>
   </trkpt>
   <trkpt lat="2.0245624" lon="103.3513252">
    <ele>243</ele>
   </trkpt>
   <trkpt lat="2.0245646" lon="103.3513180">
    <ele>243</ele>
   </trkpt>
   <trkpt lat="2.0245694" lon="103.3513070">
    <ele>241</ele>
   </trkpt>
   <trkpt lat="2.0245739" lon="103.3512904">
    <ele>241</ele>
   </trkpt>
   <trkpt lat="2.0245734" lon="103.3512858">
    <ele>240</ele>
   </trkpt>
   <trkpt lat="2.0245729" lon="103.3512812">
    <ele>240</ele>
   </trkpt>
   <trkpt lat="2.0245724" lon="103.3512766">
    <ele>240</ele>
   </trkpt>
   <trkpt lat="2.0245720" lon="103.3512720">
    <ele>240</ele>
   </trkpt>
   <trkpt lat="2.0245655" lon="103.3512420">
    <ele>239</ele>
   </trkpt>
   <trkpt lat="2.0245638" lon="103.3512310">
    <ele>239</ele>
   </trkpt>
   <trkpt lat="2.0245620" lon="103.3512201">
    <ele>239</ele>
   </trkpt>
   <trkpt lat="2.0245604" lon="103.3512092">
    <ele>239</ele>
   </trkpt>
   <trkpt lat="2.0245563" lon="103.3511817">
    <ele>238</ele>
   </trkpt>
   <trkpt lat="2.0245550" lon="103.3511735">
    <ele>238</ele>
   </trkpt>
   <trkpt lat="2.0245536" lon="103.3511653">
    <ele>238</ele>
   </trkpt>
   <trkpt lat="2.0245524" lon="103.3511572">
    <ele>238</ele>
   </trkpt>
   <trkpt lat="2.0245495" lon="103.3511310">
    <ele>237</ele>
   </trkpt>
   <trkpt lat="2.0245490" lon="103.3511222">
    <ele>237</ele>
   </trkpt>
   <trkpt lat="2.0245486" lon="103.3511135">
    <ele>237</ele>
   </trkpt>
   <trkpt lat="2.0245482" lon="103.3511048">
    <ele>237</ele>
   </trkpt>
   <trkpt lat="2.0245428" lon="103.3510807">
    <ele>236</ele>
   </trkpt>
   <trkpt lat="2.0245400" lon="103.3510718">
    <ele>236</ele>
   </trkpt>
   <trkpt lat="2.0245372" lon="103.3510631">
    <ele>235</ele>
   </trkpt>
   <trkpt lat="2.0245345" lon="103.3510543">
    <ele>235</ele>
   </trkpt>
   <trkpt lat="2.0245259" lon="103.3510225">
    <ele>234</ele>
   </trkpt>
   <trkpt lat="2.0245247" lon="103.3510096">
    <ele>234</ele>
   </trkpt>
   <trkpt lat="2.0245235" lon="103.3509967">
    <ele>233</ele>
   </trkpt>
   <trkpt lat="2.0245223" lon="103.3509838">
    <ele>233</ele>
   </trkpt>
   <trkpt lat="2.0245246" lon="103.3509501">
    <ele>232</ele>
   </trkpt>
   <trkpt lat="2.0245243" lon="103.3509413">
    <ele>232</ele>
   </trkpt>
   <trkpt lat="2.0245242" lon="103.3509325">
    <ele>231</ele>
   </trkpt>
   <trkpt lat="2.0245240" lon="103.3509237">
    <ele>231</ele>
   </trkpt>
   <trkpt lat="2.0245169" lon="103.3509027">
    <ele>230</ele>
   </trkpt>
   <trkpt lat="2.0245123" lon="103.3508956">
    <ele>230</ele>
   </trkpt>
   <trkpt lat="2.0245077" lon="103.3508885">
    <ele>230</ele>
   </trkpt>
   <trkpt lat="2.0245032" lon="103.3508814">
    <ele>230</ele>
   </trkpt>
   <trkpt lat="2.0244839" lon="103.3508565">
    <ele>229</ele>
   </trkpt>
   <trkpt lat="2.0244787" lon="103.3508468">
    <ele>229</ele>
   </trkpt>
   <trkpt lat="2.0244737" lon="103.3508373">
    <ele>229</ele>
   </trkpt>
   <trkpt lat="2.0244686" lon="103.3508278">
    <ele>229</ele>
   </trkpt>
   <trkpt lat="2.0244589" lon="103.3507976">
    <ele>228</ele>
   </trkpt>
   <trkpt lat="2.0244570" lon="103.3507871">
    <ele>228</ele>
   </trkpt>
   <trkpt lat="2.0244553" lon="103.3507767">
    <ele>228</ele>
   </trkpt>
   <trkpt lat="2.0244535" lon="103.3507663">
    <ele>228</ele>
   </trkpt>
   <trkpt lat="2.0244535" lon="103.3507309">
    <ele>227</ele>
   </trkpt>
   <trkpt lat="2.0244548" lon="103.3507173">
    <ele>227</ele>
   </trkpt>
   <trkpt lat="2.0244561" lon="103.3507039">
    <ele>227</ele>
   </trkpt>
   <trkpt lat="2.0244574" lon="103.3506905">
    <ele>227</ele>
   </trkpt>
   <trkpt lat="2.0244683" lon="103.3506489">
    <ele>226</ele>
   </trkpt>
   <trkpt lat="2.0244755" lon="103.3506342">
    <ele>226</ele>
   </trkpt>
   <trkpt lat="2.0244827" lon="103.3506194">
    <ele>225</ele>
   </trkpt>
   <trkpt lat="2.0244900" lon="103.3506048">
    <ele>225</ele>
   </trkpt>
   <trkpt lat="2.0245171" lon="103.3505574">
    <ele>224</ele>
   </trkpt>
   <trkpt lat="2.0245262" lon="103.3505433">
    <ele>224</ele>
   </trkpt>
   <trkpt lat="2.0245353" lon="103.3505291">
    <ele>223</ele>
   </trkpt>
   <trkpt lat="2.0245445" lon="103.3505148">
    <ele>223</ele>
   </trkpt>
   <trkpt lat="2.0245619" lon="103.3504752">
    <ele>222</ele>
   </trkpt>
   <trkpt lat="2.0245645" lon="103.3504598">
    <ele>222</ele>
   </trkpt>
   <trkpt lat="2.0245672" lon="103.3504444">
    <ele>222</ele>
   </trkpt>
   <trkpt lat="2.0245699" lon="103.3504291">
    <ele>222</ele>
   </trkpt>
   <trkpt lat="2.0245745" lon="103.3503774">
    <ele>221</ele>
   </trkpt>
   <trkpt lat="2.0245762" lon="103.3503602">
    <ele>221</ele>
   </trkpt>
   <trkpt lat="2.0245779" lon="103.3503431">
    <ele>221</ele>
   </trkpt>
   <trkpt lat="2.0245797" lon="103.3503260">
    <ele>221</ele>
   </trkpt>
   <trkpt lat="2.0245838" lon="103.3502776">
    <ele>220</ele>
   </trkpt>
   <trkpt lat="2.0245852" lon="103.3502609">
    <ele>220</ele>
   </trkpt>
   <trkpt lat="2.0245866" lon="103.3502443">
    <ele>219</ele>
   </trkpt>
   <trkpt lat="2.0245880" lon="103.3502277">
    <ele>219</ele>
   </trkpt>
   <trkpt lat="2.0245961" lon="103.3501753">
    <ele>218</ele>
   </trkpt>
   <trkpt lat="2.0246003" lon="103.3501576">
    <ele>218</ele>
   </trkpt>
   <trkpt lat="2.0246045" lon="103.3501399">
    <ele>217</ele>
   </trkpt>
   <trkpt lat="2.0246088" lon="103.3501222">
    <ele>217</ele>
   </trkpt>
   <trkpt lat="2.0246255" lon="103.3500712">
    <ele>216</ele>
   </trkpt>
   <trkpt lat="2.0246296" lon="103.3500567">
    <ele>216</ele>
   </trkpt>
   <trkpt lat="2.0246337" lon="103.3500422">
    <ele>215</ele>
   </trkpt>
   <trkpt lat="2.0246378" lon="103.3500278">
    <ele>215</ele>
   </trkpt>
   <trkpt lat="2.0246428" lon="103.3499937">
    <ele>214</ele>
   </trkpt>
   <trkpt lat="2.0246414" lon="103.3499830">
    <ele>214</ele>
   </trkpt>
   <trkpt lat="2.0246400" lon="103.3499722">
    <ele>214</ele>
   </trkpt>
   <trkpt lat="2.0246386" lon="103.3499614">
    <ele>214</ele>
   </trkpt>
   <trkpt lat="2.0246273" lon="103.3499223">
    <ele>213</ele>
   </trkpt>
   <trkpt lat="2.0246228" lon="103.3499080">
    <ele>213</ele>
   </trkpt>
   <trkpt lat="2.0246184" lon="103.3498937">
    <ele>212</ele>
   </trkpt>
   <trkpt lat="2.0246140" lon="103.3498795">
    <ele>212</ele>
   </trkpt>
   <trkpt lat="2.0246012" lon="103.3498310">
    <ele>211</ele>
   </trkpt>
   <trkpt lat="2.0245965" lon="103.3498144">
    <ele>211</ele>
   </trkpt>
   <trkpt lat="2.0245918" lon="103.3497981">
    <ele>210</ele>
   </trkpt>
   <trkpt lat="2.0245871" lon="103.3497817">
    <ele>210</ele>
   </trkpt>
   <trkpt lat="2.0245676" lon="103.3497329">
    <ele>209</ele>
   </trkpt>
   <trkpt lat="2.0245608" lon="103.3497177">
    <ele>209</ele>
   </trkpt>
   <trkpt lat="2.0245540" lon="103.3497028">
    <ele>208</ele>
   </trkpt>
   <trkpt lat="2.0245473" lon="103.3496878">
    <ele>208</ele>
   </trkpt>
   <trkpt lat="2.0245281" lon="103.3496489">
    <ele>207</ele>
   </trkpt>
   <trkpt lat="2.0245201" lon="103.3496386">
    <ele>207</ele>
   </trkpt>
   <trkpt lat="2.0245121" lon="103.3496283">
    <ele>207</ele>
   </trkpt>
   <trkpt lat="2.0245041" lon="103.3496180">
    <ele>207</ele>
   </trkpt>
   <trkpt lat="2.0244703" lon="103.3495893">
    <ele>206</ele>
   </trkpt>
   <trkpt lat="2.0244566" lon="103.3495808">
    <ele>206</ele>
   </trkpt>
   <trkpt lat="2.0244429" lon="103.3495723">
    <ele>206</ele>
   </trkpt>
   <trkpt lat="2.0244293" lon="103.3495638">
    <ele>206</ele>
   </trkpt>
   <trkpt lat="2.0244222" lon="103.3495607">
    <ele>205</ele>
   </trkpt>
   <trkpt lat="2.0244151" lon="103.3495576">
    <ele>205</ele>
   </trkpt>
   <trkpt lat="2.0244080" lon="103.3495546">
    <ele>204</ele>
   </trkpt>
   <trkpt lat="2.0244009" lon="103.3495515">
    <ele>204</ele>
   </trkpt>
   <trkpt lat="2.0243938" lon="103.3495485">
    <ele>204</ele>
   </trkpt>
   <trkpt lat="2.0243766" lon="103.3495382">
    <ele>204</ele>
   </trkpt>
   <trkpt lat="2.0243712" lon="103.3495309">
    <ele>204</ele>
   </trkpt>
   <trkpt lat="2.0243658" lon="103.3495236">
    <ele>204</ele>
   </trkpt>
   <trkpt lat="2.0243604" lon="103.3495164">
    <ele>203</ele>
   </trkpt>
   <trkpt lat="2.0243352" lon="103.3494854">
    <ele>203</ele>
   </trkpt>
   <trkpt lat="2.0243239" lon="103.3494742">
    <ele>203</ele>
   </trkpt>
   <trkpt lat="2.0243126" lon="103.3494631">
    <ele>203</ele>
   </trkpt>
   <trkpt lat="2.0243013" lon="103.3494520">
    <ele>202</ele>
   </trkpt>
   <trkpt lat="2.0242602" lon="103.3494225">
    <ele>202</ele>
   </trkpt>
   <trkpt lat="2.0242488" lon="103.3494125">
    <ele>202</ele>
   </trkpt>
   <trkpt lat="2.0242374" lon="103.3494027">
    <ele>202</ele>
   </trkpt>
   <trkpt lat="2.0242260" lon="103.3493928">
    <ele>201</ele>
   </trkpt>
   <trkpt lat="2.0242029" lon="103.3493758">
    <ele>201</ele>
   </trkpt>
   <trkpt lat="2.0241973" lon="103.3493741">
    <ele>201</ele>
   </trkpt>
   <trkpt lat="2.0241920" lon="103.3493723">
    <ele>201</ele>
   </trkpt>
   <trkpt lat="2.0241866" lon="103.3493708">
    <ele>201</ele>
   </trkpt>
   <trkpt lat="2.0241805" lon="103.3493726">
    <ele>201</ele>
   </trkpt>
   <trkpt lat="2.0241744" lon="103.3493744">
    <ele>201</ele>
   </trkpt>
   <trkpt lat="2.0241683" lon="103.3493762">
    <ele>201</ele>
   </trkpt>
   <trkpt lat="2.0241506" lon="103.3493825">
    <ele>200</ele>
   </trkpt>
   <trkpt lat="2.0241436" lon="103.3493832">
    <ele>200</ele>
   </trkpt>
   <trkpt lat="2.0241367" lon="103.3493840">
    <ele>200</ele>
   </trkpt>
   <trkpt lat="2.0241298" lon="103.3493848">
    <ele>200</ele>
   </trkpt>
   <trkpt lat="2.0241102" lon="103.3493825">
    <ele>199</ele>
   </trkpt>
   <trkpt lat="2.0241045" lon="103.3493785">
    <ele>199</ele>
   </trkpt>
   <trkpt lat="2.0240987" lon="103.3493745">
    <ele>199</ele>
   </trkpt>
   <trkpt lat="2.0240929" lon="103.3493706">
    <ele>199</ele>
   </trkpt>
   <trkpt lat="2.0240798" lon="103.3493528">
    <ele>198</ele>
   </trkpt>
   <trkpt lat="2.0240755" lon="103.3493474">
    <ele>198</ele>
   </trkpt>
   <trkpt lat="2.0240712" lon="103.3493422">
    <ele>198</ele>
   </trkpt>
   <trkpt lat="2.0240670" lon="103.3493369">
    <ele>198</ele>
   </trkpt>
   <trkpt lat="2.0240486" lon="103.3493251">
    <ele>197</ele>
   </trkpt>
   <trkpt lat="2.0240439" lon="103.3493216">
    <ele>197</ele>
   </trkpt>
   <trkpt lat="2.0240392" lon="103.3493181">
    <ele>196</ele>
   </trkpt>
   <trkpt lat="2.0240344" lon="103.3493146">
    <ele>196</ele>
   </trkpt>
   <trkpt lat="2.0240297" lon="103.3493112">
    <ele>195</ele>
   </trkpt>
   <trkpt lat="2.0240215" lon="103.3493054">
    <ele>195</ele>
   </trkpt>
   <trkpt lat="2.0240173" lon="103.3493029">
    <ele>194</ele>
   </trkpt>
   <trkpt lat="2.0240131" lon="103.3493005">
    <ele>194</ele>
   </trkpt>
   <trkpt lat="2.0240090" lon="103.3492981">
    <ele>193</ele>
   </trkpt>
   <trkpt lat="2.0239988" lon="103.3492884">
    <ele>193</ele>
   </trkpt>
   <trkpt lat="2.0239951" lon="103.3492834">
    <ele>193</ele>
   </trkpt>
   <trkpt lat="2.0239914" lon="103.3492784">
    <ele>193</ele>
   </trkpt>
   <trkpt lat="2.0239878" lon="103.3492734">
    <ele>192</ele>
   </trkpt>
   <trkpt lat="2.0239713" lon="103.3492495">
    <ele>192</ele>
   </trkpt>
   <trkpt lat="2.0239653" lon="103.3492421">
    <ele>192</ele>
   </trkpt>
   <trkpt lat="2.0239594" lon="103.3492347">
    <ele>192</ele>
   </trkpt>
   <trkpt lat="2.0239535" lon="103.3492273">
    <ele>191</ele>
   </trkpt>
   <trkpt lat="2.0239396" lon="103.3492142">
    <ele>189</ele>
   </trkpt>
   <trkpt lat="2.0239313" lon="103.3492104">
    <ele>189</ele>
   </trkpt>
   <trkpt lat="2.0239276" lon="103.3492095">
    <ele>189</ele>
   </trkpt>
   <trkpt lat="2.0239240" lon="103.3492087">
    <ele>189</ele>
   </trkpt>
   <trkpt lat="2.0239204" lon="103.3492079">
    <ele>189</ele>
   </trkpt>
   <trkpt lat="2.0239132" lon="103.3492027">
    <ele>189</ele>
   </trkpt>
   <trkpt lat="2.0239109" lon="103.3491994">
    <ele>189</ele>
   </trkpt>
   <trkpt lat="2.0239085" lon="103.3491961">
    <ele>189</ele>
   </trkpt>
   <trkpt lat="2.0239062" lon="103.3491928">
    <ele>190</ele>
   </trkpt>
   <trkpt lat="2.0238964" lon="103.3491849">
    <ele>190</ele>
   </trkpt>
   <trkpt lat="2.0238891" lon="103.3491808">
    <ele>191</ele>
   </trkpt>
   <trkpt lat="2.0238796" lon="103.3491749">
    <ele>191</ele>
   </trkpt>
   <trkpt lat="2.0238780" lon="103.3491722">
    <ele>191</ele>
   </trkpt>
   <trkpt lat="2.0238763" lon="103.3491695">
    <ele>191</ele>
   </trkpt>
   <trkpt lat="2.0238748" lon="103.3491669">
    <ele>191</ele>
   </trkpt>
   <trkpt lat="2.0238715" lon="103.3491546">
    <ele>191</ele>
   </trkpt>
   <trkpt lat="2.0238698" lon="103.3491495">
    <ele>191</ele>
   </trkpt>
   <trkpt lat="2.0238681" lon="103.3491444">
    <ele>191</ele>
   </trkpt>
   <trkpt lat="2.0238665" lon="103.3491393">
    <ele>191</ele>
   </trkpt>
   <trkpt lat="2.0238598" lon="103.3491184">
    <ele>191</ele>
   </trkpt>
   <trkpt lat="2.0238573" lon="103.3491111">
    <ele>191</ele>
   </trkpt>
   <trkpt lat="2.0238551" lon="103.3491038">
    <ele>190</ele>
   </trkpt>
   <trkpt lat="2.0238527" lon="103.3490965">
    <ele>190</ele>
   </trkpt>
   <trkpt lat="2.0238459" lon="103.3490714">
    <ele>190</ele>
   </trkpt>
   <trkpt lat="2.0238436" lon="103.3490606">
    <ele>190</ele>
   </trkpt>
   <trkpt lat="2.0238413" lon="103.3490498">
    <ele>189</ele>
   </trkpt>
   <trkpt lat="2.0238391" lon="103.3490391">
    <ele>189</ele>
   </trkpt>
   <trkpt lat="2.0238306" lon="103.3490096">
    <ele>189</ele>
   </trkpt>
   <trkpt lat="2.0238267" lon="103.3489993">
    <ele>189</ele>
   </trkpt>
   <trkpt lat="2.0238229" lon="103.3489890">
    <ele>188</ele>
   </trkpt>
   <trkpt lat="2.0238191" lon="103.3489788">
    <ele>188</ele>
   </trkpt>
   <trkpt lat="2.0238058" lon="103.3489391">
    <ele>188</ele>
   </trkpt>
   <trkpt lat="2.0238003" lon="103.3489258">
    <ele>188</ele>
   </trkpt>
   <trkpt lat="2.0237948" lon="103.3489126">
    <ele>187</ele>
   </trkpt>
   <trkpt lat="2.0237894" lon="103.3488993">
    <ele>187</ele>
   </trkpt>
   <trkpt lat="2.0237628" lon="103.3488695">
    <ele>187</ele>
   </trkpt>
   <trkpt lat="2.0237515" lon="103.3488622">
    <ele>187</ele>
   </trkpt>
   <trkpt lat="2.0237403" lon="103.3488552">
    <ele>186</ele>
   </trkpt>
   <trkpt lat="2.0237291" lon="103.3488481">
    <ele>186</ele>
   </trkpt>
   <trkpt lat="2.0236996" lon="103.3488278">
    <ele>185</ele>
   </trkpt>
   <trkpt lat="2.0236933" lon="103.3488186">
    <ele>185</ele>
   </trkpt>
   <trkpt lat="2.0236869" lon="103.3488093">
    <ele>184</ele>
   </trkpt>
   <trkpt lat="2.0236808" lon="103.3488002">
    <ele>184</ele>
   </trkpt>
   <trkpt lat="2.0236702" lon="103.3487617">
    <ele>183</ele>
   </trkpt>
   <trkpt lat="2.0236675" lon="103.3487469">
    <ele>183</ele>
   </trkpt>
   <trkpt lat="2.0236649" lon="103.3487321">
    <ele>182</ele>
   </trkpt>
   <trkpt lat="2.0236622" lon="103.3487173">
    <ele>182</ele>
   </trkpt>
   <trkpt lat="2.0236526" lon="103.3486688">
    <ele>181</ele>
   </trkpt>
   <trkpt lat="2.0236485" lon="103.3486520">
    <ele>181</ele>
   </trkpt>
   <trkpt lat="2.0236443" lon="103.3486353">
    <ele>180</ele>
   </trkpt>
   <trkpt lat="2.0236404" lon="103.3486186">
    <ele>180</ele>
   </trkpt>
   <trkpt lat="2.0236261" lon="103.3485688">
    <ele>180</ele>
   </trkpt>
   <trkpt lat="2.0236218" lon="103.3485527">
    <ele>180</ele>
   </trkpt>
   <trkpt lat="2.0236176" lon="103.3485366">
    <ele>179</ele>
   </trkpt>
   <trkpt lat="2.0236134" lon="103.3485205">
    <ele>179</ele>
   </trkpt>
   <trkpt lat="2.0236047" lon="103.3484744">
    <ele>178</ele>
   </trkpt>
   <trkpt lat="2.0236050" lon="103.3484586">
    <ele>178</ele>
   </trkpt>
   <trkpt lat="2.0236054" lon="103.3484428">
    <ele>177</ele>
   </trkpt>
   <trkpt lat="2.0236058" lon="103.3484271">
    <ele>177</ele>
   </trkpt>
   <trkpt lat="2.0236143" lon="103.3483773">
    <ele>176</ele>
   </trkpt>
   <trkpt lat="2.0236165" lon="103.3483602">
    <ele>176</ele>
   </trkpt>
   <trkpt lat="2.0236187" lon="103.3483430">
    <ele>175</ele>
   </trkpt>
   <trkpt lat="2.0236210" lon="103.3483261">
    <ele>175</ele>
   </trkpt>
   <trkpt lat="2.0236170" lon="103.3482797">
    <ele>175</ele>
   </trkpt>
   <trkpt lat="2.0236156" lon="103.3482642">
    <ele>175</ele>
   </trkpt>
   <trkpt lat="2.0236142" lon="103.3482487">
    <ele>174</ele>
   </trkpt>
   <trkpt lat="2.0236128" lon="103.3482334">
    <ele>174</ele>
   </trkpt>
   <trkpt lat="2.0236191" lon="103.3481791">
    <ele>173</ele>
   </trkpt>
   <trkpt lat="2.0236255" lon="103.3481616">
    <ele>173</ele>
   </trkpt>
   <trkpt lat="2.0236319" lon="103.3481441">
    <ele>172</ele>
   </trkpt>
   <trkpt lat="2.0236383" lon="103.3481266">
    <ele>172</ele>
   </trkpt>
   <trkpt lat="2.0236593" lon="103.3480837">
    <ele>172</ele>
   </trkpt>
   <trkpt lat="2.0236657" lon="103.3480701">
    <ele>172</ele>
   </trkpt>
   <trkpt lat="2.0236722" lon="103.3480565">
    <ele>171</ele>
   </trkpt>
   <trkpt lat="2.0236787" lon="103.3480429">
    <ele>171</ele>
   </trkpt>
   <trkpt lat="2.0237051" lon="103.3480018">
    <ele>171</ele>
   </trkpt>
   <trkpt lat="2.0237126" lon="103.3479859">
    <ele>171</ele>
   </trkpt>
   <trkpt lat="2.0237202" lon="103.3479700">
    <ele>170</ele>
   </trkpt>
   <trkpt lat="2.0237278" lon="103.3479542">
    <ele>170</ele>
   </trkpt>
   <trkpt lat="2.0237354" lon="103.3479020">
    <ele>170</ele>
   </trkpt>
   <trkpt lat="2.0237352" lon="103.3478838">
    <ele>170</ele>
   </trkpt>
   <trkpt lat="2.0237350" lon="103.3478657">
    <ele>169</ele>
   </trkpt>
   <trkpt lat="2.0237348" lon="103.3478476">
    <ele>169</ele>
   </trkpt>
   <trkpt lat="2.0237349" lon="103.3477900">
    <ele>169</ele>
   </trkpt>
   <trkpt lat="2.0237359" lon="103.3477705">
    <ele>169</ele>
   </trkpt>
   <trkpt lat="2.0237370" lon="103.3477510">
    <ele>169</ele>
   </trkpt>
   <trkpt lat="2.0237381" lon="103.3477316">
    <ele>169</ele>
   </trkpt>
   <trkpt lat="2.0237443" lon="103.3476727">
    <ele>169</ele>
   </trkpt>
   <trkpt lat="2.0237476" lon="103.3476541">
    <ele>169</ele>
   </trkpt>
   <trkpt lat="2.0237510" lon="103.3476355">
    <ele>168</ele>
   </trkpt>
   <trkpt lat="2.0237544" lon="103.3476170">
    <ele>168</ele>
   </trkpt>
   <trkpt lat="2.0237693" lon="103.3475612">
    <ele>167</ele>
   </trkpt>
   <trkpt lat="2.0237735" lon="103.3475431">
    <ele>167</ele>
   </trkpt>
   <trkpt lat="2.0237778" lon="103.3475250">
    <ele>166</ele>
   </trkpt>
   <trkpt lat="2.0237821" lon="103.3475069">
    <ele>166</ele>
   </trkpt>
   <trkpt lat="2.0237938" lon="103.3474607">
    <ele>165</ele>
   </trkpt>
   <trkpt lat="2.0237949" lon="103.3474496">
    <ele>165</ele>
   </trkpt>
   <trkpt lat="2.0237960" lon="103.3474386">
    <ele>164</ele>
   </trkpt>
   <trkpt lat="2.0237972" lon="103.3474276">
    <ele>164</ele>
   </trkpt>
   <trkpt lat="2.0237919" lon="103.3474037">
    <ele>164</ele>
   </trkpt>
   <trkpt lat="2.0237894" lon="103.3473975">
    <ele>164</ele>
   </trkpt>
   <trkpt lat="2.0237869" lon="103.3473915">
    <ele>163</ele>
   </trkpt>
   <trkpt lat="2.0237844" lon="103.3473853">
    <ele>163</ele>
   </trkpt>
   <trkpt lat="2.0237749" lon="103.3473698">
    <ele>162</ele>
   </trkpt>
   <trkpt lat="2.0237718" lon="103.3473642">
    <ele>162</ele>
   </trkpt>
   <trkpt lat="2.0237687" lon="103.3473586">
    <ele>161</ele>
   </trkpt>
   <trkpt lat="2.0237656" lon="103.3473531">
    <ele>161</ele>
   </trkpt>
   <trkpt lat="2.0237613" lon="103.3473482">
    <ele>161</ele>
   </trkpt>
   <trkpt lat="2.0237569" lon="103.3473434">
    <ele>161</ele>
   </trkpt>
   <trkpt lat="2.0237526" lon="103.3473387">
    <ele>160</ele>
   </trkpt>
   <trkpt lat="2.0237413" lon="103.3473276">
    <ele>160</ele>
   </trkpt>
   <trkpt lat="2.0237311" lon="103.3473204">
    <ele>160</ele>
   </trkpt>
   <trkpt lat="2.0237287" lon="103.3473145">
    <ele>160</ele>
   </trkpt>
   <trkpt lat="2.0237304" lon="103.3472994">
    <ele>158</ele>
   </trkpt>
   <trkpt lat="2.0237278" lon="103.3472842">
    <ele>158</ele>
   </trkpt>
   <trkpt lat="2.0237257" lon="103.3472805">
    <ele>158</ele>
   </trkpt>
   <trkpt lat="2.0237238" lon="103.3472769">
    <ele>158</ele>
   </trkpt>
   <trkpt lat="2.0237219" lon="103.3472733">
    <ele>158</ele>
   </trkpt>
   <trkpt lat="2.0237140" lon="103.3472633">
    <ele>158</ele>
   </trkpt>
   <trkpt lat="2.0237110" lon="103.3472593">
    <ele>158</ele>
   </trkpt>
   <trkpt lat="2.0237080" lon="103.3472554">
    <ele>158</ele>
   </trkpt>
   <trkpt lat="2.0237050" lon="103.3472515">
    <ele>157</ele>
   </trkpt>
   <trkpt lat="2.0236922" lon="103.3472417">
    <ele>157</ele>
   </trkpt>
   <trkpt lat="2.0236875" lon="103.3472366">
    <ele>157</ele>
   </trkpt>
   <trkpt lat="2.0236828" lon="103.3472315">
    <ele>157</ele>
   </trkpt>
   <trkpt lat="2.0236781" lon="103.3472264">
    <ele>156</ele>
   </trkpt>
   <trkpt lat="2.0236690" lon="103.3472049">
    <ele>156</ele>
   </trkpt>
   <trkpt lat="2.0236676" lon="103.3471962">
    <ele>156</ele>
   </trkpt>
   <trkpt lat="2.0236662" lon="103.3471875">
    <ele>156</ele>
   </trkpt>
   <trkpt lat="2.0236649" lon="103.3471788">
    <ele>155</ele>
   </trkpt>
   <trkpt lat="2.0236618" lon="103.3471457">
    <ele>155</ele>
   </trkpt>
   <trkpt lat="2.0236624" lon="103.3471322">
    <ele>154</ele>
   </trkpt>
   <trkpt lat="2.0236630" lon="103.3471187">
    <ele>154</ele>
   </trkpt>
   <trkpt lat="2.0236637" lon="103.3471052">
    <ele>153</ele>
   </trkpt>
   <trkpt lat="2.0236723" lon="103.3470629">
    <ele>153</ele>
   </trkpt>
   <trkpt lat="2.0236731" lon="103.3470515">
    <ele>152</ele>
   </trkpt>
   <trkpt lat="2.0236739" lon="103.3470401">
    <ele>152</ele>
   </trkpt>
   <trkpt lat="2.0236747" lon="103.3470287">
    <ele>151</ele>
   </trkpt>
   <trkpt lat="2.0236628" lon="103.3470003">
    <ele>150</ele>
   </trkpt>
   <trkpt lat="2.0236557" lon="103.3469913">
    <ele>149</ele>
   </trkpt>
   <trkpt lat="2.0236488" lon="103.3469825">
    <ele>149</ele>
   </trkpt>
   <trkpt lat="2.0236418" lon="103.3469736">
    <ele>148</ele>
   </trkpt>
   <trkpt lat="2.0236251" lon="103.3469386">
    <ele>148</ele>
   </trkpt>
   <trkpt lat="2.0236241" lon="103.3469244">
    <ele>147</ele>
   </trkpt>
   <trkpt lat="2.0236232" lon="103.3469102">
    <ele>147</ele>
   </trkpt>
   <trkpt lat="2.0236223" lon="103.3468960">
    <ele>146</ele>
   </trkpt>
   <trkpt lat="2.0236272" lon="103.3468499">
    <ele>146</ele>
   </trkpt>
   <trkpt lat="2.0236282" lon="103.3468342">
    <ele>145</ele>
   </trkpt>
   <trkpt lat="2.0236291" lon="103.3468186">
    <ele>145</ele>
   </trkpt>
   <trkpt lat="2.0236303" lon="103.3468030">
    <ele>144</ele>
   </trkpt>
   <trkpt lat="2.0236359" lon="103.3467545">
    <ele>144</ele>
   </trkpt>
   <trkpt lat="2.0236382" lon="103.3467386">
    <ele>143</ele>
   </trkpt>
   <trkpt lat="2.0236405" lon="103.3467228">
    <ele>143</ele>
   </trkpt>
   <trkpt lat="2.0236429" lon="103.3467070">
    <ele>142</ele>
   </trkpt>
   <trkpt lat="2.0236455" lon="103.3466600">
    <ele>142</ele>
   </trkpt>
   <trkpt lat="2.0236451" lon="103.3466458">
    <ele>141</ele>
   </trkpt>
   <trkpt lat="2.0236448" lon="103.3466317">
    <ele>141</ele>
   </trkpt>
   <trkpt lat="2.0236445" lon="103.3466176">
    <ele>140</ele>
   </trkpt>
   <trkpt lat="2.0236418" lon="103.3465751">
    <ele>140</ele>
   </trkpt>
   <trkpt lat="2.0236417" lon="103.3465573">
    <ele>140</ele>
   </trkpt>
   <trkpt lat="2.0236416" lon="103.3465395">
    <ele>140</ele>
   </trkpt>
   <trkpt lat="2.0236416" lon="103.3465217">
    <ele>139</ele>
   </trkpt>
   <trkpt lat="2.0236473" lon="103.3464618">
    <ele>139</ele>
   </trkpt>
   <trkpt lat="2.0236518" lon="103.3464434">
    <ele>138</ele>
   </trkpt>
   <trkpt lat="2.0236564" lon="103.3464250">
    <ele>138</ele>
   </trkpt>
   <trkpt lat="2.0236610" lon="103.3464067">
    <ele>137</ele>
   </trkpt>
   <trkpt lat="2.0236850" lon="103.3463642">
    <ele>137</ele>
   </trkpt>
   <trkpt lat="2.0236951" lon="103.3463533">
    <ele>137</ele>
   </trkpt>
   <trkpt lat="2.0237052" lon="103.3463424">
    <ele>137</ele>
   </trkpt>
   <trkpt lat="2.0237153" lon="103.3463315">
    <ele>136</ele>
   </trkpt>
   <trkpt lat="2.0237434" lon="103.3462920">
    <ele>136</ele>
   </trkpt>
   <trkpt lat="2.0237531" lon="103.3462779">
    <ele>136</ele>
   </trkpt>
   <trkpt lat="2.0237628" lon="103.3462638">
    <ele>136</ele>
   </trkpt>
   <trkpt lat="2.0237726" lon="103.3462498">
    <ele>135</ele>
   </trkpt>
   <trkpt lat="2.0237914" lon="103.3462076">
    <ele>135</ele>
   </trkpt>
   <trkpt lat="2.0237930" lon="103.3461913">
    <ele>135</ele>
   </trkpt>
   <trkpt lat="2.0237947" lon="103.3461750">
    <ele>135</ele>
   </trkpt>
   <trkpt lat="2.0237964" lon="103.3461587">
    <ele>134</ele>
   </trkpt>
   <trkpt lat="2.0238061" lon="103.3461044">
    <ele>134</ele>
   </trkpt>
   <trkpt lat="2.0238124" lon="103.3460869">
    <ele>134</ele>
   </trkpt>
   <trkpt lat="2.0238187" lon="103.3460695">
    <ele>134</ele>
   </trkpt>
   <trkpt lat="2.0238251" lon="103.3460521">
    <ele>133</ele>
   </trkpt>
   <trkpt lat="2.0238477" lon="103.3460015">
    <ele>133</ele>
   </trkpt>
   <trkpt lat="2.0238539" lon="103.3459846">
    <ele>132</ele>
   </trkpt>
   <trkpt lat="2.0238601" lon="103.3459677">
    <ele>132</ele>
   </trkpt>
   <trkpt lat="2.0238664" lon="103.3459509">
    <ele>131</ele>
   </trkpt>
   <trkpt lat="2.0238812" lon="103.3459041">
    <ele>131</ele>
   </trkpt>
   <trkpt lat="2.0238843" lon="103.3458911">
    <ele>131</ele>
   </trkpt>
   <trkpt lat="2.0238874" lon="103.3458782">
    <ele>131</ele>
   </trkpt>
   <trkpt lat="2.0238906" lon="103.3458653">
    <ele>131</ele>
   </trkpt>
   <trkpt lat="2.0238862" lon="103.3458416">
    <ele>129</ele>
   </trkpt>
   <trkpt lat="2.0238777" lon="103.3458147">
    <ele>129</ele>
   </trkpt>
   <trkpt lat="2.0238756" lon="103.3458081">
    <ele>129</ele>
   </trkpt>
   <trkpt lat="2.0238736" lon="103.3458017">
    <ele>129</ele>
   </trkpt>
   <trkpt lat="2.0238716" lon="103.3457953">
    <ele>129</ele>
   </trkpt>
   <trkpt lat="2.0238733" lon="103.3457741">
    <ele>128</ele>
   </trkpt>
   <trkpt lat="2.0238750" lon="103.3457676">
    <ele>128</ele>
   </trkpt>
   <trkpt lat="2.0238768" lon="103.3457611">
    <ele>128</ele>
   </trkpt>
   <trkpt lat="2.0238786" lon="103.3457547">
    <ele>128</ele>
   </trkpt>
   <trkpt lat="2.0238755" lon="103.3457429">
    <ele>128</ele>
   </trkpt>
   <trkpt lat="2.0238692" lon="103.3457256">
    <ele>128</ele>
   </trkpt>
   <trkpt lat="2.0238675" lon="103.3457184">
    <ele>127</ele>
   </trkpt>
   <trkpt lat="2.0238659" lon="103.3457112">
    <ele>127</ele>
   </trkpt>
   <trkpt lat="2.0238643" lon="103.3457041">
    <ele>127</ele>
   </trkpt>
   <trkpt lat="2.0238569" lon="103.3456798">
    <ele>127</ele>
   </trkpt>
   <trkpt lat="2.0238546" lon="103.3456714">
    <ele>126</ele>
   </trkpt>
   <trkpt lat="2.0238523" lon="103.3456630">
    <ele>126</ele>
   </trkpt>
   <trkpt lat="2.0238500" lon="103.3456546">
    <ele>126</ele>
   </trkpt>
   <trkpt lat="2.0238546" lon="103.3456305">
    <ele>126</ele>
   </trkpt>
   <trkpt lat="2.0238571" lon="103.3456266">
    <ele>125</ele>
   </trkpt>
   <trkpt lat="2.0238596" lon="103.3456228">
    <ele>125</ele>
   </trkpt>
   <trkpt lat="2.0238621" lon="103.3456190">
    <ele>125</ele>
   </trkpt>
   <trkpt lat="2.0238732" lon="103.3456025">
    <ele>125</ele>
   </trkpt>
   <trkpt lat="2.0238753" lon="103.3455982">
    <ele>125</ele>
   </trkpt>
   <trkpt lat="2.0238775" lon="103.3455939">
    <ele>125</ele>
   </trkpt>
   <trkpt lat="2.0238797" lon="103.3455896">
    <ele>125</ele>
   </trkpt>
   <trkpt lat="2.0238839" lon="103.3455771">
    <ele>125</ele>
   </trkpt>
   <trkpt lat="2.0238846" lon="103.3455722">
    <ele>124</ele>
   </trkpt>
   <trkpt lat="2.0238852" lon="103.3455673">
    <ele>124</ele>
   </trkpt>
   <trkpt lat="2.0238858" lon="103.3455624">
    <ele>124</ele>
   </trkpt>
   <trkpt lat="2.0238908" lon="103.3455444">
    <ele>124</ele>
   </trkpt>
   <trkpt lat="2.0238942" lon="103.3455374">
    <ele>123</ele>
   </trkpt>
   <trkpt lat="2.0238976" lon="103.3455304">
    <ele>123</ele>
   </trkpt>
   <trkpt lat="2.0239010" lon="103.3455234">
    <ele>123</ele>
   </trkpt>
   <trkpt lat="2.0239227" lon="103.3454968">
    <ele>123</ele>
   </trkpt>
   <trkpt lat="2.0239340" lon="103.3454899">
    <ele>122</ele>
   </trkpt>
   <trkpt lat="2.0239453" lon="103.3454831">
    <ele>122</ele>
   </trkpt>
   <trkpt lat="2.0239567" lon="103.3454763">
    <ele>122</ele>
   </trkpt>
   <trkpt lat="2.0239881" lon="103.3454636">
    <ele>122</ele>
   </trkpt>
   <trkpt lat="2.0239954" lon="103.3454581">
    <ele>121</ele>
   </trkpt>
   <trkpt lat="2.0240026" lon="103.3454526">
    <ele>121</ele>
   </trkpt>
   <trkpt lat="2.0240098" lon="103.3454471">
    <ele>120</ele>
   </trkpt>
   <trkpt lat="2.0240185" lon="103.3454210">
    <ele>120</ele>
   </trkpt>
   <trkpt lat="2.0240192" lon="103.3454100">
    <ele>119</ele>
   </trkpt>
   <trkpt lat="2.0240198" lon="103.3453990">
    <ele>119</ele>
   </trkpt>
   <trkpt lat="2.0240204" lon="103.3453880">
    <ele>119</ele>
   </trkpt>
   <trkpt lat="2.0240231" lon="103.3453514">
    <ele>119</ele>
   </trkpt>
   <trkpt lat="2.0240255" lon="103.3453406">
    <ele>118</ele>
   </trkpt>
   <trkpt lat="2.0240279" lon="103.3453299">
    <ele>118</ele>
   </trkpt>
   <trkpt lat="2.0240303" lon="103.3453192">
    <ele>118</ele>
   </trkpt>
   <trkpt lat="2.0240409" lon="103.3452982">
    <ele>118</ele>
   </trkpt>
   <trkpt lat="2.0240467" lon="103.3452940">
    <ele>117</ele>
   </trkpt>
   <trkpt lat="2.0240527" lon="103.3452898">
    <ele>117</ele>
   </trkpt>
   <trkpt lat="2.0240587" lon="103.3452856">
    <ele>117</ele>
   </trkpt>
   <trkpt lat="2.0240815" lon="103.3452776">
    <ele>117</ele>
   </trkpt>
   <trkpt lat="2.0240897" lon="103.3452745">
    <ele>116</ele>
   </trkpt>
   <trkpt lat="2.0240980" lon="103.3452715">
    <ele>116</ele>
   </trkpt>
   <trkpt lat="2.0241063" lon="103.3452685">
    <ele>115</ele>
   </trkpt>
   <trkpt lat="2.0241368" lon="103.3452584">
    <ele>115</ele>
   </trkpt>
   <trkpt lat="2.0241463" lon="103.3452569">
    <ele>114</ele>
   </trkpt>
   <trkpt lat="2.0241557" lon="103.3452554">
    <ele>114</ele>
   </trkpt>
   <trkpt lat="2.0241651" lon="103.3452539">
    <ele>114</ele>
   </trkpt>
   <trkpt lat="2.0241914" lon="103.3452518">
    <ele>114</ele>
   </trkpt>
   <trkpt lat="2.0242016" lon="103.3452515">
    <ele>113</ele>
   </trkpt>
   <trkpt lat="2.0242119" lon="103.3452511">
    <ele>113</ele>
   </trkpt>
   <trkpt lat="2.0242222" lon="103.3452508">
    <ele>113</ele>
   </trkpt>
   <trkpt lat="2.0242543" lon="103.3452470">
    <ele>113</ele>
   </trkpt>
   <trkpt lat="2.0242615" lon="103.3452451">
    <ele>112</ele>
   </trkpt>
   <trkpt lat="2.0242687" lon="103.3452435">
    <ele>112</ele>
   </trkpt>
   <trkpt lat="2.0242758" lon="103.3452418">
    <ele>111</ele>
   </trkpt>
   <trkpt lat="2.0242830" lon="103.3452401">
    <ele>111</ele>
   </trkpt>
   <trkpt lat="2.0243026" lon="103.3452326">
    <ele>110</ele>
   </trkpt>
   <trkpt lat="2.0243079" lon="103.3452305">
    <ele>110</ele>
   </trkpt>
   <trkpt lat="2.0243131" lon="103.3452285">
    <ele>110</ele>
   </trkpt>
   <trkpt lat="2.0243183" lon="103.3452265">
    <ele>110</ele>
   </trkpt>
   <trkpt lat="2.0243363" lon="103.3452200">
    <ele>109</ele>
   </trkpt>
   <trkpt lat="2.0243421" lon="103.3452178">
    <ele>109</ele>
   </trkpt>
   <trkpt lat="2.0243479" lon="103.3452156">
    <ele>109</ele>
   </trkpt>
   <trkpt lat="2.0243538" lon="103.3452135">
    <ele>109</ele>
   </trkpt>
   <trkpt lat="2.0243705" lon="103.3452083">
    <ele>108</ele>
   </trkpt>
   <trkpt lat="2.0243806" lon="103.3452096">
    <ele>108</ele>
   </trkpt>
   <trkpt lat="2.0243908" lon="103.3452109">
    <ele>108</ele>
   </trkpt>
   <trkpt lat="2.0244010" lon="103.3452122">
    <ele>108</ele>
   </trkpt>
   <trkpt lat="2.0244447" lon="103.3452333">
    <ele>107</ele>
   </trkpt>
   <trkpt lat="2.0244610" lon="103.3452425">
    <ele>107</ele>
   </trkpt>
   <trkpt lat="2.0244773" lon="103.3452517">
    <ele>107</ele>
   </trkpt>
   <trkpt lat="2.0244936" lon="103.3452609">
    <ele>107</ele>
   </trkpt>
   <trkpt lat="2.0245440" lon="103.3452896">
    <ele>106</ele>
   </trkpt>
   <trkpt lat="2.0245598" lon="103.3452952">
    <ele>106</ele>
   </trkpt>
   <trkpt lat="2.0245756" lon="103.3453009">
    <ele>106</ele>
   </trkpt>
   <trkpt lat="2.0245915" lon="103.3453066">
    <ele>106</ele>
   </trkpt>
   <trkpt lat="2.0246300" lon="103.3453121">
    <ele>106</ele>
   </trkpt>
   <trkpt lat="2.0246393" lon="103.3453143">
    <ele>106</ele>
   </trkpt>
   <trkpt lat="2.0246486" lon="103.3453165">
    <ele>106</ele>
   </trkpt>
   <trkpt lat="2.0246580" lon="103.3453188">
    <ele>106</ele>
   </trkpt>
   <trkpt lat="2.0246824" lon="103.3453291">
    <ele>106</ele>
   </trkpt>
   <trkpt lat="2.0246906" lon="103.3453313">
    <ele>106</ele>
   </trkpt>
   <trkpt lat="2.0246988" lon="103.3453336">
    <ele>106</ele>
   </trkpt>
   <trkpt lat="2.0247071" lon="103.3453359">
    <ele>106</ele>
   </trkpt>
   <trkpt lat="2.0247269" lon="103.3453294">
    <ele>106</ele>
   </trkpt>
   <trkpt lat="2.0247308" lon="103.3453226">
    <ele>106</ele>
   </trkpt>
   <trkpt lat="2.0247349" lon="103.3453159">
    <ele>106</ele>
   </trkpt>
   <trkpt lat="2.0247389" lon="103.3453092">
    <ele>106</ele>
   </trkpt>
   <trkpt lat="2.0247458" lon="103.3452870">
    <ele>105</ele>
   </trkpt>
   <trkpt lat="2.0247466" lon="103.3452816">
    <ele>105</ele>
   </trkpt>
   <trkpt lat="2.0247474" lon="103.3452762">
    <ele>105</ele>
   </trkpt>
   <trkpt lat="2.0247482" lon="103.3452707">
    <ele>105</ele>
   </trkpt>
   <trkpt lat="2.0247490" lon="103.3452653">
    <ele>104</ele>
   </trkpt>
   <trkpt lat="2.0247511" lon="103.3452459">
    <ele>104</ele>
   </trkpt>
   <trkpt lat="2.0247532" lon="103.3452360">
    <ele>104</ele>
   </trkpt>
   <trkpt lat="2.0247552" lon="103.3452262">
    <ele>104</ele>
   </trkpt>
   <trkpt lat="2.0247575" lon="103.3452164">
    <ele>103</ele>
   </trkpt>
   <trkpt lat="2.0247727" lon="103.3451742">
    <ele>103</ele>
   </trkpt>
   <trkpt lat="2.0247793" lon="103.3451604">
    <ele>102</ele>
   </trkpt>
   <trkpt lat="2.0247860" lon="103.3451466">
    <ele>102</ele>
   </trkpt>
   <trkpt lat="2.0247927" lon="103.3451329">
    <ele>101</ele>
   </trkpt>
   <trkpt lat="2.0248046" lon="103.3451043">
    <ele>101</ele>
   </trkpt>
   <trkpt lat="2.0248050" lon="103.3450979">
    <ele>101</ele>
   </trkpt>
   <trkpt lat="2.0248055" lon="103.3450916">
    <ele>101</ele>
   </trkpt>
   <trkpt lat="2.0248060" lon="103.3450852">
    <ele>101</ele>
   </trkpt>
   <trkpt lat="2.0247964" lon="103.3450646">
    <ele>101</ele>
   </trkpt>
   <trkpt lat="2.0247920" lon="103.3450560">
    <ele>101</ele>
   </trkpt>
   <trkpt lat="2.0247875" lon="103.3450475">
    <ele>101</ele>
   </trkpt>
   <trkpt lat="2.0247832" lon="103.3450390">
    <ele>101</ele>
   </trkpt>
   <trkpt lat="2.0247702" lon="103.3450113">
    <ele>101</ele>
   </trkpt>
   <trkpt lat="2.0247662" lon="103.3450024">
    <ele>101</ele>
   </trkpt>
   <trkpt lat="2.0247623" lon="103.3449935">
    <ele>101</ele>
   </trkpt>
   <trkpt lat="2.0247584" lon="103.3449847">
    <ele>101</ele>
   </trkpt>
   <trkpt lat="2.0247503" lon="103.3449574">
    <ele>101</ele>
   </trkpt>
   <trkpt lat="2.0247476" lon="103.3449483">
    <ele>101</ele>
   </trkpt>
   <trkpt lat="2.0247449" lon="103.3449392">
    <ele>101</ele>
   </trkpt>
   <trkpt lat="2.0247424" lon="103.3449301">
    <ele>100</ele>
   </trkpt>
   <trkpt lat="2.0247370" lon="103.3449115">
    <ele>100</ele>
   </trkpt>
   <trkpt lat="2.0247366" lon="103.3449062">
    <ele>100</ele>
   </trkpt>
   <trkpt lat="2.0247362" lon="103.3449009">
    <ele>100</ele>
   </trkpt>
   <trkpt lat="2.0247359" lon="103.3448956">
    <ele>100</ele>
   </trkpt>
   <trkpt lat="2.0247385" lon="103.3448748">
    <ele>100</ele>
   </trkpt>
   <trkpt lat="2.0247404" lon="103.3448664">
    <ele>100</ele>
   </trkpt>
   <trkpt lat="2.0247424" lon="103.3448580">
    <ele>100</ele>
   </trkpt>
   <trkpt lat="2.0247444" lon="103.3448496">
    <ele>100</ele>
   </trkpt>
   <trkpt lat="2.0247537" lon="103.3448262">
    <ele>100</ele>
   </trkpt>
   <trkpt lat="2.0247567" lon="103.3448178">
    <ele>100</ele>
   </trkpt>
   <trkpt lat="2.0247597" lon="103.3448095">
    <ele>100</ele>
   </trkpt>
   <trkpt lat="2.0247627" lon="103.3448012">
    <ele>100</ele>
   </trkpt>
   <trkpt lat="2.0247722" lon="103.3447736">
    <ele>100</ele>
   </trkpt>
   <trkpt lat="2.0247761" lon="103.3447646">
    <ele>100</ele>
   </trkpt>
   <trkpt lat="2.0247799" lon="103.3447556">
    <ele>100</ele>
   </trkpt>
   <trkpt lat="2.0247839" lon="103.3447467">
    <ele>100</ele>
   </trkpt>
   <trkpt lat="2.0247954" lon="103.3447250">
    <ele>100</ele>
   </trkpt>
   <trkpt lat="2.0248012" lon="103.3447197">
    <ele>100</ele>
   </trkpt>
   <trkpt lat="2.0248070" lon="103.3447146">
    <ele>100</ele>
   </trkpt>
   <trkpt lat="2.0248128" lon="103.3447094">
    <ele>100</ele>
   </trkpt>
   <trkpt lat="2.0248329" lon="103.3446942">
    <ele>100</ele>
   </trkpt>
   <trkpt lat="2.0248384" lon="103.3446884">
    <ele>100</ele>
   </trkpt>
   <trkpt lat="2.0248439" lon="103.3446826">
    <ele>100</ele>
   </trkpt>
   <trkpt lat="2.0248494" lon="103.3446768">
    <ele>100</ele>
   </trkpt>
   <trkpt lat="2.0248632" lon="103.3446606">
    <ele>100</ele>
   </trkpt>
   <trkpt lat="2.0248651" lon="103.3446577">
    <ele>100</ele>
   </trkpt>
   <trkpt lat="2.0248670" lon="103.3446548">
    <ele>100</ele>
   </trkpt>
   <trkpt lat="2.0248691" lon="103.3446519">
    <ele>99</ele>
   </trkpt>
   <trkpt lat="2.0248773" lon="103.3446356">
    <ele>99</ele>
   </trkpt>
   <trkpt lat="2.0248790" lon="103.3446282">
    <ele>99</ele>
   </trkpt>
   <trkpt lat="2.0248807" lon="103.3446208">
    <ele>99</ele>
   </trkpt>
   <trkpt lat="2.0248824" lon="103.3446135">
    <ele>99</ele>
   </trkpt>
   <trkpt lat="2.0248883" lon="103.3445894">
    <ele>99</ele>
   </trkpt>
   <trkpt lat="2.0248911" lon="103.3445823">
    <ele>99</ele>
   </trkpt>
   <trkpt lat="2.0248939" lon="103.3445754">
    <ele>99</ele>
   </trkpt>
   <trkpt lat="2.0248968" lon="103.3445684">
    <ele>99</ele>
   </trkpt>
   <trkpt lat="2.0249088" lon="103.3445537">
    <ele>99</ele>
   </trkpt>
   <trkpt lat="2.0249114" lon="103.3445505">
    <ele>99</ele>
   </trkpt>
   <trkpt lat="2.0249140" lon="103.3445474">
    <ele>99</ele>
   </trkpt>
   <trkpt lat="2.0249166" lon="103.3445443">
    <ele>99</ele>
   </trkpt>
   <trkpt lat="2.0249170" lon="103.3445479">
    <ele>99</ele>
   </trkpt>
   <trkpt lat="2.0249067" lon="103.3445608">
    <ele>99</ele>
   </trkpt>
   <trkpt lat="2.0248927" lon="103.3445705">
    <ele>99</ele>
   </trkpt>
   <trkpt lat="2.0248884" lon="103.3445710">
    <ele>99</ele>
   </trkpt>
   <trkpt lat="2.0248841" lon="103.3445716">
    <ele>99</ele>
   </trkpt>
   <trkpt lat="2.0248799" lon="103.3445722">
    <ele>99</ele>
   </trkpt>
   <trkpt lat="2.0248685" lon="103.3445706">
    <ele>99</ele>
   </trkpt>
   <trkpt lat="2.0248651" lon="103.3445680">
    <ele>99</ele>
   </trkpt>
   <trkpt lat="2.0248619" lon="103.3445655">
    <ele>99</ele>
   </trkpt>
   <trkpt lat="2.0248586" lon="103.3445629">
    <ele>99</ele>
   </trkpt>
   <trkpt lat="2.0248613" lon="103.3445540">
    <ele>99</ele>
   </trkpt>
   <trkpt lat="2.0248672" lon="103.3445452">
    <ele>99</ele>
   </trkpt>
   <trkpt lat="2.0248707" lon="103.3445415">
    <ele>99</ele>
   </trkpt>
   <trkpt lat="2.0248673" lon="103.3445404">
    <ele>99</ele>
   </trkpt>
   <trkpt lat="2.0248648" lon="103.3445395">
    <ele>99</ele>
   </trkpt>
   <trkpt lat="2.0248623" lon="103.3445387">
    <ele>99</ele>
   </trkpt>
   <trkpt lat="2.0248599" lon="103.3445379">
    <ele>99</ele>
   </trkpt>
   <trkpt lat="2.0248613" lon="103.3445384">
    <ele>98</ele>
   </trkpt>
   <trkpt lat="2.0248650" lon="103.3445415">
    <ele>98</ele>
   </trkpt>
   <trkpt lat="2.0248685" lon="103.3445430">
    <ele>98</ele>
   </trkpt>
   <trkpt lat="2.0248719" lon="103.3445445">
    <ele>98</ele>
   </trkpt>
   <trkpt lat="2.0248756" lon="103.3445461">
    <ele>98</ele>
   </trkpt>
   <trkpt lat="2.0248916" lon="103.3445529">
    <ele>98</ele>
   </trkpt>
   <trkpt lat="2.0248888" lon="103.3445559">
    <ele>98</ele>
   </trkpt>
   <trkpt lat="2.0248831" lon="103.3445568">
    <ele>97</ele>
   </trkpt>
   <trkpt lat="2.0248845" lon="103.3445603">
    <ele>97</ele>
   </trkpt>
   <trkpt lat="2.0248945" lon="103.3445752">
    <ele>97</ele>
   </trkpt>
   <trkpt lat="2.0248999" lon="103.3445945">
    <ele>97</ele>
   </trkpt>
   <trkpt lat="2.0248993" lon="103.3446010">
    <ele>98</ele>
   </trkpt>
   <trkpt lat="2.0248987" lon="103.3446075">
    <ele>98</ele>
   </trkpt>
   <trkpt lat="2.0248981" lon="103.3446141">
    <ele>98</ele>
   </trkpt>
   <trkpt lat="2.0248906" lon="103.3446368">
    <ele>98</ele>
   </trkpt>
   <trkpt lat="2.0248878" lon="103.3446456">
    <ele>98</ele>
   </trkpt>
   <trkpt lat="2.0248850" lon="103.3446544">
    <ele>98</ele>
   </trkpt>
   <trkpt lat="2.0248822" lon="103.3446632">
    <ele>98</ele>
   </trkpt>
   <trkpt lat="2.0248749" lon="103.3446914">
    <ele>98</ele>
   </trkpt>
   <trkpt lat="2.0248716" lon="103.3446998">
    <ele>98</ele>
   </trkpt>
   <trkpt lat="2.0248684" lon="103.3447082">
    <ele>98</ele>
   </trkpt>
   <trkpt lat="2.0248651" lon="103.3447168">
    <ele>98</ele>
   </trkpt>
   <trkpt lat="2.0248504" lon="103.3447356">
    <ele>98</ele>
   </trkpt>
   <trkpt lat="2.0248442" lon="103.3447405">
    <ele>98</ele>
   </trkpt>
   <trkpt lat="2.0248380" lon="103.3447455">
    <ele>98</ele>
   </trkpt>
   <trkpt lat="2.0248318" lon="103.3447505">
    <ele>98</ele>
   </trkpt>
   <trkpt lat="2.0248121" lon="103.3447668">
    <ele>98</ele>
   </trkpt>
   <trkpt lat="2.0248055" lon="103.3447741">
    <ele>98</ele>
   </trkpt>
   <trkpt lat="2.0247989" lon="103.3447814">
    <ele>98</ele>
   </trkpt>
   <trkpt lat="2.0247923" lon="103.3447887">
    <ele>98</ele>
   </trkpt>
   <trkpt lat="2.0247784" lon="103.3448158">
    <ele>98</ele>
   </trkpt>
   <trkpt lat="2.0247759" lon="103.3448253">
    <ele>98</ele>
   </trkpt>
   <trkpt lat="2.0247734" lon="103.3448349">
    <ele>98</ele>
   </trkpt>
   <trkpt lat="2.0247711" lon="103.3448444">
    <ele>98</ele>
   </trkpt>
   <trkpt lat="2.0247696" lon="103.3448701">
    <ele>98</ele>
   </trkpt>
   <trkpt lat="2.0247698" lon="103.3448774">
    <ele>98</ele>
   </trkpt>
   <trkpt lat="2.0247700" lon="103.3448848">
    <ele>98</ele>
   </trkpt>
   <trkpt lat="2.0247703" lon="103.3448922">
    <ele>98</ele>
   </trkpt>
   <trkpt lat="2.0247679" lon="103.3449114">
    <ele>98</ele>
   </trkpt>
   <trkpt lat="2.0247665" lon="103.3449174">
    <ele>98</ele>
   </trkpt>
   <trkpt lat="2.0247651" lon="103.3449234">
    <ele>98</ele>
   </trkpt>
   <trkpt lat="2.0247638" lon="103.3449294">
    <ele>98</ele>
   </trkpt>
   <trkpt lat="2.0247634" lon="103.3449492">
    <ele>98</ele>
   </trkpt>
   <trkpt lat="2.0247645" lon="103.3449567">
    <ele>98</ele>
   </trkpt>
   <trkpt lat="2.0247656" lon="103.3449643">
    <ele>98</ele>
   </trkpt>
   <trkpt lat="2.0247668" lon="103.3449719">
    <ele>98</ele>
   </trkpt>
   <trkpt lat="2.0247742" lon="103.3449969">
    <ele>98</ele>
   </trkpt>
   <trkpt lat="2.0247789" lon="103.3450063">
    <ele>98</ele>
   </trkpt>
   <trkpt lat="2.0247836" lon="103.3450157">
    <ele>98</ele>
   </trkpt>
   <trkpt lat="2.0247883" lon="103.3450252">
    <ele>98</ele>
   </trkpt>
   <trkpt lat="2.0248018" lon="103.3450545">
    <ele>98</ele>
   </trkpt>
   <trkpt lat="2.0248045" lon="103.3450634">
    <ele>98</ele>
   </trkpt>
   <trkpt lat="2.0248073" lon="103.3450724">
    <ele>98</ele>
   </trkpt>
   <trkpt lat="2.0248101" lon="103.3450814">
    <ele>98</ele>
   </trkpt>
   <trkpt lat="2.0248130" lon="103.3451077">
    <ele>98</ele>
   </trkpt>
   <trkpt lat="2.0248134" lon="103.3451165">
    <ele>98</ele>
   </trkpt>
   <trkpt lat="2.0248137" lon="103.3451253">
    <ele>98</ele>
   </trkpt>
   <trkpt lat="2.0248141" lon="103.3451341">
    <ele>98</ele>
   </trkpt>
   <trkpt lat="2.0248191" lon="103.3451617">
    <ele>98</ele>
   </trkpt>
   <trkpt lat="2.0248223" lon="103.3451706">
    <ele>99</ele>
   </trkpt>
   <trkpt lat="2.0248255" lon="103.3451796">
    <ele>99</ele>
   </trkpt>
   <trkpt lat="2.0248288" lon="103.3451886">
    <ele>99</ele>
   </trkpt>
   <trkpt lat="2.0248341" lon="103.3452030">
    <ele>99</ele>
   </trkpt>
   <trkpt lat="2.0248374" lon="103.3452113">
    <ele>99</ele>
   </trkpt>
   <trkpt lat="2.0248408" lon="103.3452197">
    <ele>99</ele>
   </trkpt>
   <trkpt lat="2.0248442" lon="103.3452281">
    <ele>99</ele>
   </trkpt>
   <trkpt lat="2.0248510" lon="103.3452534">
    <ele>99</ele>
   </trkpt>
   <trkpt lat="2.0248517" lon="103.3452614">
    <ele>100</ele>
   </trkpt>
   <trkpt lat="2.0248524" lon="103.3452694">
    <ele>100</ele>
   </trkpt>
   <trkpt lat="2.0248531" lon="103.3452774">
    <ele>100</ele>
   </trkpt>
   <trkpt lat="2.0248521" lon="103.3453016">
    <ele>100</ele>
   </trkpt>
   <trkpt lat="2.0248513" lon="103.3453102">
    <ele>100</ele>
   </trkpt>
   <trkpt lat="2.0248505" lon="103.3453187">
    <ele>100</ele>
   </trkpt>
   <trkpt lat="2.0248497" lon="103.3453272">
    <ele>100</ele>
   </trkpt>
   <trkpt lat="2.0248510" lon="103.3453519">
    <ele>100</ele>
   </trkpt>
   <trkpt lat="2.0248532" lon="103.3453610">
    <ele>101</ele>
   </trkpt>
   <trkpt lat="2.0248554" lon="103.3453701">
    <ele>101</ele>
   </trkpt>
   <trkpt lat="2.0248575" lon="103.3453793">
    <ele>101</ele>
   </trkpt>
   <trkpt lat="2.0248687" lon="103.3454112">
    <ele>101</ele>
   </trkpt>
   <trkpt lat="2.0248713" lon="103.3454222">
    <ele>101</ele>
   </trkpt>
   <trkpt lat="2.0248740" lon="103.3454333">
    <ele>101</ele>
   </trkpt>
   <trkpt lat="2.0248767" lon="103.3454444">
    <ele>101</ele>
   </trkpt>
   <trkpt lat="2.0248789" lon="103.3454725">
    <ele>101</ele>
   </trkpt>
   <trkpt lat="2.0248808" lon="103.3454799">
    <ele>102</ele>
   </trkpt>
   <trkpt lat="2.0248828" lon="103.3454871">
    <ele>102</ele>
   </trkpt>
   <trkpt lat="2.0248848" lon="103.3454945">
    <ele>102</ele>
   </trkpt>
   <trkpt lat="2.0248936" lon="103.3455088">
    <ele>102</ele>
   </trkpt>
   <trkpt lat="2.0248953" lon="103.3455139">
    <ele>102</ele>
   </trkpt>
   <trkpt lat="2.0248970" lon="103.3455190">
    <ele>102</ele>
   </trkpt>
   <trkpt lat="2.0248987" lon="103.3455241">
    <ele>102</ele>
   </trkpt>
   <trkpt lat="2.0249004" lon="103.3455406">
    <ele>102</ele>
   </trkpt>
   <trkpt lat="2.0249002" lon="103.3455475">
    <ele>103</ele>
   </trkpt>
   <trkpt lat="2.0249001" lon="103.3455544">
    <ele>103</ele>
   </trkpt>
   <trkpt lat="2.0249000" lon="103.3455613">
    <ele>103</ele>
   </trkpt>
   <trkpt lat="2.0249012" lon="103.3455884">
    <ele>103</ele>
   </trkpt>
   <trkpt lat="2.0249018" lon="103.3455974">
    <ele>103</ele>
   </trkpt>
   <trkpt lat="2.0249024" lon="103.3456065">
    <ele>103</ele>
   </trkpt>
   <trkpt lat="2.0249030" lon="103.3456156">
    <ele>103</ele>
   </trkpt>
   <trkpt lat="2.0249040" lon="103.3456389">
    <ele>103</ele>
   </trkpt>
   <trkpt lat="2.0249044" lon="103.3456461">
    <ele>104</ele>
   </trkpt>
   <trkpt lat="2.0249048" lon="103.3456534">
    <ele>104</ele>
   </trkpt>
   <trkpt lat="2.0249052" lon="103.3456607">
    <ele>104</ele>
   </trkpt>
   <trkpt lat="2.0249066" lon="103.3456820">
    <ele>104</ele>
   </trkpt>
   <trkpt lat="2.0249079" lon="103.3456893">
    <ele>104</ele>
   </trkpt>
   <trkpt lat="2.0249092" lon="103.3456967">
    <ele>104</ele>
   </trkpt>
   <trkpt lat="2.0249106" lon="103.3457041">
    <ele>104</ele>
   </trkpt>
   <trkpt lat="2.0249185" lon="103.3457288">
    <ele>104</ele>
   </trkpt>
   <trkpt lat="2.0249215" lon="103.3457375">
    <ele>105</ele>
   </trkpt>
   <trkpt lat="2.0249245" lon="103.3457461">
    <ele>105</ele>
   </trkpt>
   <trkpt lat="2.0249276" lon="103.3457550">
    <ele>105</ele>
   </trkpt>
   <trkpt lat="2.0249333" lon="103.3457792">
    <ele>105</ele>
   </trkpt>
   <trkpt lat="2.0249345" lon="103.3457867">
    <ele>105</ele>
   </trkpt>
   <trkpt lat="2.0249357" lon="103.3457942">
    <ele>105</ele>
   </trkpt>
   <trkpt lat="2.0249370" lon="103.3458018">
    <ele>105</ele>
   </trkpt>
   <trkpt lat="2.0249422" lon="103.3458247">
    <ele>105</ele>
   </trkpt>
   <trkpt lat="2.0249453" lon="103.3458324">
    <ele>106</ele>
   </trkpt>
   <trkpt lat="2.0249484" lon="103.3458402">
    <ele>106</ele>
   </trkpt>
   <trkpt lat="2.0249514" lon="103.3458480">
    <ele>106</ele>
   </trkpt>
   <trkpt lat="2.0249626" lon="103.3458705">
    <ele>106</ele>
   </trkpt>
   <trkpt lat="2.0249666" lon="103.3458780">
    <ele>106</ele>
   </trkpt>
   <trkpt lat="2.0249706" lon="103.3458857">
    <ele>106</ele>
   </trkpt>
   <trkpt lat="2.0249747" lon="103.3458934">
    <ele>106</ele>
   </trkpt>
   <trkpt lat="2.0249881" lon="103.3459175">
    <ele>106</ele>
   </trkpt>
   <trkpt lat="2.0249925" lon="103.3459250">
    <ele>107</ele>
   </trkpt>
   <trkpt lat="2.0249970" lon="103.3459325">
    <ele>107</ele>
   </trkpt>
   <trkpt lat="2.0250015" lon="103.3459401">
    <ele>107</ele>
   </trkpt>
   <trkpt lat="2.0250144" lon="103.3459601">
    <ele>107</ele>
   </trkpt>
   <trkpt lat="2.0250195" lon="103.3459654">
    <ele>108</ele>
   </trkpt>
   <trkpt lat="2.0250246" lon="103.3459707">
    <ele>108</ele>
   </trkpt>
   <trkpt lat="2.0250297" lon="103.3459761">
    <ele>108</ele>
   </trkpt>
   <trkpt lat="2.0250438" lon="103.3459916">
    <ele>108</ele>
   </trkpt>
   <trkpt lat="2.0250486" lon="103.3459976">
    <ele>108</ele>
   </trkpt>
   <trkpt lat="2.0250534" lon="103.3460036">
    <ele>108</ele>
   </trkpt>
   <trkpt lat="2.0250582" lon="103.3460096">
    <ele>108</ele>
   </trkpt>
   <trkpt lat="2.0250748" lon="103.3460297">
    <ele>108</ele>
   </trkpt>
   <trkpt lat="2.0250803" lon="103.3460361">
    <ele>109</ele>
   </trkpt>
   <trkpt lat="2.0250860" lon="103.3460425">
    <ele>109</ele>
   </trkpt>
   <trkpt lat="2.0250916" lon="103.3460489">
    <ele>109</ele>
   </trkpt>
   <trkpt lat="2.0251058" lon="103.3460652">
    <ele>109</ele>
   </trkpt>
   <trkpt lat="2.0251095" lon="103.3460701">
    <ele>109</ele>
   </trkpt>
   <trkpt lat="2.0251133" lon="103.3460750">
    <ele>109</ele>
   </trkpt>
   <trkpt lat="2.0251171" lon="103.3460800">
    <ele>109</ele>
   </trkpt>
   <trkpt lat="2.0251251" lon="103.3460961">
    <ele>109</ele>
   </trkpt>
   <trkpt lat="2.0251274" lon="103.3461029">
    <ele>110</ele>
   </trkpt>
   <trkpt lat="2.0251297" lon="103.3461097">
    <ele>110</ele>
   </trkpt>
   <trkpt lat="2.0251320" lon="103.3461166">
    <ele>110</ele>
   </trkpt>
   <trkpt lat="2.0251401" lon="103.3461429">
    <ele>110</ele>
   </trkpt>
   <trkpt lat="2.0251430" lon="103.3461528">
    <ele>110</ele>
   </trkpt>
   <trkpt lat="2.0251459" lon="103.3461626">
    <ele>110</ele>
   </trkpt>
   <trkpt lat="2.0251489" lon="103.3461727">
    <ele>110</ele>
   </trkpt>
   <trkpt lat="2.0251563" lon="103.3462052">
    <ele>110</ele>
   </trkpt>
   <trkpt lat="2.0251589" lon="103.3462174">
    <ele>110</ele>
   </trkpt>
   <trkpt lat="2.0251615" lon="103.3462297">
    <ele>110</ele>
   </trkpt>
   <trkpt lat="2.0251642" lon="103.3462420">
    <ele>110</ele>
   </trkpt>
   <trkpt lat="2.0251720" lon="103.3462782">
    <ele>110</ele>
   </trkpt>
   <trkpt lat="2.0251745" lon="103.3462885">
    <ele>111</ele>
   </trkpt>
   <trkpt lat="2.0251769" lon="103.3462988">
    <ele>111</ele>
   </trkpt>
   <trkpt lat="2.0251794" lon="103.3463093">
    <ele>111</ele>
   </trkpt>
   <trkpt lat="2.0251858" lon="103.3463345">
    <ele>111</ele>
   </trkpt>
   <trkpt lat="2.0251878" lon="103.3463409">
    <ele>111</ele>
   </trkpt>
   <trkpt lat="2.0251898" lon="103.3463473">
    <ele>111</ele>
   </trkpt>
   <trkpt lat="2.0251918" lon="103.3463537">
    <ele>111</ele>
   </trkpt>
   <trkpt lat="2.0251994" lon="103.3463707">
    <ele>111</ele>
   </trkpt>
   <trkpt lat="2.0252023" lon="103.3463768">
    <ele>111</ele>
   </trkpt>
   <trkpt lat="2.0252053" lon="103.3463830">
    <ele>111</ele>
   </trkpt>
   <trkpt lat="2.0252083" lon="103.3463892">
    <ele>111</ele>
   </trkpt>
   <trkpt lat="2.0252183" lon="103.3464118">
    <ele>111</ele>
   </trkpt>
   <trkpt lat="2.0252222" lon="103.3464201">
    <ele>112</ele>
   </trkpt>
   <trkpt lat="2.0252262" lon="103.3464285">
    <ele>112</ele>
   </trkpt>
   <trkpt lat="2.0252302" lon="103.3464369">
    <ele>112</ele>
   </trkpt>
   <trkpt lat="2.0252440" lon="103.3464620">
    <ele>112</ele>
   </trkpt>
   <trkpt lat="2.0252476" lon="103.3464700">
    <ele>112</ele>
   </trkpt>
   <trkpt lat="2.0252513" lon="103.3464780">
    <ele>112</ele>
   </trkpt>
   <trkpt lat="2.0252550" lon="103.3464860">
    <ele>112</ele>
   </trkpt>
   <trkpt lat="2.0252620" lon="103.3465073">
    <ele>112</ele>
   </trkpt>
   <trkpt lat="2.0252640" lon="103.3465134">
    <ele>113</ele>
   </trkpt>
   <trkpt lat="2.0252662" lon="103.3465195">
    <ele>113</ele>
   </trkpt>
   <trkpt lat="2.0252684" lon="103.3465256">
    <ele>113</ele>
   </trkpt>
   <trkpt lat="2.0252766" lon="103.3465446">
    <ele>113</ele>
   </trkpt>
   <trkpt lat="2.0252800" lon="103.3465519">
    <ele>113</ele>
   </trkpt>
   <trkpt lat="2.0252835" lon="103.3465593">
    <ele>113</ele>
   </trkpt>
   <trkpt lat="2.0252870" lon="103.3465667">
    <ele>113</ele>
   </trkpt>
   <trkpt lat="2.0252975" lon="103.3465868">
    <ele>113</ele>
   </trkpt>
   <trkpt lat="2.0252999" lon="103.3465931">
    <ele>114</ele>
   </trkpt>
   <trkpt lat="2.0253024" lon="103.3465995">
    <ele>114</ele>
   </trkpt>
   <trkpt lat="2.0253049" lon="103.3466059">
    <ele>114</ele>
   </trkpt>
   <trkpt lat="2.0253117" lon="103.3466244">
    <ele>114</ele>
   </trkpt>
   <trkpt lat="2.0253145" lon="103.3466314">
    <ele>114</ele>
   </trkpt>
   <trkpt lat="2.0253174" lon="103.3466384">
    <ele>114</ele>
   </trkpt>
   <trkpt lat="2.0253203" lon="103.3466454">
    <ele>114</ele>
   </trkpt>
   <trkpt lat="2.0253319" lon="103.3466688">
    <ele>114</ele>
   </trkpt>
   <trkpt lat="2.0253351" lon="103.3466770">
    <ele>115</ele>
   </trkpt>
   <trkpt lat="2.0253383" lon="103.3466853">
    <ele>115</ele>
   </trkpt>
   <trkpt lat="2.0253415" lon="103.3466936">
    <ele>115</ele>
   </trkpt>
   <trkpt lat="2.0253497" lon="103.3467219">
    <ele>115</ele>
   </trkpt>
   <trkpt lat="2.0253515" lon="103.3467322">
    <ele>115</ele>
   </trkpt>
   <trkpt lat="2.0253533" lon="103.3467425">
    <ele>115</ele>
   </trkpt>
   <trkpt lat="2.0253551" lon="103.3467529">
    <ele>115</ele>
   </trkpt>
   <trkpt lat="2.0253590" lon="103.3467840">
    <ele>115</ele>
   </trkpt>
   <trkpt lat="2.0253599" lon="103.3467930">
    <ele>116</ele>
   </trkpt>
   <trkpt lat="2.0253608" lon="103.3468021">
    <ele>116</ele>
   </trkpt>
   <trkpt lat="2.0253617" lon="103.3468112">
    <ele>116</ele>
   </trkpt>
   <trkpt lat="2.0253621" lon="103.3468388">
    <ele>116</ele>
   </trkpt>
   <trkpt lat="2.0253615" lon="103.3468487">
    <ele>116</ele>
   </trkpt>
   <trkpt lat="2.0253610" lon="103.3468586">
    <ele>116</ele>
   </trkpt>
   <trkpt lat="2.0253605" lon="103.3468685">
    <ele>116</ele>
   </trkpt>
   <trkpt lat="2.0253557" lon="103.3468983">
    <ele>116</ele>
   </trkpt>
   <trkpt lat="2.0253532" lon="103.3469080">
    <ele>117</ele>
   </trkpt>
   <trkpt lat="2.0253507" lon="103.3469178">
    <ele>117</ele>
   </trkpt>
   <trkpt lat="2.0253482" lon="103.3469277">
    <ele>117</ele>
   </trkpt>
   <trkpt lat="2.0253445" lon="103.3469542">
    <ele>117</ele>
   </trkpt>
   <trkpt lat="2.0253453" lon="103.3469635">
    <ele>117</ele>
   </trkpt>
   <trkpt lat="2.0253462" lon="103.3469728">
    <ele>117</ele>
   </trkpt>
   <trkpt lat="2.0253471" lon="103.3469822">
    <ele>117</ele>
   </trkpt>
   <trkpt lat="2.0253504" lon="103.3470107">
    <ele>117</ele>
   </trkpt>
   <trkpt lat="2.0253507" lon="103.3470202">
    <ele>117</ele>
   </trkpt>
   <trkpt lat="2.0253510" lon="103.3470296">
    <ele>117</ele>
   </trkpt>
   <trkpt lat="2.0253513" lon="103.3470392">
    <ele>117</ele>
   </trkpt>
   <trkpt lat="2.0253492" lon="103.3470677">
    <ele>117</ele>
   </trkpt>
   <trkpt lat="2.0253489" lon="103.3470776">
    <ele>118</ele>
   </trkpt>
   <trkpt lat="2.0253485" lon="103.3470875">
    <ele>118</ele>
   </trkpt>
   <trkpt lat="2.0253481" lon="103.3470975">
    <ele>118</ele>
   </trkpt>
   <trkpt lat="2.0253475" lon="103.3471279">
    <ele>118</ele>
   </trkpt>
   <trkpt lat="2.0253470" lon="103.3471373">
    <ele>118</ele>
   </trkpt>
   <trkpt lat="2.0253465" lon="103.3471468">
    <ele>118</ele>
   </trkpt>
   <trkpt lat="2.0253461" lon="103.3471563">
    <ele>118</ele>
   </trkpt>
   <trkpt lat="2.0253460" lon="103.3471650">
    <ele>118</ele>
   </trkpt>
   <trkpt lat="2.0253460" lon="103.3471737">
    <ele>118</ele>
   </trkpt>
   <trkpt lat="2.0253460" lon="103.3471824">
    <ele>118</ele>
   </trkpt>
   <trkpt lat="2.0253462" lon="103.3472040">
    <ele>118</ele>
   </trkpt>
   <trkpt lat="2.0253463" lon="103.3472115">
    <ele>118</ele>
   </trkpt>
   <trkpt lat="2.0253464" lon="103.3472191">
    <ele>119</ele>
   </trkpt>
   <trkpt lat="2.0253465" lon="103.3472266">
    <ele>119</ele>
   </trkpt>
   <trkpt lat="2.0253475" lon="103.3472516">
    <ele>119</ele>
   </trkpt>
   <trkpt lat="2.0253485" lon="103.3472601">
    <ele>119</ele>
   </trkpt>
   <trkpt lat="2.0253496" lon="103.3472689">
    <ele>119</ele>
   </trkpt>
   <trkpt lat="2.0253507" lon="103.3472776">
    <ele>119</ele>
   </trkpt>
   <trkpt lat="2.0253554" lon="103.3473055">
    <ele>119</ele>
   </trkpt>
   <trkpt lat="2.0253568" lon="103.3473164">
    <ele>119</ele>
   </trkpt>
   <trkpt lat="2.0253585" lon="103.3473273">
    <ele>119</ele>
   </trkpt>
   <trkpt lat="2.0253601" lon="103.3473382">
    <ele>119</ele>
   </trkpt>
   <trkpt lat="2.0253650" lon="103.3473690">
    <ele>119</ele>
   </trkpt>
   <trkpt lat="2.0253662" lon="103.3473777">
    <ele>119</ele>
   </trkpt>
   <trkpt lat="2.0253674" lon="103.3473864">
    <ele>120</ele>
   </trkpt>
   <trkpt lat="2.0253687" lon="103.3473951">
    <ele>120</ele>
   </trkpt>
   <trkpt lat="2.0253733" lon="103.3474192">
    <ele>120</ele>
   </trkpt>
   <trkpt lat="2.0253756" lon="103.3474275">
    <ele>120</ele>
   </trkpt>
   <trkpt lat="2.0253779" lon="103.3474358">
    <ele>120</ele>
   </trkpt>
   <trkpt lat="2.0253802" lon="103.3474442">
    <ele>120</ele>
   </trkpt>
   <trkpt lat="2.0253907" lon="103.3474685">
    <ele>120</ele>
   </trkpt>
   <trkpt lat="2.0253949" lon="103.3474757">
    <ele>120</ele>
   </trkpt>
   <trkpt lat="2.0253992" lon="103.3474829">
    <ele>120</ele>
   </trkpt>
   <trkpt lat="2.0254035" lon="103.3474901">
    <ele>120</ele>
   </trkpt>
   <trkpt lat="2.0254152" lon="103.3475100">
    <ele>120</ele>
   </trkpt>
   <trkpt lat="2.0254190" lon="103.3475167">
    <ele>120</ele>
   </trkpt>
   <trkpt lat="2.0254228" lon="103.3475235">
    <ele>121</ele>
   </trkpt>
   <trkpt lat="2.0254266" lon="103.3475302">
    <ele>121</ele>
   </trkpt>
   <trkpt lat="2.0254391" lon="103.3475533">
    <ele>121</ele>
   </trkpt>
   <trkpt lat="2.0254439" lon="103.3475613">
    <ele>121</ele>
   </trkpt>
   <trkpt lat="2.0254487" lon="103.3475693">
    <ele>121</ele>
   </trkpt>
   <trkpt lat="2.0254536" lon="103.3475774">
    <ele>121</ele>
   </trkpt>
   <trkpt lat="2.0254692" lon="103.3476030">
    <ele>121</ele>
   </trkpt>
   <trkpt lat="2.0254743" lon="103.3476118">
    <ele>121</ele>
   </trkpt>
   <trkpt lat="2.0254796" lon="103.3476206">
    <ele>121</ele>
   </trkpt>
   <trkpt lat="2.0254848" lon="103.3476295">
    <ele>121</ele>
   </trkpt>
   <trkpt lat="2.0254981" lon="103.3476558">
    <ele>121</ele>
   </trkpt>
   <trkpt lat="2.0255020" lon="103.3476641">
    <ele>121</ele>
   </trkpt>
   <trkpt lat="2.0255059" lon="103.3476723">
    <ele>122</ele>
   </trkpt>
   <trkpt lat="2.0255099" lon="103.3476808">
    <ele>122</ele>
   </trkpt>
   <trkpt lat="2.0255200" lon="103.3477064">
    <ele>122</ele>
   </trkpt>
   <trkpt lat="2.0255229" lon="103.3477149">
    <ele>122</ele>
   </trkpt>
   <trkpt lat="2.0255258" lon="103.3477237">
    <ele>122</ele>
   </trkpt>
   <trkpt lat="2.0255288" lon="103.3477324">
    <ele>122</ele>
   </trkpt>
   <trkpt lat="2.0255404" lon="103.3477580">
    <ele>122</ele>
   </trkpt>
   <trkpt lat="2.0255450" lon="103.3477663">
    <ele>122</ele>
   </trkpt>
   <trkpt lat="2.0255496" lon="103.3477745">
    <ele>122</ele>
   </trkpt>
   <trkpt lat="2.0255542" lon="103.3477828">
    <ele>122</ele>
   </trkpt>
   <trkpt lat="2.0255662" lon="103.3478076">
    <ele>122</ele>
   </trkpt>
   <trkpt lat="2.0255707" lon="103.3478154">
    <ele>122</ele>
   </trkpt>
   <trkpt lat="2.0255753" lon="103.3478231">
    <ele>123</ele>
   </trkpt>
   <trkpt lat="2.0255799" lon="103.3478310">
    <ele>123</ele>
   </trkpt>
   <trkpt lat="2.0255948" lon="103.3478537">
    <ele>123</ele>
   </trkpt>
   <trkpt lat="2.0255992" lon="103.3478620">
    <ele>123</ele>
   </trkpt>
   <trkpt lat="2.0256037" lon="103.3478703">
    <ele>123</ele>
   </trkpt>
   <trkpt lat="2.0256082" lon="103.3478786">
    <ele>123</ele>
   </trkpt>
   <trkpt lat="2.0256190" lon="103.3479034">
    <ele>123</ele>
   </trkpt>
   <trkpt lat="2.0256217" lon="103.3479110">
    <ele>123</ele>
   </trkpt>
   <trkpt lat="2.0256244" lon="103.3479186">
    <ele>124</ele>
   </trkpt>
   <trkpt lat="2.0256271" lon="103.3479263">
    <ele>124</ele>
   </trkpt>
   <trkpt lat="2.0256365" lon="103.3479505">
    <ele>124</ele>
   </trkpt>
   <trkpt lat="2.0256401" lon="103.3479593">
    <ele>124</ele>
   </trkpt>
   <trkpt lat="2.0256439" lon="103.3479681">
    <ele>124</ele>
   </trkpt>
   <trkpt lat="2.0256476" lon="103.3479769">
    <ele>124</ele>
   </trkpt>
   <trkpt lat="2.0256567" lon="103.3479999">
    <ele>124</ele>
   </trkpt>
   <trkpt lat="2.0256588" lon="103.3480067">
    <ele>124</ele>
   </trkpt>
   <trkpt lat="2.0256610" lon="103.3480138">
    <ele>125</ele>
   </trkpt>
   <trkpt lat="2.0256632" lon="103.3480208">
    <ele>125</ele>
   </trkpt>
   <trkpt lat="2.0256670" lon="103.3480405">
    <ele>125</ele>
   </trkpt>
   <trkpt lat="2.0256671" lon="103.3480465">
    <ele>125</ele>
   </trkpt>
   <trkpt lat="2.0256672" lon="103.3480525">
    <ele>126</ele>
   </trkpt>
   <trkpt lat="2.0256674" lon="103.3480586">
    <ele>126</ele>
   </trkpt>
   <trkpt lat="2.0256710" lon="103.3480752">
    <ele>126</ele>
   </trkpt>
   <trkpt lat="2.0256730" lon="103.3480812">
    <ele>126</ele>
   </trkpt>
   <trkpt lat="2.0256751" lon="103.3480872">
    <ele>127</ele>
   </trkpt>
   <trkpt lat="2.0256772" lon="103.3480933">
    <ele>127</ele>
   </trkpt>
   <trkpt lat="2.0256909" lon="103.3481132">
    <ele>127</ele>
   </trkpt>
   <trkpt lat="2.0256967" lon="103.3481191">
    <ele>127</ele>
   </trkpt>
   <trkpt lat="2.0257025" lon="103.3481250">
    <ele>128</ele>
   </trkpt>
   <trkpt lat="2.0257084" lon="103.3481309">
    <ele>128</ele>
   </trkpt>
   <trkpt lat="2.0257267" lon="103.3481427">
    <ele>128</ele>
   </trkpt>
   <trkpt lat="2.0257294" lon="103.3481443">
    <ele>128</ele>
   </trkpt>
   <trkpt lat="2.0257321" lon="103.3481459">
    <ele>128</ele>
   </trkpt>
   <trkpt lat="2.0257348" lon="103.3481475">
    <ele>128</ele>
   </trkpt>
   <trkpt lat="2.0257453" lon="103.3481563">
    <ele>128</ele>
   </trkpt>
   <trkpt lat="2.0257484" lon="103.3481606">
    <ele>128</ele>
   </trkpt>
   <trkpt lat="2.0257515" lon="103.3481648">
    <ele>129</ele>
   </trkpt>
   <trkpt lat="2.0257546" lon="103.3481690">
    <ele>129</ele>
   </trkpt>
   <trkpt lat="2.0257667" lon="103.3481817">
    <ele>129</ele>
   </trkpt>
   <trkpt lat="2.0257716" lon="103.3481854">
    <ele>129</ele>
   </trkpt>
   <trkpt lat="2.0257766" lon="103.3481891">
    <ele>129</ele>
   </trkpt>
   <trkpt lat="2.0257816" lon="103.3481930">
    <ele>129</ele>
   </trkpt>
   <trkpt lat="2.0257945" lon="103.3482061">
    <ele>129</ele>
   </trkpt>
   <trkpt lat="2.0257983" lon="103.3482115">
    <ele>129</ele>
   </trkpt>
   <trkpt lat="2.0258021" lon="103.3482169">
    <ele>130</ele>
   </trkpt>
   <trkpt lat="2.0258059" lon="103.3482223">
    <ele>130</ele>
   </trkpt>
   <trkpt lat="2.0258114" lon="103.3482317">
    <ele>130</ele>
   </trkpt>
   <trkpt lat="2.0258142" lon="103.3482372">
    <ele>130</ele>
   </trkpt>
   <trkpt lat="2.0258171" lon="103.3482430">
    <ele>130</ele>
   </trkpt>
   <trkpt lat="2.0258200" lon="103.3482487">
    <ele>130</ele>
   </trkpt>
   <trkpt lat="2.0258279" lon="103.3482644">
    <ele>130</ele>
   </trkpt>
   <trkpt lat="2.0258299" lon="103.3482691">
    <ele>130</ele>
   </trkpt>
   <trkpt lat="2.0258320" lon="103.3482739">
    <ele>131</ele>
   </trkpt>
   <trkpt lat="2.0258341" lon="103.3482787">
    <ele>131</ele>
   </trkpt>
   <trkpt lat="2.0258390" lon="103.3482928">
    <ele>131</ele>
   </trkpt>
   <trkpt lat="2.0258405" lon="103.3482975">
    <ele>131</ele>
   </trkpt>
   <trkpt lat="2.0258420" lon="103.3483023">
    <ele>132</ele>
   </trkpt>
   <trkpt lat="2.0258436" lon="103.3483071">
    <ele>132</ele>
   </trkpt>
   <trkpt lat="2.0258466" lon="103.3483240">
    <ele>132</ele>
   </trkpt>
   <trkpt lat="2.0258484" lon="103.3483306">
    <ele>132</ele>
   </trkpt>
   <trkpt lat="2.0258502" lon="103.3483372">
    <ele>133</ele>
   </trkpt>
   <trkpt lat="2.0258520" lon="103.3483439">
    <ele>133</ele>
   </trkpt>
   <trkpt lat="2.0258610" lon="103.3483674">
    <ele>133</ele>
   </trkpt>
   <trkpt lat="2.0258633" lon="103.3483753">
    <ele>133</ele>
   </trkpt>
   <trkpt lat="2.0258656" lon="103.3483832">
    <ele>134</ele>
   </trkpt>
   <trkpt lat="2.0258680" lon="103.3483912">
    <ele>134</ele>
   </trkpt>
   <trkpt lat="2.0258717" lon="103.3484114">
    <ele>134</ele>
   </trkpt>
   <trkpt lat="2.0258723" lon="103.3484171">
    <ele>134</ele>
   </trkpt>
   <trkpt lat="2.0258729" lon="103.3484229">
    <ele>134</ele>
   </trkpt>
   <trkpt lat="2.0258737" lon="103.3484287">
    <ele>134</ele>
   </trkpt>
   <trkpt lat="2.0258792" lon="103.3484428">
    <ele>134</ele>
   </trkpt>
   <trkpt lat="2.0258822" lon="103.3484467">
    <ele>134</ele>
   </trkpt>
   <trkpt lat="2.0258852" lon="103.3484507">
    <ele>135</ele>
   </trkpt>
   <trkpt lat="2.0258881" lon="103.3484547">
    <ele>135</ele>
   </trkpt>
   <trkpt lat="2.0258929" lon="103.3484619">
    <ele>135</ele>
   </trkpt>
   <trkpt lat="2.0258959" lon="103.3484668">
    <ele>135</ele>
   </trkpt>
   <trkpt lat="2.0258990" lon="103.3484717">
    <ele>136</ele>
   </trkpt>
   <trkpt lat="2.0259021" lon="103.3484766">
    <ele>136</ele>
   </trkpt>
   <trkpt lat="2.0259153" lon="103.3484962">
    <ele>136</ele>
   </trkpt>
   <trkpt lat="2.0259193" lon="103.3485026">
    <ele>136</ele>
   </trkpt>
   <trkpt lat="2.0259233" lon="103.3485090">
    <ele>137</ele>
   </trkpt>
   <trkpt lat="2.0259273" lon="103.3485155">
    <ele>137</ele>
   </trkpt>
   <trkpt lat="2.0259369" lon="103.3485345">
    <ele>137</ele>
   </trkpt>
   <trkpt lat="2.0259393" lon="103.3485400">
    <ele>137</ele>
   </trkpt>
   <trkpt lat="2.0259418" lon="103.3485456">
    <ele>138</ele>
   </trkpt>
   <trkpt lat="2.0259443" lon="103.3485511">
    <ele>138</ele>
   </trkpt>
   <trkpt lat="2.0259506" lon="103.3485620">
    <ele>138</ele>
   </trkpt>
   <trkpt lat="2.0259515" lon="103.3485652">
    <ele>138</ele>
   </trkpt>
   <trkpt lat="2.0259524" lon="103.3485684">
    <ele>138</ele>
   </trkpt>
   <trkpt lat="2.0259533" lon="103.3485716">
    <ele>138</ele>
   </trkpt>
   <trkpt lat="2.0259542" lon="103.3485804">
    <ele>138</ele>
   </trkpt>
   <trkpt lat="2.0259554" lon="103.3485837">
    <ele>138</ele>
   </trkpt>
   <trkpt lat="2.0259566" lon="103.3485870">
    <ele>139</ele>
   </trkpt>
   <trkpt lat="2.0259579" lon="103.3485903">
    <ele>139</ele>
   </trkpt>
   <trkpt lat="2.0259666" lon="103.3486070">
    <ele>139</ele>
   </trkpt>
   <trkpt lat="2.0259695" lon="103.3486147">
    <ele>139</ele>
   </trkpt>
   <trkpt lat="2.0259725" lon="103.3486227">
    <ele>140</ele>
   </trkpt>
   <trkpt lat="2.0259755" lon="103.3486306">
    <ele>140</ele>
   </trkpt>
   <trkpt lat="2.0259798" lon="103.3486537">
    <ele>140</ele>
   </trkpt>
   <trkpt lat="2.0259803" lon="103.3486613">
    <ele>140</ele>
   </trkpt>
   <trkpt lat="2.0259809" lon="103.3486688">
    <ele>140</ele>
   </trkpt>
   <trkpt lat="2.0259815" lon="103.3486764">
    <ele>140</ele>
   </trkpt>
   <trkpt lat="2.0259833" lon="103.3486997">
    <ele>140</ele>
   </trkpt>
   <trkpt lat="2.0259845" lon="103.3487074">
    <ele>140</ele>
   </trkpt>
   <trkpt lat="2.0259857" lon="103.3487151">
    <ele>141</ele>
   </trkpt>
   <trkpt lat="2.0259869" lon="103.3487228">
    <ele>141</ele>
   </trkpt>
   <trkpt lat="2.0259915" lon="103.3487484">
    <ele>141</ele>
   </trkpt>
   <trkpt lat="2.0259928" lon="103.3487587">
    <ele>141</ele>
   </trkpt>
   <trkpt lat="2.0259941" lon="103.3487690">
    <ele>141</ele>
   </trkpt>
   <trkpt lat="2.0259953" lon="103.3487794">
    <ele>141</ele>
   </trkpt>
   <trkpt lat="2.0260032" lon="103.3488134">
    <ele>141</ele>
   </trkpt>
   <trkpt lat="2.0260055" lon="103.3488233">
    <ele>141</ele>
   </trkpt>
   <trkpt lat="2.0260079" lon="103.3488332">
    <ele>141</ele>
   </trkpt>
   <trkpt lat="2.0260103" lon="103.3488432">
    <ele>141</ele>
   </trkpt>
   <trkpt lat="2.0260157" lon="103.3488696">
    <ele>141</ele>
   </trkpt>
   <trkpt lat="2.0260175" lon="103.3488777">
    <ele>141</ele>
   </trkpt>
   <trkpt lat="2.0260194" lon="103.3488858">
    <ele>142</ele>
   </trkpt>
   <trkpt lat="2.0260213" lon="103.3488938">
    <ele>142</ele>
   </trkpt>
   <trkpt lat="2.0260259" lon="103.3489154">
    <ele>142</ele>
   </trkpt>
   <trkpt lat="2.0260262" lon="103.3489201">
    <ele>142</ele>
   </trkpt>
   <trkpt lat="2.0260265" lon="103.3489248">
    <ele>142</ele>
   </trkpt>
   <trkpt lat="2.0260268" lon="103.3489296">
    <ele>142</ele>
   </trkpt>
   <trkpt lat="2.0260227" lon="103.3489419">
    <ele>142</ele>
   </trkpt>
   <trkpt lat="2.0260205" lon="103.3489467">
    <ele>142</ele>
   </trkpt>
   <trkpt lat="2.0260182" lon="103.3489514">
    <ele>143</ele>
   </trkpt>
   <trkpt lat="2.0260159" lon="103.3489562">
    <ele>143</ele>
   </trkpt>
   <trkpt lat="2.0260068" lon="103.3489714">
    <ele>143</ele>
   </trkpt>
   <trkpt lat="2.0260028" lon="103.3489759">
    <ele>143</ele>
   </trkpt>
   <trkpt lat="2.0259989" lon="103.3489806">
    <ele>143</ele>
   </trkpt>
   <trkpt lat="2.0259950" lon="103.3489853">
    <ele>143</ele>
   </trkpt>
   <trkpt lat="2.0259834" lon="103.3489998">
    <ele>143</ele>
   </trkpt>
   <trkpt lat="2.0259788" lon="103.3490048">
    <ele>143</ele>
   </trkpt>
   <trkpt lat="2.0259742" lon="103.3490099">
    <ele>143</ele>
   </trkpt>
   <trkpt lat="2.0259697" lon="103.3490150">
    <ele>143</ele>
   </trkpt>
   <trkpt lat="2.0259568" lon="103.3490283">
    <ele>143</ele>
   </trkpt>
   <trkpt lat="2.0259538" lon="103.3490325">
    <ele>143</ele>
   </trkpt>
   <trkpt lat="2.0259508" lon="103.3490367">
    <ele>143</ele>
   </trkpt>
   <trkpt lat="2.0259478" lon="103.3490410">
    <ele>143</ele>
   </trkpt>
   <trkpt lat="2.0259396" lon="103.3490547">
    <ele>143</ele>
   </trkpt>
   <trkpt lat="2.0259350" lon="103.3490601">
    <ele>143</ele>
   </trkpt>
   <trkpt lat="2.0259304" lon="103.3490655">
    <ele>144</ele>
   </trkpt>
   <trkpt lat="2.0259258" lon="103.3490709">
    <ele>144</ele>
   </trkpt>
   <trkpt lat="2.0259104" lon="103.3490875">
    <ele>144</ele>
   </trkpt>
   <trkpt lat="2.0259061" lon="103.3490927">
    <ele>144</ele>
   </trkpt>
   <trkpt lat="2.0259019" lon="103.3490979">
    <ele>144</ele>
   </trkpt>
   <trkpt lat="2.0258976" lon="103.3491032">
    <ele>144</ele>
   </trkpt>
   <trkpt lat="2.0258905" lon="103.3491171">
    <ele>144</ele>
   </trkpt>
   <trkpt lat="2.0258904" lon="103.3491216">
    <ele>144</ele>
   </trkpt>
   <trkpt lat="2.0258903" lon="103.3491261">
    <ele>145</ele>
   </trkpt>
   <trkpt lat="2.0258902" lon="103.3491307">
    <ele>145</ele>
   </trkpt>
   <trkpt lat="2.0258932" lon="103.3491459">
    <ele>145</ele>
   </trkpt>
   <trkpt lat="2.0258935" lon="103.3491509">
    <ele>145</ele>
   </trkpt>
   <trkpt lat="2.0258938" lon="103.3491559">
    <ele>146</ele>
   </trkpt>
   <trkpt lat="2.0258943" lon="103.3491611">
    <ele>146</ele>
   </trkpt>
   <trkpt lat="2.0258968" lon="103.3491825">
    <ele>149</ele>
   </trkpt>
   <trkpt lat="2.0258974" lon="103.3491875">
    <ele>149</ele>
   </trkpt>
   <trkpt lat="2.0258980" lon="103.3491928">
    <ele>149</ele>
   </trkpt>
   <trkpt lat="2.0258986" lon="103.3491980">
    <ele>149</ele>
   </trkpt>
   <trkpt lat="2.0259000" lon="103.3492173">
    <ele>150</ele>
   </trkpt>
   <trkpt lat="2.0258995" lon="103.3492227">
    <ele>150</ele>
   </trkpt>
   <trkpt lat="2.0258990" lon="103.3492282">
    <ele>150</ele>
   </trkpt>
   <trkpt lat="2.0258985" lon="103.3492337">
    <ele>150</ele>
   </trkpt>
   <trkpt lat="2.0259000" lon="103.3492501">
    <ele>151</ele>
   </trkpt>
   <trkpt lat="2.0259022" lon="103.3492547">
    <ele>151</ele>
   </trkpt>
   <trkpt lat="2.0259045" lon="103.3492593">
    <ele>151</ele>
   </trkpt>
   <trkpt lat="2.0259068" lon="103.3492640">
    <ele>151</ele>
   </trkpt>
   <trkpt lat="2.0259145" lon="103.3492730">
    <ele>152</ele>
   </trkpt>
   <trkpt lat="2.0259166" lon="103.3492758">
    <ele>152</ele>
   </trkpt>
   <trkpt lat="2.0259187" lon="103.3492787">
    <ele>152</ele>
   </trkpt>
   <trkpt lat="2.0259208" lon="103.3492816">
    <ele>152</ele>
   </trkpt>
   <trkpt lat="2.0259252" lon="103.3492976">
    <ele>152</ele>
   </trkpt>
   <trkpt lat="2.0259263" lon="103.3493048">
    <ele>152</ele>
   </trkpt>
   <trkpt lat="2.0259274" lon="103.3493120">
    <ele>152</ele>
   </trkpt>
   <trkpt lat="2.0259286" lon="103.3493193">
    <ele>152</ele>
   </trkpt>
   <trkpt lat="2.0259337" lon="103.3493412">
    <ele>153</ele>
   </trkpt>
   <trkpt lat="2.0259360" lon="103.3493484">
    <ele>153</ele>
   </trkpt>
   <trkpt lat="2.0259383" lon="103.3493556">
    <ele>153</ele>
   </trkpt>
   <trkpt lat="2.0259408" lon="103.3493628">
    <ele>153</ele>
   </trkpt>
   <trkpt lat="2.0259421" lon="103.3493655">
    <ele>153</ele>
   </trkpt>
   <trkpt lat="2.0259434" lon="103.3493683">
    <ele>153</ele>
   </trkpt>
   <trkpt lat="2.0259447" lon="103.3493710">
    <ele>153</ele>
   </trkpt>
   <trkpt lat="2.0259459" lon="103.3493738">
    <ele>153</ele>
   </trkpt>
   <trkpt lat="2.0259528" lon="103.3493873">
    <ele>153</ele>
   </trkpt>
   <trkpt lat="2.0259544" lon="103.3493911">
    <ele>153</ele>
   </trkpt>
   <trkpt lat="2.0259561" lon="103.3493950">
    <ele>153</ele>
   </trkpt>
   <trkpt lat="2.0259578" lon="103.3493989">
    <ele>153</ele>
   </trkpt>
   <trkpt lat="2.0259659" lon="103.3494123">
    <ele>154</ele>
   </trkpt>
   <trkpt lat="2.0259699" lon="103.3494177">
    <ele>154</ele>
   </trkpt>
   <trkpt lat="2.0259739" lon="103.3494232">
    <ele>154</ele>
   </trkpt>
   <trkpt lat="2.0259780" lon="103.3494287">
    <ele>154</ele>
   </trkpt>
   <trkpt lat="2.0259918" lon="103.3494453">
    <ele>155</ele>
   </trkpt>
   <trkpt lat="2.0259934" lon="103.3494482">
    <ele>155</ele>
   </trkpt>
   <trkpt lat="2.0259952" lon="103.3494510">
    <ele>155</ele>
   </trkpt>
   <trkpt lat="2.0259969" lon="103.3494539">
    <ele>155</ele>
   </trkpt>
   <trkpt lat="2.0260035" lon="103.3494685">
    <ele>156</ele>
   </trkpt>
   <trkpt lat="2.0260060" lon="103.3494740">
    <ele>156</ele>
   </trkpt>
   <trkpt lat="2.0260085" lon="103.3494795">
    <ele>156</ele>
   </trkpt>
   <trkpt lat="2.0260110" lon="103.3494851">
    <ele>156</ele>
   </trkpt>
   <trkpt lat="2.0260170" lon="103.3495030">
    <ele>156</ele>
   </trkpt>
   <trkpt lat="2.0260165" lon="103.3495081">
    <ele>156</ele>
   </trkpt>
   <trkpt lat="2.0260161" lon="103.3495132">
    <ele>156</ele>
   </trkpt>
   <trkpt lat="2.0260157" lon="103.3495183">
    <ele>156</ele>
   </trkpt>
   <trkpt lat="2.0260107" lon="103.3495340">
    <ele>157</ele>
   </trkpt>
   <trkpt lat="2.0260074" lon="103.3495395">
    <ele>157</ele>
   </trkpt>
   <trkpt lat="2.0260041" lon="103.3495450">
    <ele>157</ele>
   </trkpt>
   <trkpt lat="2.0260008" lon="103.3495506">
    <ele>157</ele>
   </trkpt>
   <trkpt lat="2.0259883" lon="103.3495653">
    <ele>158</ele>
   </trkpt>
   <trkpt lat="2.0259842" lon="103.3495704">
    <ele>158</ele>
   </trkpt>
   <trkpt lat="2.0259801" lon="103.3495755">
    <ele>158</ele>
   </trkpt>
   <trkpt lat="2.0259760" lon="103.3495807">
    <ele>158</ele>
   </trkpt>
   <trkpt lat="2.0259686" lon="103.3495963">
    <ele>158</ele>
   </trkpt>
   <trkpt lat="2.0259681" lon="103.3496008">
    <ele>158</ele>
   </trkpt>
   <trkpt lat="2.0259676" lon="103.3496052">
    <ele>158</ele>
   </trkpt>
   <trkpt lat="2.0259672" lon="103.3496099">
    <ele>158</ele>
   </trkpt>
   <trkpt lat="2.0259622" lon="103.3496261">
    <ele>159</ele>
   </trkpt>
   <trkpt lat="2.0259592" lon="103.3496322">
    <ele>159</ele>
   </trkpt>
   <trkpt lat="2.0259562" lon="103.3496383">
    <ele>159</ele>
   </trkpt>
   <trkpt lat="2.0259532" lon="103.3496445">
    <ele>159</ele>
   </trkpt>
   <trkpt lat="2.0259449" lon="103.3496600">
    <ele>159</ele>
   </trkpt>
   <trkpt lat="2.0259416" lon="103.3496633">
    <ele>159</ele>
   </trkpt>
   <trkpt lat="2.0259383" lon="103.3496667">
    <ele>159</ele>
   </trkpt>
   <trkpt lat="2.0259350" lon="103.3496701">
    <ele>159</ele>
   </trkpt>
   <trkpt lat="2.0259238" lon="103.3496794">
    <ele>160</ele>
   </trkpt>
   <trkpt lat="2.0259209" lon="103.3496829">
    <ele>160</ele>
   </trkpt>
   <trkpt lat="2.0259181" lon="103.3496863">
    <ele>160</ele>
   </trkpt>
   <trkpt lat="2.0259153" lon="103.3496897">
    <ele>160</ele>
   </trkpt>
   <trkpt lat="2.0259062" lon="103.3497102">
    <ele>162</ele>
   </trkpt>
   <trkpt lat="2.0258984" lon="103.3497314">
    <ele>162</ele>
   </trkpt>
   <trkpt lat="2.0258965" lon="103.3497368">
    <ele>162</ele>
   </trkpt>
   <trkpt lat="2.0258947" lon="103.3497423">
    <ele>163</ele>
   </trkpt>
   <trkpt lat="2.0258929" lon="103.3497478">
    <ele>163</ele>
   </trkpt>
   <trkpt lat="2.0258899" lon="103.3497633">
    <ele>163</ele>
   </trkpt>
   <trkpt lat="2.0258897" lon="103.3497688">
    <ele>163</ele>
   </trkpt>
   <trkpt lat="2.0258896" lon="103.3497744">
    <ele>163</ele>
   </trkpt>
   <trkpt lat="2.0258895" lon="103.3497800">
    <ele>163</ele>
   </trkpt>
   <trkpt lat="2.0258894" lon="103.3497965">
    <ele>163</ele>
   </trkpt>
   <trkpt lat="2.0258889" lon="103.3498000">
    <ele>163</ele>
   </trkpt>
   <trkpt lat="2.0258885" lon="103.3498034">
    <ele>164</ele>
   </trkpt>
   <trkpt lat="2.0258881" lon="103.3498070">
    <ele>164</ele>
   </trkpt>
   <trkpt lat="2.0258875" lon="103.3498258">
    <ele>164</ele>
   </trkpt>
   <trkpt lat="2.0258873" lon="103.3498278">
    <ele>164</ele>
   </trkpt>
   <trkpt lat="2.0258873" lon="103.3498298">
    <ele>165</ele>
   </trkpt>
   <trkpt lat="2.0258873" lon="103.3498318">
    <ele>165</ele>
   </trkpt>
   <trkpt lat="2.0258873" lon="103.3498338">
    <ele>165</ele>
   </trkpt>
   <trkpt lat="2.0258873" lon="103.3498359">
    <ele>165</ele>
   </trkpt>
   <trkpt lat="2.0258880" lon="103.3498530">
    <ele>166</ele>
   </trkpt>
   <trkpt lat="2.0258889" lon="103.3498582">
    <ele>166</ele>
   </trkpt>
   <trkpt lat="2.0258898" lon="103.3498635">
    <ele>166</ele>
   </trkpt>
   <trkpt lat="2.0258908" lon="103.3498688">
    <ele>166</ele>
   </trkpt>
   <trkpt lat="2.0258928" lon="103.3498736">
    <ele>167</ele>
   </trkpt>
   <trkpt lat="2.0258949" lon="103.3498785">
    <ele>167</ele>
   </trkpt>
   <trkpt lat="2.0258970" lon="103.3498834">
    <ele>167</ele>
   </trkpt>
   <trkpt lat="2.0259008" lon="103.3498979">
    <ele>171</ele>
   </trkpt>
   <trkpt lat="2.0259080" lon="103.3499121">
    <ele>172</ele>
   </trkpt>
   <trkpt lat="2.0259199" lon="103.3499198">
    <ele>175</ele>
   </trkpt>
   <trkpt lat="2.0259299" lon="103.3499302">
    <ele>175</ele>
   </trkpt>
   <trkpt lat="2.0259324" lon="103.3499344">
    <ele>175</ele>
   </trkpt>
   <trkpt lat="2.0259350" lon="103.3499387">
    <ele>175</ele>
   </trkpt>
   <trkpt lat="2.0259375" lon="103.3499430">
    <ele>176</ele>
   </trkpt>
   <trkpt lat="2.0259472" lon="103.3499566">
    <ele>176</ele>
   </trkpt>
   <trkpt lat="2.0259500" lon="103.3499614">
    <ele>176</ele>
   </trkpt>
   <trkpt lat="2.0259529" lon="103.3499662">
    <ele>176</ele>
   </trkpt>
   <trkpt lat="2.0259558" lon="103.3499711">
    <ele>177</ele>
   </trkpt>
   <trkpt lat="2.0259591" lon="103.3499779">
    <ele>177</ele>
   </trkpt>
   <trkpt lat="2.0259613" lon="103.3499812">
    <ele>177</ele>
   </trkpt>
   <trkpt lat="2.0259635" lon="103.3499845">
    <ele>177</ele>
   </trkpt>
   <trkpt lat="2.0259658" lon="103.3499877">
    <ele>177</ele>
   </trkpt>
   <trkpt lat="2.0259679" lon="103.3499900">
    <ele>177</ele>
   </trkpt>
   <trkpt lat="2.0259700" lon="103.3499923">
    <ele>177</ele>
   </trkpt>
   <trkpt lat="2.0259721" lon="103.3499944">
    <ele>177</ele>
   </trkpt>
   <trkpt lat="2.0259742" lon="103.3499968">
    <ele>178</ele>
   </trkpt>
   <trkpt lat="2.0259819" lon="103.3500017">
    <ele>178</ele>
   </trkpt>
   <trkpt lat="2.0259912" lon="103.3499933">
    <ele>180</ele>
   </trkpt>
   <trkpt lat="2.0260006" lon="103.3499827">
    <ele>180</ele>
   </trkpt>
   <trkpt lat="2.0260047" lon="103.3499815">
    <ele>180</ele>
   </trkpt>
   <trkpt lat="2.0260088" lon="103.3499803">
    <ele>180</ele>
   </trkpt>
   <trkpt lat="2.0260130" lon="103.3499791">
    <ele>181</ele>
   </trkpt>
   <trkpt lat="2.0260310" lon="103.3499967">
    <ele>182</ele>
   </trkpt>
   <trkpt lat="2.0260370" lon="103.3500185">
    <ele>182</ele>
   </trkpt>
   <trkpt lat="2.0260365" lon="103.3500244">
    <ele>182</ele>
   </trkpt>
   <trkpt lat="2.0260360" lon="103.3500303">
    <ele>182</ele>
   </trkpt>
   <trkpt lat="2.0260357" lon="103.3500363">
    <ele>182</ele>
   </trkpt>
   <trkpt lat="2.0260349" lon="103.3500461">
    <ele>183</ele>
   </trkpt>
   <trkpt lat="2.0260359" lon="103.3500512">
    <ele>183</ele>
   </trkpt>
   <trkpt lat="2.0260370" lon="103.3500564">
    <ele>183</ele>
   </trkpt>
   <trkpt lat="2.0260381" lon="103.3500616">
    <ele>183</ele>
   </trkpt>
   <trkpt lat="2.0260452" lon="103.3500748">
    <ele>183</ele>
   </trkpt>
   <trkpt lat="2.0260463" lon="103.3500795">
    <ele>183</ele>
   </trkpt>
   <trkpt lat="2.0260477" lon="103.3500842">
    <ele>183</ele>
   </trkpt>
   <trkpt lat="2.0260490" lon="103.3500890">
    <ele>183</ele>
   </trkpt>
   <trkpt lat="2.0260481" lon="103.3501069">
    <ele>183</ele>
   </trkpt>
   <trkpt lat="2.0260470" lon="103.3501141">
    <ele>183</ele>
   </trkpt>
   <trkpt lat="2.0260459" lon="103.3501214">
    <ele>183</ele>
   </trkpt>
   <trkpt lat="2.0260449" lon="103.3501287">
    <ele>183</ele>
   </trkpt>
   <trkpt lat="2.0260436" lon="103.3501420">
    <ele>184</ele>
   </trkpt>
   <trkpt lat="2.0260427" lon="103.3501496">
    <ele>184</ele>
   </trkpt>
   <trkpt lat="2.0260417" lon="103.3501573">
    <ele>184</ele>
   </trkpt>
   <trkpt lat="2.0260410" lon="103.3501650">
    <ele>184</ele>
   </trkpt>
   <trkpt lat="2.0260394" lon="103.3501840">
    <ele>184</ele>
   </trkpt>
   <trkpt lat="2.0260400" lon="103.3501892">
    <ele>184</ele>
   </trkpt>
   <trkpt lat="2.0260406" lon="103.3501945">
    <ele>184</ele>
   </trkpt>
   <trkpt lat="2.0260412" lon="103.3501998">
    <ele>184</ele>
   </trkpt>
   <trkpt lat="2.0260449" lon="103.3502141">
    <ele>184</ele>
   </trkpt>
   <trkpt lat="2.0260467" lon="103.3502197">
    <ele>184</ele>
   </trkpt>
   <trkpt lat="2.0260485" lon="103.3502254">
    <ele>184</ele>
   </trkpt>
   <trkpt lat="2.0260503" lon="103.3502311">
    <ele>184</ele>
   </trkpt>
   <trkpt lat="2.0260527" lon="103.3502462">
    <ele>185</ele>
   </trkpt>
   <trkpt lat="2.0260532" lon="103.3502511">
    <ele>185</ele>
   </trkpt>
   <trkpt lat="2.0260538" lon="103.3502560">
    <ele>185</ele>
   </trkpt>
   <trkpt lat="2.0260544" lon="103.3502609">
    <ele>185</ele>
   </trkpt>
   <trkpt lat="2.0260564" lon="103.3502761">
    <ele>186</ele>
   </trkpt>
   <trkpt lat="2.0260570" lon="103.3502822">
    <ele>186</ele>
   </trkpt>
   <trkpt lat="2.0260576" lon="103.3502883">
    <ele>186</ele>
   </trkpt>
   <trkpt lat="2.0260583" lon="103.3502944">
    <ele>186</ele>
   </trkpt>
   <trkpt lat="2.0260618" lon="103.3503201">
    <ele>186</ele>
   </trkpt>
   <trkpt lat="2.0260636" lon="103.3503297">
    <ele>186</ele>
   </trkpt>
   <trkpt lat="2.0260653" lon="103.3503393">
    <ele>186</ele>
   </trkpt>
   <trkpt lat="2.0260672" lon="103.3503489">
    <ele>186</ele>
   </trkpt>
   <trkpt lat="2.0260728" lon="103.3503608">
    <ele>187</ele>
   </trkpt>
   <trkpt lat="2.0260765" lon="103.3503653">
    <ele>187</ele>
   </trkpt>
   <trkpt lat="2.0260802" lon="103.3503698">
    <ele>187</ele>
   </trkpt>
   <trkpt lat="2.0260839" lon="103.3503744">
    <ele>187</ele>
   </trkpt>
   <trkpt lat="2.0260951" lon="103.3503827">
    <ele>187</ele>
   </trkpt>
   <trkpt lat="2.0260988" lon="103.3503847">
    <ele>187</ele>
   </trkpt>
   <trkpt lat="2.0261025" lon="103.3503867">
    <ele>187</ele>
   </trkpt>
   <trkpt lat="2.0261062" lon="103.3503888">
    <ele>187</ele>
   </trkpt>
   <trkpt lat="2.0261162" lon="103.3503951">
    <ele>187</ele>
   </trkpt>
   <trkpt lat="2.0261399" lon="103.3504068">
    <ele>190</ele>
   </trkpt>
   <trkpt lat="2.0261606" lon="103.3504169">
    <ele>191</ele>
   </trkpt>
   <trkpt lat="2.0261636" lon="103.3504199">
    <ele>191</ele>
   </trkpt>
   <trkpt lat="2.0261666" lon="103.3504229">
    <ele>191</ele>
   </trkpt>
   <trkpt lat="2.0261697" lon="103.3504260">
    <ele>191</ele>
   </trkpt>
   <trkpt lat="2.0261722" lon="103.3504295">
    <ele>192</ele>
   </trkpt>
   <trkpt lat="2.0261747" lon="103.3504330">
    <ele>192</ele>
   </trkpt>
   <trkpt lat="2.0261773" lon="103.3504365">
    <ele>192</ele>
   </trkpt>
   <trkpt lat="2.0261874" lon="103.3504406">
    <ele>192</ele>
   </trkpt>
   <trkpt lat="2.0261922" lon="103.3504394">
    <ele>193</ele>
   </trkpt>
   <trkpt lat="2.0261969" lon="103.3504382">
    <ele>193</ele>
   </trkpt>
   <trkpt lat="2.0262018" lon="103.3504370">
    <ele>193</ele>
   </trkpt>
   <trkpt lat="2.0262204" lon="103.3504299">
    <ele>193</ele>
   </trkpt>
   <trkpt lat="2.0262266" lon="103.3504277">
    <ele>193</ele>
   </trkpt>
   <trkpt lat="2.0262329" lon="103.3504256">
    <ele>193</ele>
   </trkpt>
   <trkpt lat="2.0262392" lon="103.3504235">
    <ele>193</ele>
   </trkpt>
   <trkpt lat="2.0262563" lon="103.3504204">
    <ele>196</ele>
   </trkpt>
   <trkpt lat="2.0262780" lon="103.3504154">
    <ele>196</ele>
   </trkpt>
   <trkpt lat="2.0262830" lon="103.3504152">
    <ele>196</ele>
   </trkpt>
   <trkpt lat="2.0262881" lon="103.3504150">
    <ele>197</ele>
   </trkpt>
   <trkpt lat="2.0262932" lon="103.3504149">
    <ele>197</ele>
   </trkpt>
   <trkpt lat="2.0263054" lon="103.3504156">
    <ele>197</ele>
   </trkpt>
   <trkpt lat="2.0263091" lon="103.3504150">
    <ele>197</ele>
   </trkpt>
   <trkpt lat="2.0263129" lon="103.3504144">
    <ele>198</ele>
   </trkpt>
   <trkpt lat="2.0263167" lon="103.3504139">
    <ele>198</ele>
   </trkpt>
   <trkpt lat="2.0263264" lon="103.3504119">
    <ele>198</ele>
   </trkpt>
   <trkpt lat="2.0263292" lon="103.3504109">
    <ele>198</ele>
   </trkpt>
   <trkpt lat="2.0263321" lon="103.3504100">
    <ele>198</ele>
   </trkpt>
   <trkpt lat="2.0263350" lon="103.3504090">
    <ele>198</ele>
   </trkpt>
   <trkpt lat="2.0263379" lon="103.3504082">
    <ele>198</ele>
   </trkpt>
   <trkpt lat="2.0263498" lon="103.3504023">
    <ele>200</ele>
   </trkpt>
   <trkpt lat="2.0263643" lon="103.3503987">
    <ele>200</ele>
   </trkpt>
   <trkpt lat="2.0263676" lon="103.3503996">
    <ele>201</ele>
   </trkpt>
   <trkpt lat="2.0263710" lon="103.3504005">
    <ele>201</ele>
   </trkpt>
   <trkpt lat="2.0263744" lon="103.3504014">
    <ele>201</ele>
   </trkpt>
   <trkpt lat="2.0263863" lon="103.3504011">
    <ele>201</ele>
   </trkpt>
   <trkpt lat="2.0264000" lon="103.3504046">
    <ele>204</ele>
   </trkpt>
   <trkpt lat="2.0264232" lon="103.3504065">
    <ele>204</ele>
   </trkpt>
   <trkpt lat="2.0264579" lon="103.3504097">
    <ele>210</ele>
   </trkpt>
   <trkpt lat="2.0264867" lon="103.3504123">
    <ele>210</ele>
   </trkpt>
   <trkpt lat="2.0265197" lon="103.3504152">
    <ele>214</ele>
   </trkpt>
   <trkpt lat="2.0265243" lon="103.3504155">
    <ele>214</ele>
   </trkpt>
   <trkpt lat="2.0265290" lon="103.3504157">
    <ele>214</ele>
   </trkpt>
   <trkpt lat="2.0265337" lon="103.3504162">
    <ele>215</ele>
   </trkpt>
   <trkpt lat="2.0265384" lon="103.3504165">
    <ele>215</ele>
   </trkpt>
   <trkpt lat="2.0265431" lon="103.3504169">
    <ele>215</ele>
   </trkpt>
   <trkpt lat="2.0265778" lon="103.3504224">
    <ele>215</ele>
   </trkpt>
   <trkpt lat="2.0266162" lon="103.3504352">
    <ele>217</ele>
   </trkpt>
   <trkpt lat="2.0266445" lon="103.3504447">
    <ele>218</ele>
   </trkpt>
   <trkpt lat="2.0266508" lon="103.3504467">
    <ele>218</ele>
   </trkpt>
   <trkpt lat="2.0266571" lon="103.3504488">
    <ele>218</ele>
   </trkpt>
   <trkpt lat="2.0266635" lon="103.3504509">
    <ele>218</ele>
   </trkpt>
   <trkpt lat="2.0266794" lon="103.3504552">
    <ele>219</ele>
   </trkpt>
   <trkpt lat="2.0266848" lon="103.3504573">
    <ele>219</ele>
   </trkpt>
   <trkpt lat="2.0266905" lon="103.3504593">
    <ele>219</ele>
   </trkpt>
   <trkpt lat="2.0266961" lon="103.3504613">
    <ele>219</ele>
   </trkpt>
   <trkpt lat="2.0267164" lon="103.3504727">
    <ele>219</ele>
   </trkpt>
   <trkpt lat="2.0267217" lon="103.3504777">
    <ele>219</ele>
   </trkpt>
   <trkpt lat="2.0267272" lon="103.3504830">
    <ele>219</ele>
   </trkpt>
   <trkpt lat="2.0267327" lon="103.3504882">
    <ele>219</ele>
   </trkpt>
   <trkpt lat="2.0267415" lon="103.3505069">
    <ele>220</ele>
   </trkpt>
   <trkpt lat="2.0267440" lon="103.3505147">
    <ele>220</ele>
   </trkpt>
   <trkpt lat="2.0267464" lon="103.3505224">
    <ele>220</ele>
   </trkpt>
   <trkpt lat="2.0267491" lon="103.3505302">
    <ele>220</ele>
   </trkpt>
   <trkpt lat="2.0267516" lon="103.3505392">
    <ele>221</ele>
   </trkpt>
   <trkpt lat="2.0267542" lon="103.3505482">
    <ele>221</ele>
   </trkpt>
   <trkpt lat="2.0267567" lon="103.3505573">
    <ele>221</ele>
   </trkpt>
   <trkpt lat="2.0267572" lon="103.3505791">
    <ele>221</ele>
   </trkpt>
   <trkpt lat="2.0267608" lon="103.3505935">
    <ele>222</ele>
   </trkpt>
   <trkpt lat="2.0267695" lon="103.3505989">
    <ele>223</ele>
   </trkpt>
   <trkpt lat="2.0267781" lon="103.3506054">
    <ele>224</ele>
   </trkpt>
   <trkpt lat="2.0267864" lon="103.3506133">
    <ele>225</ele>
   </trkpt>
   <trkpt lat="2.0267898" lon="103.3506164">
    <ele>225</ele>
   </trkpt>
   <trkpt lat="2.0267932" lon="103.3506194">
    <ele>225</ele>
   </trkpt>
   <trkpt lat="2.0267966" lon="103.3506227">
    <ele>225</ele>
   </trkpt>
   <trkpt lat="2.0268099" lon="103.3506324">
    <ele>226</ele>
   </trkpt>
   <trkpt lat="2.0268145" lon="103.3506357">
    <ele>226</ele>
   </trkpt>
   <trkpt lat="2.0268192" lon="103.3506390">
    <ele>226</ele>
   </trkpt>
   <trkpt lat="2.0268239" lon="103.3506423">
    <ele>226</ele>
   </trkpt>
   <trkpt lat="2.0268457" lon="103.3506440">
    <ele>230</ele>
   </trkpt>
   <trkpt lat="2.0268635" lon="103.3506429">
    <ele>232</ele>
   </trkpt>
   <trkpt lat="2.0268840" lon="103.3506387">
    <ele>232</ele>
   </trkpt>
   <trkpt lat="2.0268888" lon="103.3506372">
    <ele>232</ele>
   </trkpt>
   <trkpt lat="2.0268937" lon="103.3506358">
    <ele>233</ele>
   </trkpt>
   <trkpt lat="2.0268986" lon="103.3506344">
    <ele>233</ele>
   </trkpt>
   <trkpt lat="2.0269143" lon="103.3506357">
    <ele>233</ele>
   </trkpt>
   <trkpt lat="2.0269203" lon="103.3506391">
    <ele>233</ele>
   </trkpt>
   <trkpt lat="2.0269263" lon="103.3506425">
    <ele>234</ele>
   </trkpt>
   <trkpt lat="2.0269324" lon="103.3506460">
    <ele>234</ele>
   </trkpt>
   <trkpt lat="2.0269499" lon="103.3506663">
    <ele>234</ele>
   </trkpt>
   <trkpt lat="2.0269540" lon="103.3506735">
    <ele>234</ele>
   </trkpt>
   <trkpt lat="2.0269580" lon="103.3506808">
    <ele>235</ele>
   </trkpt>
   <trkpt lat="2.0269621" lon="103.3506881">
    <ele>235</ele>
   </trkpt>
   <trkpt lat="2.0269691" lon="103.3507068">
    <ele>235</ele>
   </trkpt>
   <trkpt lat="2.0269714" lon="103.3507126">
    <ele>235</ele>
   </trkpt>
   <trkpt lat="2.0269737" lon="103.3507184">
    <ele>236</ele>
   </trkpt>
   <trkpt lat="2.0269761" lon="103.3507242">
    <ele>236</ele>
   </trkpt>
   <trkpt lat="2.0269795" lon="103.3507436">
    <ele>236</ele>
   </trkpt>
   <trkpt lat="2.0269793" lon="103.3507503">
    <ele>236</ele>
   </trkpt>
   <trkpt lat="2.0269791" lon="103.3507571">
    <ele>236</ele>
   </trkpt>
   <trkpt lat="2.0269790" lon="103.3507639">
    <ele>236</ele>
   </trkpt>
   <trkpt lat="2.0269797" lon="103.3507762">
    <ele>236</ele>
   </trkpt>
   <trkpt lat="2.0269811" lon="103.3507836">
    <ele>236</ele>
   </trkpt>
   <trkpt lat="2.0269825" lon="103.3507911">
    <ele>237</ele>
   </trkpt>
   <trkpt lat="2.0269839" lon="103.3507986">
    <ele>237</ele>
   </trkpt>
   <trkpt lat="2.0269879" lon="103.3508224">
    <ele>237</ele>
   </trkpt>
   <trkpt lat="2.0269882" lon="103.3508305">
    <ele>237</ele>
   </trkpt>
   <trkpt lat="2.0269885" lon="103.3508387">
    <ele>237</ele>
   </trkpt>
   <trkpt lat="2.0269889" lon="103.3508468">
    <ele>237</ele>
   </trkpt>
   <trkpt lat="2.0269901" lon="103.3508705">
    <ele>237</ele>
   </trkpt>
   <trkpt lat="2.0269901" lon="103.3508779">
    <ele>237</ele>
   </trkpt>
   <trkpt lat="2.0269902" lon="103.3508853">
    <ele>238</ele>
   </trkpt>
   <trkpt lat="2.0269903" lon="103.3508928">
    <ele>238</ele>
   </trkpt>
   <trkpt lat="2.0269873" lon="103.3509127">
    <ele>238</ele>
   </trkpt>
   <trkpt lat="2.0269864" lon="103.3509174">
    <ele>238</ele>
   </trkpt>
   <trkpt lat="2.0269855" lon="103.3509222">
    <ele>238</ele>
   </trkpt>
   <trkpt lat="2.0269847" lon="103.3509270">
    <ele>238</ele>
   </trkpt>
   <trkpt lat="2.0269864" lon="103.3509390">
    <ele>238</ele>
   </trkpt>
   <trkpt lat="2.0269882" lon="103.3509435">
    <ele>238</ele>
   </trkpt>
   <trkpt lat="2.0269900" lon="103.3509482">
    <ele>238</ele>
   </trkpt>
   <trkpt lat="2.0269917" lon="103.3509528">
    <ele>238</ele>
   </trkpt>
   <trkpt lat="2.0269986" lon="103.3509679">
    <ele>238</ele>
   </trkpt>
   <trkpt lat="2.0270054" lon="103.3509770">
    <ele>240</ele>
   </trkpt>
   <trkpt lat="2.0270151" lon="103.3509896">
    <ele>240</ele>
   </trkpt>
   <trkpt lat="2.0270175" lon="103.3509948">
    <ele>240</ele>
   </trkpt>
   <trkpt lat="2.0270199" lon="103.3510000">
    <ele>240</ele>
   </trkpt>
   <trkpt lat="2.0270223" lon="103.3510052">
    <ele>241</ele>
   </trkpt>
   <trkpt lat="2.0270291" lon="103.3510209">
    <ele>241</ele>
   </trkpt>
   <trkpt lat="2.0270301" lon="103.3510224">
    <ele>241</ele>
   </trkpt>
   <trkpt lat="2.0270311" lon="103.3510240">
    <ele>241</ele>
   </trkpt>
   <trkpt lat="2.0270321" lon="103.3510256">
    <ele>242</ele>
   </trkpt>
   <trkpt lat="2.0270332" lon="103.3510272">
    <ele>242</ele>
   </trkpt>
   <trkpt lat="2.0270408" lon="103.3510323">
    <ele>242</ele>
   </trkpt>
   <trkpt lat="2.0270444" lon="103.3510347">
    <ele>242</ele>
   </trkpt>
   <trkpt lat="2.0270481" lon="103.3510371">
    <ele>242</ele>
   </trkpt>
   <trkpt lat="2.0270518" lon="103.3510397">
    <ele>242</ele>
   </trkpt>
   <trkpt lat="2.0270648" lon="103.3510509">
    <ele>242</ele>
   </trkpt>
   <trkpt lat="2.0270685" lon="103.3510552">
    <ele>242</ele>
   </trkpt>
   <trkpt lat="2.0270722" lon="103.3510595">
    <ele>243</ele>
   </trkpt>
   <trkpt lat="2.0270760" lon="103.3510638">
    <ele>243</ele>
   </trkpt>
   <trkpt lat="2.0270825" lon="103.3510763">
    <ele>243</ele>
   </trkpt>
   <trkpt lat="2.0270834" lon="103.3510814">
    <ele>243</ele>
   </trkpt>
   <trkpt lat="2.0270843" lon="103.3510864">
    <ele>243</ele>
   </trkpt>
   <trkpt lat="2.0270852" lon="103.3510917">
    <ele>243</ele>
   </trkpt>
   <trkpt lat="2.0270867" lon="103.3511113">
    <ele>243</ele>
   </trkpt>
   <trkpt lat="2.0270872" lon="103.3511180">
    <ele>243</ele>
   </trkpt>
   <trkpt lat="2.0270877" lon="103.3511247">
    <ele>244</ele>
   </trkpt>
   <trkpt lat="2.0270883" lon="103.3511314">
    <ele>244</ele>
   </trkpt>
   <trkpt lat="2.0270883" lon="103.3511388">
    <ele>244</ele>
   </trkpt>
   <trkpt lat="2.0270883" lon="103.3511460">
    <ele>244</ele>
   </trkpt>
   <trkpt lat="2.0270883" lon="103.3511534">
    <ele>245</ele>
   </trkpt>
   <trkpt lat="2.0270887" lon="103.3511703">
    <ele>245</ele>
   </trkpt>
   <trkpt lat="2.0270883" lon="103.3511755">
    <ele>245</ele>
   </trkpt>
   <trkpt lat="2.0270881" lon="103.3511807">
    <ele>245</ele>
   </trkpt>
   <trkpt lat="2.0270879" lon="103.3511860">
    <ele>245</ele>
   </trkpt>
   <trkpt lat="2.0270881" lon="103.3512030">
    <ele>245</ele>
   </trkpt>
   <trkpt lat="2.0270902" lon="103.3512142">
    <ele>247</ele>
   </trkpt>
   <trkpt lat="2.0270937" lon="103.3512298">
    <ele>247</ele>
   </trkpt>
   <trkpt lat="2.0270944" lon="103.3512338">
    <ele>247</ele>
   </trkpt>
   <trkpt lat="2.0270952" lon="103.3512378">
    <ele>247</ele>
   </trkpt>
   <trkpt lat="2.0270959" lon="103.3512418">
    <ele>248</ele>
   </trkpt>
   <trkpt lat="2.0270967" lon="103.3512459">
    <ele>248</ele>
   </trkpt>
   <trkpt lat="2.0270978" lon="103.3512643">
    <ele>248</ele>
   </trkpt>
   <trkpt lat="2.0270991" lon="103.3512710">
    <ele>248</ele>
   </trkpt>
   <trkpt lat="2.0271003" lon="103.3512777">
    <ele>248</ele>
   </trkpt>
   <trkpt lat="2.0271015" lon="103.3512844">
    <ele>248</ele>
   </trkpt>
   <trkpt lat="2.0271077" lon="103.3513079">
    <ele>248</ele>
   </trkpt>
   <trkpt lat="2.0271088" lon="103.3513153">
    <ele>248</ele>
   </trkpt>
   <trkpt lat="2.0271099" lon="103.3513227">
    <ele>249</ele>
   </trkpt>
   <trkpt lat="2.0271110" lon="103.3513301">
    <ele>249</ele>
   </trkpt>
   <trkpt lat="2.0271099" lon="103.3513500">
    <ele>249</ele>
   </trkpt>
   <trkpt lat="2.0271079" lon="103.3513569">
    <ele>249</ele>
   </trkpt>
   <trkpt lat="2.0271059" lon="103.3513638">
    <ele>249</ele>
   </trkpt>
   <trkpt lat="2.0271040" lon="103.3513708">
    <ele>249</ele>
   </trkpt>
   <trkpt lat="2.0270931" lon="103.3513924">
    <ele>249</ele>
   </trkpt>
   <trkpt lat="2.0270883" lon="103.3513994">
    <ele>249</ele>
   </trkpt>
   <trkpt lat="2.0270835" lon="103.3514064">
    <ele>250</ele>
   </trkpt>
   <trkpt lat="2.0270787" lon="103.3514134">
    <ele>250</ele>
   </trkpt>
   <trkpt lat="2.0270646" lon="103.3514358">
    <ele>250</ele>
   </trkpt>
   <trkpt lat="2.0270628" lon="103.3514427">
    <ele>250</ele>
   </trkpt>
   <trkpt lat="2.0270612" lon="103.3514496">
    <ele>250</ele>
   </trkpt>
   <trkpt lat="2.0270595" lon="103.3514565">
    <ele>250</ele>
   </trkpt>
   <trkpt lat="2.0270604" lon="103.3514767">
    <ele>250</ele>
   </trkpt>
   <trkpt lat="2.0270608" lon="103.3514839">
    <ele>250</ele>
   </trkpt>
   <trkpt lat="2.0270613" lon="103.3514912">
    <ele>250</ele>
   </trkpt>
   <trkpt lat="2.0270617" lon="103.3514985">
    <ele>250</ele>
   </trkpt>
   <trkpt lat="2.0270627" lon="103.3515192">
    <ele>250</ele>
   </trkpt>
   <trkpt lat="2.0270611" lon="103.3515257">
    <ele>250</ele>
   </trkpt>
   <trkpt lat="2.0270595" lon="103.3515322">
    <ele>251</ele>
   </trkpt>
   <trkpt lat="2.0270579" lon="103.3515388">
    <ele>251</ele>
   </trkpt>
   <trkpt lat="2.0270446" lon="103.3515567">
    <ele>251</ele>
   </trkpt>
   <trkpt lat="2.0270388" lon="103.3515617">
    <ele>251</ele>
   </trkpt>
   <trkpt lat="2.0270331" lon="103.3515667">
    <ele>251</ele>
   </trkpt>
   <trkpt lat="2.0270274" lon="103.3515718">
    <ele>251</ele>
   </trkpt>
   <trkpt lat="2.0270104" lon="103.3515850">
    <ele>251</ele>
   </trkpt>
   <trkpt lat="2.0270060" lon="103.3515896">
    <ele>251</ele>
   </trkpt>
   <trkpt lat="2.0270016" lon="103.3515943">
    <ele>252</ele>
   </trkpt>
   <trkpt lat="2.0269973" lon="103.3515989">
    <ele>252</ele>
   </trkpt>
   <trkpt lat="2.0269885" lon="103.3516142">
    <ele>252</ele>
   </trkpt>
   <trkpt lat="2.0269869" lon="103.3516194">
    <ele>252</ele>
   </trkpt>
   <trkpt lat="2.0269854" lon="103.3516245">
    <ele>253</ele>
   </trkpt>
   <trkpt lat="2.0269839" lon="103.3516299">
    <ele>253</ele>
   </trkpt>
   <trkpt lat="2.0269779" lon="103.3516472">
    <ele>253</ele>
   </trkpt>
   <trkpt lat="2.0269751" lon="103.3516534">
    <ele>253</ele>
   </trkpt>
   <trkpt lat="2.0269724" lon="103.3516596">
    <ele>253</ele>
   </trkpt>
   <trkpt lat="2.0269697" lon="103.3516659">
    <ele>253</ele>
   </trkpt>
   <trkpt lat="2.0269608" lon="103.3516821">
    <ele>253</ele>
   </trkpt>
   <trkpt lat="2.0269570" lon="103.3516873">
    <ele>253</ele>
   </trkpt>
   <trkpt lat="2.0269532" lon="103.3516925">
    <ele>254</ele>
   </trkpt>
   <trkpt lat="2.0269494" lon="103.3516978">
    <ele>254</ele>
   </trkpt>
   <trkpt lat="2.0269399" lon="103.3517135">
    <ele>254</ele>
   </trkpt>
   <trkpt lat="2.0269373" lon="103.3517195">
    <ele>254</ele>
   </trkpt>
   <trkpt lat="2.0269347" lon="103.3517255">
    <ele>255</ele>
   </trkpt>
   <trkpt lat="2.0269322" lon="103.3517315">
    <ele>255</ele>
   </trkpt>
   <trkpt lat="2.0269284" lon="103.3517513">
    <ele>255</ele>
   </trkpt>
   <trkpt lat="2.0269284" lon="103.3517578">
    <ele>255</ele>
   </trkpt>
   <trkpt lat="2.0269284" lon="103.3517643">
    <ele>255</ele>
   </trkpt>
   <trkpt lat="2.0269284" lon="103.3517709">
    <ele>255</ele>
   </trkpt>
   <trkpt lat="2.0269269" lon="103.3517886">
    <ele>255</ele>
   </trkpt>
   <trkpt lat="2.0269263" lon="103.3517951">
    <ele>255</ele>
   </trkpt>
   <trkpt lat="2.0269260" lon="103.3518016">
    <ele>256</ele>
   </trkpt>
   <trkpt lat="2.0269256" lon="103.3518081">
    <ele>256</ele>
   </trkpt>
   <trkpt lat="2.0269256" lon="103.3518291">
    <ele>256</ele>
   </trkpt>
   <trkpt lat="2.0269246" lon="103.3518372">
    <ele>256</ele>
   </trkpt>
   <trkpt lat="2.0269236" lon="103.3518452">
    <ele>256</ele>
   </trkpt>
   <trkpt lat="2.0269225" lon="103.3518535">
    <ele>256</ele>
   </trkpt>
   <trkpt lat="2.0269172" lon="103.3518762">
    <ele>256</ele>
   </trkpt>
   <trkpt lat="2.0269160" lon="103.3518834">
    <ele>256</ele>
   </trkpt>
   <trkpt lat="2.0269149" lon="103.3518906">
    <ele>256</ele>
   </trkpt>
   <trkpt lat="2.0269138" lon="103.3518979">
    <ele>256</ele>
   </trkpt>
   <trkpt lat="2.0269116" lon="103.3519192">
    <ele>256</ele>
   </trkpt>
   <trkpt lat="2.0269109" lon="103.3519257">
    <ele>256</ele>
   </trkpt>
   <trkpt lat="2.0269102" lon="103.3519321">
    <ele>256</ele>
   </trkpt>
   <trkpt lat="2.0269095" lon="103.3519387">
    <ele>256</ele>
   </trkpt>
   <trkpt lat="2.0269046" lon="103.3519594">
    <ele>256</ele>
   </trkpt>
   <trkpt lat="2.0269016" lon="103.3519668">
    <ele>256</ele>
   </trkpt>
   <trkpt lat="2.0268985" lon="103.3519743">
    <ele>256</ele>
   </trkpt>
   <trkpt lat="2.0268955" lon="103.3519818">
    <ele>256</ele>
   </trkpt>
   <trkpt lat="2.0268864" lon="103.3520061">
    <ele>256</ele>
   </trkpt>
   <trkpt lat="2.0268843" lon="103.3520137">
    <ele>256</ele>
   </trkpt>
   <trkpt lat="2.0268821" lon="103.3520214">
    <ele>256</ele>
   </trkpt>
   <trkpt lat="2.0268799" lon="103.3520291">
    <ele>256</ele>
   </trkpt>
   <trkpt lat="2.0268754" lon="103.3520508">
    <ele>256</ele>
   </trkpt>
   <trkpt lat="2.0268742" lon="103.3520587">
    <ele>256</ele>
   </trkpt>
   <trkpt lat="2.0268730" lon="103.3520666">
    <ele>256</ele>
   </trkpt>
   <trkpt lat="2.0268719" lon="103.3520746">
    <ele>256</ele>
   </trkpt>
   <trkpt lat="2.0268693" lon="103.3520999">
    <ele>256</ele>
   </trkpt>
   <trkpt lat="2.0268687" lon="103.3521082">
    <ele>256</ele>
   </trkpt>
   <trkpt lat="2.0268682" lon="103.3521164">
    <ele>256</ele>
   </trkpt>
   <trkpt lat="2.0268677" lon="103.3521248">
    <ele>256</ele>
   </trkpt>
   <trkpt lat="2.0268701" lon="103.3521468">
    <ele>256</ele>
   </trkpt>
   <trkpt lat="2.0268715" lon="103.3521543">
    <ele>256</ele>
   </trkpt>
   <trkpt lat="2.0268729" lon="103.3521618">
    <ele>256</ele>
   </trkpt>
   <trkpt lat="2.0268744" lon="103.3521693">
    <ele>256</ele>
   </trkpt>
   <trkpt lat="2.0268799" lon="103.3521950">
    <ele>256</ele>
   </trkpt>
   <trkpt lat="2.0268812" lon="103.3522051">
    <ele>256</ele>
   </trkpt>
   <trkpt lat="2.0268825" lon="103.3522153">
    <ele>256</ele>
   </trkpt>
   <trkpt lat="2.0268837" lon="103.3522255">
    <ele>256</ele>
   </trkpt>
   <trkpt lat="2.0268846" lon="103.3522586">
    <ele>256</ele>
   </trkpt>
   <trkpt lat="2.0268850" lon="103.3522687">
    <ele>256</ele>
   </trkpt>
   <trkpt lat="2.0268854" lon="103.3522787">
    <ele>256</ele>
   </trkpt>
   <trkpt lat="2.0268859" lon="103.3522887">
    <ele>256</ele>
   </trkpt>
   <trkpt lat="2.0268879" lon="103.3523142">
    <ele>256</ele>
   </trkpt>
   <trkpt lat="2.0268885" lon="103.3523202">
    <ele>256</ele>
   </trkpt>
   <trkpt lat="2.0268891" lon="103.3523261">
    <ele>257</ele>
   </trkpt>
   <trkpt lat="2.0268898" lon="103.3523323">
    <ele>257</ele>
   </trkpt>
   <trkpt lat="2.0268939" lon="103.3523456">
    <ele>257</ele>
   </trkpt>
   <trkpt lat="2.0268951" lon="103.3523507">
    <ele>257</ele>
   </trkpt>
   <trkpt lat="2.0268965" lon="103.3523558">
    <ele>257</ele>
   </trkpt>
   <trkpt lat="2.0268978" lon="103.3523610">
    <ele>257</ele>
   </trkpt>
   <trkpt lat="2.0269032" lon="103.3523765">
    <ele>257</ele>
   </trkpt>
   <trkpt lat="2.0269056" lon="103.3523805">
    <ele>257</ele>
   </trkpt>
   <trkpt lat="2.0269081" lon="103.3523845">
    <ele>257</ele>
   </trkpt>
   <trkpt lat="2.0269105" lon="103.3523887">
    <ele>257</ele>
   </trkpt>
   <trkpt lat="2.0269130" lon="103.3523928">
    <ele>257</ele>
   </trkpt>
   <trkpt lat="2.0269240" lon="103.3524105">
    <ele>257</ele>
   </trkpt>
   <trkpt lat="2.0269272" lon="103.3524159">
    <ele>258</ele>
   </trkpt>
   <trkpt lat="2.0269304" lon="103.3524214">
    <ele>258</ele>
   </trkpt>
   <trkpt lat="2.0269337" lon="103.3524269">
    <ele>258</ele>
   </trkpt>
   <trkpt lat="2.0269382" lon="103.3524424">
    <ele>258</ele>
   </trkpt>
   <trkpt lat="2.0269382" lon="103.3524477">
    <ele>258</ele>
   </trkpt>
   <trkpt lat="2.0269382" lon="103.3524530">
    <ele>258</ele>
   </trkpt>
   <trkpt lat="2.0269383" lon="103.3524584">
    <ele>258</ele>
   </trkpt>
   <trkpt lat="2.0269391" lon="103.3524731">
    <ele>258</ele>
   </trkpt>
   <trkpt lat="2.0269398" lon="103.3524769">
    <ele>259</ele>
   </trkpt>
   <trkpt lat="2.0269404" lon="103.3524808">
    <ele>259</ele>
   </trkpt>
   <trkpt lat="2.0269413" lon="103.3524847">
    <ele>259</ele>
   </trkpt>
   <trkpt lat="2.0269434" lon="103.3524989">
    <ele>259</ele>
   </trkpt>
   <trkpt lat="2.0269447" lon="103.3525035">
    <ele>259</ele>
   </trkpt>
   <trkpt lat="2.0269460" lon="103.3525081">
    <ele>259</ele>
   </trkpt>
   <trkpt lat="2.0269474" lon="103.3525128">
    <ele>259</ele>
   </trkpt>
   <trkpt lat="2.0269541" lon="103.3525250">
    <ele>259</ele>
   </trkpt>
   <trkpt lat="2.0269556" lon="103.3525281">
    <ele>260</ele>
   </trkpt>
   <trkpt lat="2.0269571" lon="103.3525312">
    <ele>260</ele>
   </trkpt>
   <trkpt lat="2.0269586" lon="103.3525343">
    <ele>260</ele>
   </trkpt>
   <trkpt lat="2.0269602" lon="103.3525374">
    <ele>260</ele>
   </trkpt>
   <trkpt lat="2.0269607" lon="103.3525487">
    <ele>261</ele>
   </trkpt>
   <trkpt lat="2.0269607" lon="103.3525527">
    <ele>261</ele>
   </trkpt>
   <trkpt lat="2.0269607" lon="103.3525566">
    <ele>261</ele>
   </trkpt>
   <trkpt lat="2.0269608" lon="103.3525606">
    <ele>261</ele>
   </trkpt>
   <trkpt lat="2.0269615" lon="103.3525762">
    <ele>261</ele>
   </trkpt>
   <trkpt lat="2.0269629" lon="103.3525837">
    <ele>261</ele>
   </trkpt>
   <trkpt lat="2.0269643" lon="103.3525912">
    <ele>261</ele>
   </trkpt>
   <trkpt lat="2.0269657" lon="103.3525988">
    <ele>261</ele>
   </trkpt>
   <trkpt lat="2.0269713" lon="103.3526263">
    <ele>262</ele>
   </trkpt>
   <trkpt lat="2.0269721" lon="103.3526361">
    <ele>262</ele>
   </trkpt>
   <trkpt lat="2.0269729" lon="103.3526459">
    <ele>262</ele>
   </trkpt>
   <trkpt lat="2.0269738" lon="103.3526559">
    <ele>262</ele>
   </trkpt>
   <trkpt lat="2.0269731" lon="103.3526834">
    <ele>263</ele>
   </trkpt>
   <trkpt lat="2.0269724" lon="103.3526900">
    <ele>263</ele>
   </trkpt>
   <trkpt lat="2.0269717" lon="103.3526967">
    <ele>263</ele>
   </trkpt>
   <trkpt lat="2.0269710" lon="103.3527034">
    <ele>263</ele>
   </trkpt>
   <trkpt lat="2.0269676" lon="103.3527174">
    <ele>263</ele>
   </trkpt>
   <trkpt lat="2.0269670" lon="103.3527216">
    <ele>263</ele>
   </trkpt>
   <trkpt lat="2.0269664" lon="103.3527258">
    <ele>263</ele>
   </trkpt>
   <trkpt lat="2.0269659" lon="103.3527299">
    <ele>263</ele>
   </trkpt>
   <trkpt lat="2.0269647" lon="103.3527486">
    <ele>264</ele>
   </trkpt>
   <trkpt lat="2.0269638" lon="103.3527562">
    <ele>264</ele>
   </trkpt>
   <trkpt lat="2.0269629" lon="103.3527639">
    <ele>264</ele>
   </trkpt>
   <trkpt lat="2.0269620" lon="103.3527716">
    <ele>264</ele>
   </trkpt>
   <trkpt lat="2.0269542" lon="103.3527945">
    <ele>266</ele>
   </trkpt>
   <trkpt lat="2.0269479" lon="103.3528132">
    <ele>266</ele>
   </trkpt>
   <trkpt lat="2.0269480" lon="103.3528202">
    <ele>266</ele>
   </trkpt>
   <trkpt lat="2.0269480" lon="103.3528273">
    <ele>266</ele>
   </trkpt>
   <trkpt lat="2.0269483" lon="103.3528344">
    <ele>266</ele>
   </trkpt>
   <trkpt lat="2.0269532" lon="103.3528547">
    <ele>266</ele>
   </trkpt>
   <trkpt lat="2.0269550" lon="103.3528603">
    <ele>266</ele>
   </trkpt>
   <trkpt lat="2.0269569" lon="103.3528659">
    <ele>266</ele>
   </trkpt>
   <trkpt lat="2.0269588" lon="103.3528715">
    <ele>267</ele>
   </trkpt>
   <trkpt lat="2.0269607" lon="103.3528860">
    <ele>267</ele>
   </trkpt>
   <trkpt lat="2.0269604" lon="103.3528905">
    <ele>267</ele>
   </trkpt>
   <trkpt lat="2.0269601" lon="103.3528950">
    <ele>267</ele>
   </trkpt>
   <trkpt lat="2.0269598" lon="103.3528995">
    <ele>267</ele>
   </trkpt>
   <trkpt lat="2.0269567" lon="103.3529096">
    <ele>268</ele>
   </trkpt>
   <trkpt lat="2.0269575" lon="103.3529249">
    <ele>269</ele>
   </trkpt>
   <trkpt lat="2.0269586" lon="103.3529297">
    <ele>269</ele>
   </trkpt>
   <trkpt lat="2.0269597" lon="103.3529345">
    <ele>269</ele>
   </trkpt>
   <trkpt lat="2.0269608" lon="103.3529394">
    <ele>269</ele>
   </trkpt>
   <trkpt lat="2.0269628" lon="103.3529549">
    <ele>270</ele>
   </trkpt>
   <trkpt lat="2.0269635" lon="103.3529596">
    <ele>270</ele>
   </trkpt>
   <trkpt lat="2.0269642" lon="103.3529644">
    <ele>270</ele>
   </trkpt>
   <trkpt lat="2.0269649" lon="103.3529692">
    <ele>270</ele>
   </trkpt>
   <trkpt lat="2.0269687" lon="103.3529884">
    <ele>270</ele>
   </trkpt>
   <trkpt lat="2.0269689" lon="103.3529937">
    <ele>270</ele>
   </trkpt>
   <trkpt lat="2.0269691" lon="103.3529992">
    <ele>270</ele>
   </trkpt>
   <trkpt lat="2.0269693" lon="103.3530046">
    <ele>270</ele>
   </trkpt>
   <trkpt lat="2.0269682" lon="103.3530181">
    <ele>271</ele>
   </trkpt>
   <trkpt lat="2.0269681" lon="103.3530199">
    <ele>271</ele>
   </trkpt>
   <trkpt lat="2.0269681" lon="103.3530216">
    <ele>271</ele>
   </trkpt>
   <trkpt lat="2.0269681" lon="103.3530233">
    <ele>271</ele>
   </trkpt>
   <trkpt lat="2.0269681" lon="103.3530251">
    <ele>272</ele>
   </trkpt>
   <trkpt lat="2.0269707" lon="103.3530345">
    <ele>272</ele>
   </trkpt>
   <trkpt lat="2.0269720" lon="103.3530379">
    <ele>272</ele>
   </trkpt>
   <trkpt lat="2.0269733" lon="103.3530413">
    <ele>272</ele>
   </trkpt>
   <trkpt lat="2.0269746" lon="103.3530448">
    <ele>273</ele>
   </trkpt>
   <trkpt lat="2.0269753" lon="103.3530471">
    <ele>273</ele>
   </trkpt>
   <trkpt lat="2.0269759" lon="103.3530495">
    <ele>273</ele>
   </trkpt>
   <trkpt lat="2.0269765" lon="103.3530519">
    <ele>273</ele>
   </trkpt>
   <trkpt lat="2.0269802" lon="103.3530635">
    <ele>273</ele>
   </trkpt>
   <trkpt lat="2.0269812" lon="103.3530664">
    <ele>273</ele>
   </trkpt>
   <trkpt lat="2.0269822" lon="103.3530694">
    <ele>273</ele>
   </trkpt>
   <trkpt lat="2.0269832" lon="103.3530722">
    <ele>273</ele>
   </trkpt>
   <trkpt lat="2.0269841" lon="103.3530753">
    <ele>274</ele>
   </trkpt>
   <trkpt lat="2.0269886" lon="103.3530864">
    <ele>274</ele>
   </trkpt>
   <trkpt lat="2.0269906" lon="103.3530894">
    <ele>274</ele>
   </trkpt>
   <trkpt lat="2.0269928" lon="103.3530924">
    <ele>274</ele>
   </trkpt>
   <trkpt lat="2.0269950" lon="103.3530954">
    <ele>275</ele>
   </trkpt>
   <trkpt lat="2.0270033" lon="103.3531050">
    <ele>275</ele>
   </trkpt>
   <trkpt lat="2.0270058" lon="103.3531093">
    <ele>275</ele>
   </trkpt>
   <trkpt lat="2.0270083" lon="103.3531136">
    <ele>275</ele>
   </trkpt>
   <trkpt lat="2.0270109" lon="103.3531179">
    <ele>275</ele>
   </trkpt>
   <trkpt lat="2.0270191" lon="103.3531328">
    <ele>275</ele>
   </trkpt>
   <trkpt lat="2.0270342" lon="103.3531503">
    <ele>280</ele>
   </trkpt>
   <trkpt lat="2.0270502" lon="103.3531610">
    <ele>280</ele>
   </trkpt>
   <trkpt lat="2.0270557" lon="103.3531628">
    <ele>280</ele>
   </trkpt>
   <trkpt lat="2.0270612" lon="103.3531646">
    <ele>280</ele>
   </trkpt>
   <trkpt lat="2.0270668" lon="103.3531665">
    <ele>281</ele>
   </trkpt>
   <trkpt lat="2.0270834" lon="103.3531796">
    <ele>285</ele>
   </trkpt>
   <trkpt lat="2.0270952" lon="103.3532017">
    <ele>285</ele>
   </trkpt>
   <trkpt lat="2.0270990" lon="103.3532088">
    <ele>285</ele>
   </trkpt>
   <trkpt lat="2.0271029" lon="103.3532158">
    <ele>285</ele>
   </trkpt>
   <trkpt lat="2.0271068" lon="103.3532229">
    <ele>285</ele>
   </trkpt>
   <trkpt lat="2.0271171" lon="103.3532400">
    <ele>288</ele>
   </trkpt>
   <trkpt lat="2.0271257" lon="103.3532493">
    <ele>288</ele>
   </trkpt>
   <trkpt lat="2.0271280" lon="103.3532528">
    <ele>288</ele>
   </trkpt>
   <trkpt lat="2.0271303" lon="103.3532564">
    <ele>288</ele>
   </trkpt>
   <trkpt lat="2.0271326" lon="103.3532600">
    <ele>288</ele>
   </trkpt>
   <trkpt lat="2.0271384" lon="103.3532824">
    <ele>294</ele>
   </trkpt>
   <trkpt lat="2.0271453" lon="103.3533102">
    <ele>295</ele>
   </trkpt>
   <trkpt lat="2.0271522" lon="103.3533288">
    <ele>296</ele>
   </trkpt>
   <trkpt lat="2.0271627" lon="103.3533400">
    <ele>296</ele>
   </trkpt>
   <trkpt lat="2.0271655" lon="103.3533434">
    <ele>296</ele>
   </trkpt>
   <trkpt lat="2.0271683" lon="103.3533468">
    <ele>296</ele>
   </trkpt>
   <trkpt lat="2.0271711" lon="103.3533503">
    <ele>296</ele>
   </trkpt>
   <trkpt lat="2.0271761" lon="103.3533635">
    <ele>297</ele>
   </trkpt>
   <trkpt lat="2.0271769" lon="103.3533685">
    <ele>297</ele>
   </trkpt>
   <trkpt lat="2.0271778" lon="103.3533735">
    <ele>297</ele>
   </trkpt>
   <trkpt lat="2.0271787" lon="103.3533785">
    <ele>297</ele>
   </trkpt>
   <trkpt lat="2.0271817" lon="103.3533858">
    <ele>299</ele>
   </trkpt>
   <trkpt lat="2.0271870" lon="103.3533948">
    <ele>299</ele>
   </trkpt>
   <trkpt lat="2.0271881" lon="103.3533977">
    <ele>299</ele>
   </trkpt>
   <trkpt lat="2.0271892" lon="103.3534007">
    <ele>299</ele>
   </trkpt>
   <trkpt lat="2.0271903" lon="103.3534037">
    <ele>299</ele>
   </trkpt>
   <trkpt lat="2.0271938" lon="103.3534140">
    <ele>301</ele>
   </trkpt>
   <trkpt lat="2.0271995" lon="103.3534294">
    <ele>301</ele>
   </trkpt>
   <trkpt lat="2.0272046" lon="103.3534418">
    <ele>303</ele>
   </trkpt>
   <trkpt lat="2.0272064" lon="103.3534441">
    <ele>303</ele>
   </trkpt>
   <trkpt lat="2.0272063" lon="103.3534409">
    <ele>303</ele>
   </trkpt>
   <trkpt lat="2.0272062" lon="103.3534377">
    <ele>303</ele>
   </trkpt>
   <trkpt lat="2.0272062" lon="103.3534346">
    <ele>303</ele>
   </trkpt>
   <trkpt lat="2.0272087" lon="103.3534215">
    <ele>303</ele>
   </trkpt>
   <trkpt lat="2.0272218" lon="103.3534181">
    <ele>304</ele>
   </trkpt>
   <trkpt lat="2.0272385" lon="103.3534224">
    <ele>304</ele>
   </trkpt>
   <trkpt lat="2.0272434" lon="103.3534254">
    <ele>304</ele>
   </trkpt>
   <trkpt lat="2.0272484" lon="103.3534284">
    <ele>304</ele>
   </trkpt>
   <trkpt lat="2.0272534" lon="103.3534314">
    <ele>305</ele>
   </trkpt>
   <trkpt lat="2.0272585" lon="103.3534427">
    <ele>308</ele>
   </trkpt>
   <trkpt lat="2.0272636" lon="103.3534583">
    <ele>308</ele>
   </trkpt>
   <trkpt lat="2.0272666" lon="103.3534744">
    <ele>310</ele>
   </trkpt>
   <trkpt lat="2.0272696" lon="103.3534897">
    <ele>310</ele>
   </trkpt>
   <trkpt lat="2.0272687" lon="103.3535055">
    <ele>311</ele>
   </trkpt>
   <trkpt lat="2.0272617" lon="103.3535208">
    <ele>311</ele>
   </trkpt>
   <trkpt lat="2.0272593" lon="103.3535254">
    <ele>311</ele>
   </trkpt>
   <trkpt lat="2.0272570" lon="103.3535300">
    <ele>311</ele>
   </trkpt>
   <trkpt lat="2.0272546" lon="103.3535346">
    <ele>312</ele>
   </trkpt>
   <trkpt lat="2.0272522" lon="103.3535392">
    <ele>312</ele>
   </trkpt>
   <trkpt lat="2.0272456" lon="103.3535515">
    <ele>313</ele>
   </trkpt>
   <trkpt lat="2.0272354" lon="103.3535670">
    <ele>314</ele>
   </trkpt>
   <trkpt lat="2.0272163" lon="103.3535901">
    <ele>317</ele>
   </trkpt>
   <trkpt lat="2.0272123" lon="103.3536083">
    <ele>319</ele>
   </trkpt>
   <trkpt lat="2.0272137" lon="103.3536309">
    <ele>319</ele>
   </trkpt>
   <trkpt lat="2.0272216" lon="103.3536477">
    <ele>321</ele>
   </trkpt>
   <trkpt lat="2.0272310" lon="103.3536613">
    <ele>321</ele>
   </trkpt>
   <trkpt lat="2.0272461" lon="103.3536751">
    <ele>324</ele>
   </trkpt>
   <trkpt lat="2.0272603" lon="103.3536790">
    <ele>325</ele>
   </trkpt>
   <trkpt lat="2.0272650" lon="103.3536785">
    <ele>325</ele>
   </trkpt>
   <trkpt lat="2.0272697" lon="103.3536780">
    <ele>325</ele>
   </trkpt>
   <trkpt lat="2.0272745" lon="103.3536775">
    <ele>325</ele>
   </trkpt>
   <trkpt lat="2.0272898" lon="103.3536789">
    <ele>325</ele>
   </trkpt>
   <trkpt lat="2.0273150" lon="103.3536947">
    <ele>329</ele>
   </trkpt>
   <trkpt lat="2.0273176" lon="103.3536970">
    <ele>329</ele>
   </trkpt>
   <trkpt lat="2.0273203" lon="103.3536993">
    <ele>329</ele>
   </trkpt>
   <trkpt lat="2.0273231" lon="103.3537015">
    <ele>329</ele>
   </trkpt>
   <trkpt lat="2.0273258" lon="103.3537039">
    <ele>329</ele>
   </trkpt>
   <trkpt lat="2.0273286" lon="103.3537062">
    <ele>330</ele>
   </trkpt>
   <trkpt lat="2.0273469" lon="103.3537197">
    <ele>330</ele>
   </trkpt>
   <trkpt lat="2.0273635" lon="103.3537349">
    <ele>331</ele>
   </trkpt>
   <trkpt lat="2.0273762" lon="103.3537491">
    <ele>331</ele>
   </trkpt>
   <trkpt lat="2.0273856" lon="103.3537599">
    <ele>332</ele>
   </trkpt>
   <trkpt lat="2.0273898" lon="103.3537687">
    <ele>332</ele>
   </trkpt>
   <trkpt lat="2.0273885" lon="103.3537753">
    <ele>334</ele>
   </trkpt>
   <trkpt lat="2.0273887" lon="103.3537785">
    <ele>335</ele>
   </trkpt>
   <trkpt lat="2.0274043" lon="103.3537975">
    <ele>339</ele>
   </trkpt>
   <trkpt lat="2.0274169" lon="103.3538143">
    <ele>341</ele>
   </trkpt>
   <trkpt lat="2.0274337" lon="103.3538360">
    <ele>341</ele>
   </trkpt>
   <trkpt lat="2.0274369" lon="103.3538428">
    <ele>342</ele>
   </trkpt>
   <trkpt lat="2.0274401" lon="103.3538496">
    <ele>342</ele>
   </trkpt>
   <trkpt lat="2.0274434" lon="103.3538565">
    <ele>342</ele>
   </trkpt>
   <trkpt lat="2.0274374" lon="103.3538835">
    <ele>345</ele>
   </trkpt>
   <trkpt lat="2.0274269" lon="103.3539033">
    <ele>345</ele>
   </trkpt>
   <trkpt lat="2.0274195" lon="103.3539129">
    <ele>351</ele>
   </trkpt>
   <trkpt lat="2.0274185" lon="103.3539217">
    <ele>351</ele>
   </trkpt>
   <trkpt lat="2.0274215" lon="103.3539379">
    <ele>354</ele>
   </trkpt>
   <trkpt lat="2.0274256" lon="103.3539547">
    <ele>354</ele>
   </trkpt>
   <trkpt lat="2.0274274" lon="103.3539589">
    <ele>355</ele>
   </trkpt>
   <trkpt lat="2.0274292" lon="103.3539632">
    <ele>355</ele>
   </trkpt>
   <trkpt lat="2.0274310" lon="103.3539675">
    <ele>355</ele>
   </trkpt>
   <trkpt lat="2.0274392" lon="103.3539810">
    <ele>355</ele>
   </trkpt>
   <trkpt lat="2.0274502" lon="103.3539980">
    <ele>359</ele>
   </trkpt>
   <trkpt lat="2.0274587" lon="103.3540093">
    <ele>360</ele>
   </trkpt>
   <trkpt lat="2.0274610" lon="103.3540129">
    <ele>360</ele>
   </trkpt>
   <trkpt lat="2.0274633" lon="103.3540165">
    <ele>360</ele>
   </trkpt>
   <trkpt lat="2.0274656" lon="103.3540201">
    <ele>360</ele>
   </trkpt>
   <trkpt lat="2.0274741" lon="103.3540334">
    <ele>361</ele>
   </trkpt>
   <trkpt lat="2.0274770" lon="103.3540389">
    <ele>361</ele>
   </trkpt>
   <trkpt lat="2.0274799" lon="103.3540445">
    <ele>362</ele>
   </trkpt>
   <trkpt lat="2.0274828" lon="103.3540501">
    <ele>362</ele>
   </trkpt>
   <trkpt lat="2.0274920" lon="103.3540624">
    <ele>364</ele>
   </trkpt>
   <trkpt lat="2.0275047" lon="103.3540783">
    <ele>364</ele>
   </trkpt>
   <trkpt lat="2.0275227" lon="103.3540886">
    <ele>366</ele>
   </trkpt>
   <trkpt lat="2.0275403" lon="103.3540916">
    <ele>366</ele>
   </trkpt>
   <trkpt lat="2.0275444" lon="103.3540905">
    <ele>367</ele>
   </trkpt>
   <trkpt lat="2.0275485" lon="103.3540895">
    <ele>367</ele>
   </trkpt>
   <trkpt lat="2.0275528" lon="103.3540885">
    <ele>367</ele>
   </trkpt>
   <trkpt lat="2.0275679" lon="103.3540927">
    <ele>372</ele>
   </trkpt>
   <trkpt lat="2.0275837" lon="103.3541011">
    <ele>372</ele>
   </trkpt>
   <trkpt lat="2.0275859" lon="103.3541043">
    <ele>372</ele>
   </trkpt>
   <trkpt lat="2.0275882" lon="103.3541075">
    <ele>372</ele>
   </trkpt>
   <trkpt lat="2.0275905" lon="103.3541108">
    <ele>372</ele>
   </trkpt>
   <trkpt lat="2.0275958" lon="103.3541209">
    <ele>373</ele>
   </trkpt>
   <trkpt lat="2.0276042" lon="103.3541371">
    <ele>373</ele>
   </trkpt>
   <trkpt lat="2.0276068" lon="103.3541421">
    <ele>373</ele>
   </trkpt>
   <trkpt lat="2.0276095" lon="103.3541472">
    <ele>373</ele>
   </trkpt>
   <trkpt lat="2.0276122" lon="103.3541523">
    <ele>373</ele>
   </trkpt>
   <trkpt lat="2.0276196" lon="103.3541690">
    <ele>374</ele>
   </trkpt>
   <trkpt lat="2.0276218" lon="103.3541739">
    <ele>374</ele>
   </trkpt>
   <trkpt lat="2.0276239" lon="103.3541788">
    <ele>374</ele>
   </trkpt>
   <trkpt lat="2.0276260" lon="103.3541838">
    <ele>374</ele>
   </trkpt>
   <trkpt lat="2.0276332" lon="103.3541975">
    <ele>375</ele>
   </trkpt>
   <trkpt lat="2.0276362" lon="103.3542011">
    <ele>375</ele>
   </trkpt>
   <trkpt lat="2.0276393" lon="103.3542048">
    <ele>375</ele>
   </trkpt>
   <trkpt lat="2.0276424" lon="103.3542085">
    <ele>375</ele>
   </trkpt>
   <trkpt lat="2.0276555" lon="103.3542155">
    <ele>376</ele>
   </trkpt>
   <trkpt lat="2.0276793" lon="103.3542274">
    <ele>382</ele>
   </trkpt>
   <trkpt lat="2.0277021" lon="103.3542398">
    <ele>382</ele>
   </trkpt>
   <trkpt lat="2.0277078" lon="103.3542436">
    <ele>382</ele>
   </trkpt>
   <trkpt lat="2.0277135" lon="103.3542474">
    <ele>383</ele>
   </trkpt>
   <trkpt lat="2.0277192" lon="103.3542511">
    <ele>383</ele>
   </trkpt>
   <trkpt lat="2.0277289" lon="103.3542672">
    <ele>384</ele>
   </trkpt>
   <trkpt lat="2.0277409" lon="103.3542891">
    <ele>384</ele>
   </trkpt>
   <trkpt lat="2.0277439" lon="103.3542943">
    <ele>385</ele>
   </trkpt>
   <trkpt lat="2.0277470" lon="103.3542995">
    <ele>385</ele>
   </trkpt>
   <trkpt lat="2.0277501" lon="103.3543048">
    <ele>385</ele>
   </trkpt>
   <trkpt lat="2.0277614" lon="103.3543177">
    <ele>385</ele>
   </trkpt>
   <trkpt lat="2.0277792" lon="103.3543317">
    <ele>390</ele>
   </trkpt>
   <trkpt lat="2.0278014" lon="103.3543527">
    <ele>393</ele>
   </trkpt>
   <trkpt lat="2.0278206" lon="103.3543736">
    <ele>396</ele>
   </trkpt>
   <trkpt lat="2.0278403" lon="103.3543988">
    <ele>396</ele>
   </trkpt>
   <trkpt lat="2.0278415" lon="103.3544038">
    <ele>396</ele>
   </trkpt>
   <trkpt lat="2.0278428" lon="103.3544089">
    <ele>396</ele>
   </trkpt>
   <trkpt lat="2.0278441" lon="103.3544140">
    <ele>396</ele>
   </trkpt>
   <trkpt lat="2.0278462" lon="103.3544319">
    <ele>401</ele>
   </trkpt>
   <trkpt lat="2.0278493" lon="103.3544559">
    <ele>401</ele>
   </trkpt>
   <trkpt lat="2.0278514" lon="103.3544625">
    <ele>401</ele>
   </trkpt>
   <trkpt lat="2.0278535" lon="103.3544691">
    <ele>402</ele>
   </trkpt>
   <trkpt lat="2.0278556" lon="103.3544757">
    <ele>402</ele>
   </trkpt>
   <trkpt lat="2.0278651" lon="103.3544945">
    <ele>402</ele>
   </trkpt>
   <trkpt lat="2.0278722" lon="103.3545053">
    <ele>403</ele>
   </trkpt>
   <trkpt lat="2.0278830" lon="103.3545186">
    <ele>403</ele>
   </trkpt>
   <trkpt lat="2.0278932" lon="103.3545313">
    <ele>404</ele>
   </trkpt>
   <trkpt lat="2.0279017" lon="103.3545429">
    <ele>405</ele>
   </trkpt>
   <trkpt lat="2.0279129" lon="103.3545596">
    <ele>407</ele>
   </trkpt>
   <trkpt lat="2.0279187" lon="103.3545746">
    <ele>407</ele>
   </trkpt>
   <trkpt lat="2.0279207" lon="103.3545798">
    <ele>407</ele>
   </trkpt>
   <trkpt lat="2.0279227" lon="103.3545850">
    <ele>407</ele>
   </trkpt>
   <trkpt lat="2.0279246" lon="103.3545903">
    <ele>407</ele>
   </trkpt>
   <trkpt lat="2.0279317" lon="103.3546063">
    <ele>407</ele>
   </trkpt>
   <trkpt lat="2.0279350" lon="103.3546103">
    <ele>407</ele>
   </trkpt>
   <trkpt lat="2.0279383" lon="103.3546143">
    <ele>407</ele>
   </trkpt>
   <trkpt lat="2.0279417" lon="103.3546184">
    <ele>408</ele>
   </trkpt>
   <trkpt lat="2.0279470" lon="103.3546269">
    <ele>410</ele>
   </trkpt>
   <trkpt lat="2.0279516" lon="103.3546399">
    <ele>410</ele>
   </trkpt>
   <trkpt lat="2.0279522" lon="103.3546438">
    <ele>410</ele>
   </trkpt>
   <trkpt lat="2.0279529" lon="103.3546477">
    <ele>410</ele>
   </trkpt>
   <trkpt lat="2.0279536" lon="103.3546517">
    <ele>410</ele>
   </trkpt>
   <trkpt lat="2.0279520" lon="103.3546632">
    <ele>410</ele>
   </trkpt>
   <trkpt lat="2.0279447" lon="103.3546755">
    <ele>413</ele>
   </trkpt>
   <trkpt lat="2.0279381" lon="103.3546927">
    <ele>413</ele>
   </trkpt>
   <trkpt lat="2.0279291" lon="103.3547155">
    <ele>416</ele>
   </trkpt>
   <trkpt lat="2.0279233" lon="103.3547360">
    <ele>416</ele>
   </trkpt>
   <trkpt lat="2.0279238" lon="103.3547428">
    <ele>416</ele>
   </trkpt>
   <trkpt lat="2.0279245" lon="103.3547496">
    <ele>417</ele>
   </trkpt>
   <trkpt lat="2.0279252" lon="103.3547564">
    <ele>417</ele>
   </trkpt>
   <trkpt lat="2.0279317" lon="103.3547909">
    <ele>418</ele>
   </trkpt>
   <trkpt lat="2.0279341" lon="103.3548058">
    <ele>418</ele>
   </trkpt>
   <trkpt lat="2.0279367" lon="103.3548208">
    <ele>419</ele>
   </trkpt>
   <trkpt lat="2.0279393" lon="103.3548358">
    <ele>419</ele>
   </trkpt>
   <trkpt lat="2.0279421" lon="103.3548832">
    <ele>420</ele>
   </trkpt>
   <trkpt lat="2.0279389" lon="103.3548975">
    <ele>421</ele>
   </trkpt>
   <trkpt lat="2.0279358" lon="103.3549119">
    <ele>422</ele>
   </trkpt>
   <trkpt lat="2.0279327" lon="103.3549263">
    <ele>422</ele>
   </trkpt>
   <trkpt lat="2.0279208" lon="103.3549601">
    <ele>423</ele>
   </trkpt>
   <trkpt lat="2.0279189" lon="103.3549695">
    <ele>424</ele>
   </trkpt>
   <trkpt lat="2.0279170" lon="103.3549790">
    <ele>425</ele>
   </trkpt>
   <trkpt lat="2.0279151" lon="103.3549885">
    <ele>425</ele>
   </trkpt>
   <trkpt lat="2.0279153" lon="103.3550170">
    <ele>426</ele>
   </trkpt>
   <trkpt lat="2.0279169" lon="103.3550238">
    <ele>426</ele>
   </trkpt>
   <trkpt lat="2.0279185" lon="103.3550307">
    <ele>427</ele>
   </trkpt>
   <trkpt lat="2.0279202" lon="103.3550376">
    <ele>427</ele>
   </trkpt>
   <trkpt lat="2.0279226" lon="103.3550465">
    <ele>428</ele>
   </trkpt>
   <trkpt lat="2.0279215" lon="103.3550671">
    <ele>432</ele>
   </trkpt>
   <trkpt lat="2.0279191" lon="103.3550846">
    <ele>433</ele>
   </trkpt>
   <trkpt lat="2.0279188" lon="103.3551099">
    <ele>433</ele>
   </trkpt>
   <trkpt lat="2.0279196" lon="103.3551159">
    <ele>433</ele>
   </trkpt>
   <trkpt lat="2.0279205" lon="103.3551219">
    <ele>433</ele>
   </trkpt>
   <trkpt lat="2.0279214" lon="103.3551279">
    <ele>433</ele>
   </trkpt>
   <trkpt lat="2.0279261" lon="103.3551433">
    <ele>433</ele>
   </trkpt>
   <trkpt lat="2.0279284" lon="103.3551480">
    <ele>433</ele>
   </trkpt>
   <trkpt lat="2.0279309" lon="103.3551528">
    <ele>433</ele>
   </trkpt>
   <trkpt lat="2.0279334" lon="103.3551578">
    <ele>434</ele>
   </trkpt>
   <trkpt lat="2.0279402" lon="103.3551863">
    <ele>437</ele>
   </trkpt>
   <trkpt lat="2.0279406" lon="103.3551901">
    <ele>438</ele>
   </trkpt>
   <trkpt lat="2.0279411" lon="103.3551939">
    <ele>438</ele>
   </trkpt>
   <trkpt lat="2.0279415" lon="103.3551977">
    <ele>438</ele>
   </trkpt>
   <trkpt lat="2.0279420" lon="103.3552015">
    <ele>438</ele>
   </trkpt>
   <trkpt lat="2.0279425" lon="103.3552053">
    <ele>438</ele>
   </trkpt>
   <trkpt lat="2.0279446" lon="103.3552368">
    <ele>438</ele>
   </trkpt>
   <trkpt lat="2.0279451" lon="103.3552446">
    <ele>438</ele>
   </trkpt>
   <trkpt lat="2.0279455" lon="103.3552525">
    <ele>438</ele>
   </trkpt>
   <trkpt lat="2.0279461" lon="103.3552603">
    <ele>439</ele>
   </trkpt>
   <trkpt lat="2.0279466" lon="103.3552682">
    <ele>439</ele>
   </trkpt>
   <trkpt lat="2.0279504" lon="103.3552937">
    <ele>439</ele>
   </trkpt>
   <trkpt lat="2.0279542" lon="103.3553192">
    <ele>442</ele>
   </trkpt>
   <trkpt lat="2.0279583" lon="103.3553399">
    <ele>442</ele>
   </trkpt>
   <trkpt lat="2.0279600" lon="103.3553459">
    <ele>442</ele>
   </trkpt>
   <trkpt lat="2.0279617" lon="103.3553519">
    <ele>443</ele>
   </trkpt>
   <trkpt lat="2.0279634" lon="103.3553580">
    <ele>443</ele>
   </trkpt>
   <trkpt lat="2.0279637" lon="103.3553843">
    <ele>445</ele>
   </trkpt>
   <trkpt lat="2.0279634" lon="103.3554170">
    <ele>448</ele>
   </trkpt>
   <trkpt lat="2.0279633" lon="103.3554548">
    <ele>448</ele>
   </trkpt>
   <trkpt lat="2.0279631" lon="103.3554619">
    <ele>448</ele>
   </trkpt>
   <trkpt lat="2.0279629" lon="103.3554690">
    <ele>448</ele>
   </trkpt>
   <trkpt lat="2.0279626" lon="103.3554762">
    <ele>448</ele>
   </trkpt>
   <trkpt lat="2.0279611" lon="103.3554870">
    <ele>450</ele>
   </trkpt>
   <trkpt lat="2.0279609" lon="103.3555036">
    <ele>450</ele>
   </trkpt>
   <trkpt lat="2.0279620" lon="103.3555092">
    <ele>450</ele>
   </trkpt>
   <trkpt lat="2.0279631" lon="103.3555148">
    <ele>450</ele>
   </trkpt>
   <trkpt lat="2.0279643" lon="103.3555205">
    <ele>450</ele>
   </trkpt>
   <trkpt lat="2.0279688" lon="103.3555412">
    <ele>450</ele>
   </trkpt>
   <trkpt lat="2.0279639" lon="103.3555657">
    <ele>452</ele>
   </trkpt>
   <trkpt lat="2.0279541" lon="103.3555975">
    <ele>455</ele>
   </trkpt>
   <trkpt lat="2.0279514" lon="103.3556048">
    <ele>455</ele>
   </trkpt>
   <trkpt lat="2.0279487" lon="103.3556122">
    <ele>455</ele>
   </trkpt>
   <trkpt lat="2.0279460" lon="103.3556196">
    <ele>456</ele>
   </trkpt>
   <trkpt lat="2.0279362" lon="103.3556480">
    <ele>456</ele>
   </trkpt>
   <trkpt lat="2.0279352" lon="103.3556551">
    <ele>456</ele>
   </trkpt>
   <trkpt lat="2.0279343" lon="103.3556622">
    <ele>456</ele>
   </trkpt>
   <trkpt lat="2.0279334" lon="103.3556693">
    <ele>456</ele>
   </trkpt>
   <trkpt lat="2.0279360" lon="103.3556863">
    <ele>456</ele>
   </trkpt>
   <trkpt lat="2.0279383" lon="103.3556901">
    <ele>456</ele>
   </trkpt>
   <trkpt lat="2.0279406" lon="103.3556939">
    <ele>456</ele>
   </trkpt>
   <trkpt lat="2.0279429" lon="103.3556978">
    <ele>457</ele>
   </trkpt>
   <trkpt lat="2.0279443" lon="103.3557177">
    <ele>459</ele>
   </trkpt>
   <trkpt lat="2.0279438" lon="103.3557367">
    <ele>460</ele>
   </trkpt>
   <trkpt lat="2.0279438" lon="103.3557596">
    <ele>460</ele>
   </trkpt>
   <trkpt lat="2.0279447" lon="103.3557646">
    <ele>460</ele>
   </trkpt>
   <trkpt lat="2.0279455" lon="103.3557696">
    <ele>460</ele>
   </trkpt>
   <trkpt lat="2.0279465" lon="103.3557747">
    <ele>461</ele>
   </trkpt>
   <trkpt lat="2.0279340" lon="103.3559517">
    <ele>467</ele>
   </trkpt>
   <trkpt lat="2.0279233" lon="103.3559731">
    <ele>467</ele>
   </trkpt>
   <trkpt lat="2.0279071" lon="103.3560023">
    <ele>469</ele>
   </trkpt>
   <trkpt lat="2.0278997" lon="103.3560248">
    <ele>469</ele>
   </trkpt>
   <trkpt lat="2.0278987" lon="103.3560302">
    <ele>469</ele>
   </trkpt>
   <trkpt lat="2.0278978" lon="103.3560356">
    <ele>470</ele>
   </trkpt>
   <trkpt lat="2.0278969" lon="103.3560410">
    <ele>470</ele>
   </trkpt>
   <trkpt lat="2.0278876" lon="103.3560693">
    <ele>473</ele>
   </trkpt>
   <trkpt lat="2.0278791" lon="103.3560896">
    <ele>474</ele>
   </trkpt>
   <trkpt lat="2.0278741" lon="103.3561076">
    <ele>474</ele>
   </trkpt>
   <trkpt lat="2.0278805" lon="103.3561212">
    <ele>475</ele>
   </trkpt>
   <trkpt lat="2.0278806" lon="103.3561358">
    <ele>475</ele>
   </trkpt>
   <trkpt lat="2.0278780" lon="103.3561396">
    <ele>476</ele>
   </trkpt>
   <trkpt lat="2.0278754" lon="103.3561433">
    <ele>476</ele>
   </trkpt>
   <trkpt lat="2.0278728" lon="103.3561473">
    <ele>476</ele>
   </trkpt>
   <trkpt lat="2.0278595" lon="103.3561560">
    <ele>476</ele>
   </trkpt>
   <trkpt lat="2.0278544" lon="103.3561569">
    <ele>476</ele>
   </trkpt>
   <trkpt lat="2.0278494" lon="103.3561578">
    <ele>476</ele>
   </trkpt>
   <trkpt lat="2.0278444" lon="103.3561588">
    <ele>476</ele>
   </trkpt>
   <trkpt lat="2.0278280" lon="103.3561598">
    <ele>479</ele>
   </trkpt>
   <trkpt lat="2.0278071" lon="103.3561646">
    <ele>479</ele>
   </trkpt>
   <trkpt lat="2.0278031" lon="103.3561674">
    <ele>479</ele>
   </trkpt>
   <trkpt lat="2.0277991" lon="103.3561701">
    <ele>480</ele>
   </trkpt>
   <trkpt lat="2.0277951" lon="103.3561730">
    <ele>480</ele>
   </trkpt>
   <trkpt lat="2.0277911" lon="103.3561758">
    <ele>480</ele>
   </trkpt>
   <trkpt lat="2.0277830" lon="103.3561913">
    <ele>480</ele>
   </trkpt>
   <trkpt lat="2.0277827" lon="103.3561965">
    <ele>481</ele>
   </trkpt>
   <trkpt lat="2.0277825" lon="103.3562017">
    <ele>481</ele>
   </trkpt>
   <trkpt lat="2.0277823" lon="103.3562069">
    <ele>481</ele>
   </trkpt>
   <trkpt lat="2.0277821" lon="103.3562119">
    <ele>481</ele>
   </trkpt>
   <trkpt lat="2.0277820" lon="103.3562170">
    <ele>482</ele>
   </trkpt>
   <trkpt lat="2.0277819" lon="103.3562221">
    <ele>482</ele>
   </trkpt>
   <trkpt lat="2.0277782" lon="103.3562303">
    <ele>482</ele>
   </trkpt>
   <trkpt lat="2.0277775" lon="103.3562318">
    <ele>482</ele>
   </trkpt>
   <trkpt lat="2.0277769" lon="103.3562333">
    <ele>482</ele>
   </trkpt>
   <trkpt lat="2.0277763" lon="103.3562348">
    <ele>482</ele>
   </trkpt>
   <trkpt lat="2.0277757" lon="103.3562363">
    <ele>482</ele>
   </trkpt>
   <trkpt lat="2.0277751" lon="103.3562379">
    <ele>482</ele>
   </trkpt>
   <trkpt lat="2.0277734" lon="103.3562485">
    <ele>483</ele>
   </trkpt>
   <trkpt lat="2.0277738" lon="103.3562525">
    <ele>483</ele>
   </trkpt>
   <trkpt lat="2.0277742" lon="103.3562566">
    <ele>483</ele>
   </trkpt>
   <trkpt lat="2.0277746" lon="103.3562607">
    <ele>483</ele>
   </trkpt>
   <trkpt lat="2.0277797" lon="103.3562797">
    <ele>485</ele>
   </trkpt>
   <trkpt lat="2.0277864" lon="103.3562963">
    <ele>485</ele>
   </trkpt>
   <trkpt lat="2.0277880" lon="103.3563014">
    <ele>485</ele>
   </trkpt>
   <trkpt lat="2.0277897" lon="103.3563065">
    <ele>486</ele>
   </trkpt>
   <trkpt lat="2.0277914" lon="103.3563116">
    <ele>486</ele>
   </trkpt>
   <trkpt lat="2.0277930" lon="103.3563168">
    <ele>486</ele>
   </trkpt>
   <trkpt lat="2.0277997" lon="103.3563354">
    <ele>486</ele>
   </trkpt>
   <trkpt lat="2.0278022" lon="103.3563400">
    <ele>487</ele>
   </trkpt>
   <trkpt lat="2.0278047" lon="103.3563446">
    <ele>487</ele>
   </trkpt>
   <trkpt lat="2.0278071" lon="103.3563494">
    <ele>487</ele>
   </trkpt>
   <trkpt lat="2.0278155" lon="103.3563628">
    <ele>487</ele>
   </trkpt>
   <trkpt lat="2.0278185" lon="103.3563677">
    <ele>488</ele>
   </trkpt>
   <trkpt lat="2.0278215" lon="103.3563725">
    <ele>488</ele>
   </trkpt>
   <trkpt lat="2.0278247" lon="103.3563773">
    <ele>488</ele>
   </trkpt>
   <trkpt lat="2.0278267" lon="103.3563798">
    <ele>488</ele>
   </trkpt>
   <trkpt lat="2.0278287" lon="103.3563825">
    <ele>488</ele>
   </trkpt>
   <trkpt lat="2.0278307" lon="103.3563852">
    <ele>488</ele>
   </trkpt>
   <trkpt lat="2.0278402" lon="103.3563905">
    <ele>488</ele>
   </trkpt>
   <trkpt lat="2.0278482" lon="103.3563968">
    <ele>491</ele>
   </trkpt>
   <trkpt lat="2.0278511" lon="103.3564062">
    <ele>491</ele>
   </trkpt>
   <trkpt lat="2.0278518" lon="103.3564100">
    <ele>491</ele>
   </trkpt>
   <trkpt lat="2.0278525" lon="103.3564138">
    <ele>492</ele>
   </trkpt>
   <trkpt lat="2.0278533" lon="103.3564176">
    <ele>492</ele>
   </trkpt>
   <trkpt lat="2.0278550" lon="103.3564366">
    <ele>492</ele>
   </trkpt>
   <trkpt lat="2.0278554" lon="103.3564443">
    <ele>492</ele>
   </trkpt>
   <trkpt lat="2.0278558" lon="103.3564521">
    <ele>493</ele>
   </trkpt>
   <trkpt lat="2.0278563" lon="103.3564599">
    <ele>493</ele>
   </trkpt>
   <trkpt lat="2.0278576" lon="103.3564772">
    <ele>493</ele>
   </trkpt>
   <trkpt lat="2.0278592" lon="103.3564820">
    <ele>493</ele>
   </trkpt>
   <trkpt lat="2.0278608" lon="103.3564868">
    <ele>493</ele>
   </trkpt>
   <trkpt lat="2.0278625" lon="103.3564916">
    <ele>493</ele>
   </trkpt>
   <trkpt lat="2.0278664" lon="103.3565012">
    <ele>494</ele>
   </trkpt>
   <trkpt lat="2.0278713" lon="103.3565136">
    <ele>495</ele>
   </trkpt>
   <trkpt lat="2.0278725" lon="103.3565172">
    <ele>495</ele>
   </trkpt>
   <trkpt lat="2.0278740" lon="103.3565208">
    <ele>495</ele>
   </trkpt>
   <trkpt lat="2.0278754" lon="103.3565244">
    <ele>495</ele>
   </trkpt>
   <trkpt lat="2.0278759" lon="103.3565260">
    <ele>496</ele>
   </trkpt>
   <trkpt lat="2.0278763" lon="103.3565276">
    <ele>496</ele>
   </trkpt>
   <trkpt lat="2.0278769" lon="103.3565292">
    <ele>496</ele>
   </trkpt>
   <trkpt lat="2.0278774" lon="103.3565308">
    <ele>496</ele>
   </trkpt>
   <trkpt lat="2.0278807" lon="103.3565405">
    <ele>496</ele>
   </trkpt>
   <trkpt lat="2.0278807" lon="103.3565428">
    <ele>496</ele>
   </trkpt>
   <trkpt lat="2.0278807" lon="103.3565454">
    <ele>496</ele>
   </trkpt>
   <trkpt lat="2.0278807" lon="103.3565478">
    <ele>496</ele>
   </trkpt>
   <trkpt lat="2.0278807" lon="103.3565503">
    <ele>497</ele>
   </trkpt>
   <trkpt lat="2.0278807" lon="103.3565528">
    <ele>497</ele>
   </trkpt>
   <trkpt lat="2.0278769" lon="103.3565670">
    <ele>497</ele>
   </trkpt>
   <trkpt lat="2.0278776" lon="103.3565881">
    <ele>499</ele>
   </trkpt>
   <trkpt lat="2.0278836" lon="103.3566077">
    <ele>499</ele>
   </trkpt>
   <trkpt lat="2.0278855" lon="103.3566138">
    <ele>500</ele>
   </trkpt>
   <trkpt lat="2.0278874" lon="103.3566199">
    <ele>500</ele>
   </trkpt>
   <trkpt lat="2.0278894" lon="103.3566261">
    <ele>500</ele>
   </trkpt>
   <trkpt lat="2.0278953" lon="103.3566462">
    <ele>500</ele>
   </trkpt>
   <trkpt lat="2.0278968" lon="103.3566536">
    <ele>501</ele>
   </trkpt>
   <trkpt lat="2.0278982" lon="103.3566610">
    <ele>501</ele>
   </trkpt>
   <trkpt lat="2.0278996" lon="103.3566685">
    <ele>501</ele>
   </trkpt>
   <trkpt lat="2.0279029" lon="103.3566895">
    <ele>501</ele>
   </trkpt>
   <trkpt lat="2.0279041" lon="103.3566962">
    <ele>502</ele>
   </trkpt>
   <trkpt lat="2.0279053" lon="103.3567030">
    <ele>502</ele>
   </trkpt>
   <trkpt lat="2.0279065" lon="103.3567098">
    <ele>503</ele>
   </trkpt>
   <trkpt lat="2.0279070" lon="103.3567164">
    <ele>503</ele>
   </trkpt>
   <trkpt lat="2.0279075" lon="103.3567230">
    <ele>504</ele>
   </trkpt>
   <trkpt lat="2.0279080" lon="103.3567297">
    <ele>504</ele>
   </trkpt>
   <trkpt lat="2.0279070" lon="103.3567454">
    <ele>504</ele>
   </trkpt>
   <trkpt lat="2.0279053" lon="103.3567499">
    <ele>504</ele>
   </trkpt>
   <trkpt lat="2.0279037" lon="103.3567544">
    <ele>505</ele>
   </trkpt>
   <trkpt lat="2.0279021" lon="103.3567589">
    <ele>505</ele>
   </trkpt>
   <trkpt lat="2.0278930" lon="103.3567747">
    <ele>505</ele>
   </trkpt>
   <trkpt lat="2.0278891" lon="103.3567816">
    <ele>505</ele>
   </trkpt>
   <trkpt lat="2.0278852" lon="103.3567884">
    <ele>506</ele>
   </trkpt>
   <trkpt lat="2.0278814" lon="103.3567954">
    <ele>506</ele>
   </trkpt>
   <trkpt lat="2.0278746" lon="103.3568148">
    <ele>507</ele>
   </trkpt>
   <trkpt lat="2.0278736" lon="103.3568205">
    <ele>507</ele>
   </trkpt>
   <trkpt lat="2.0278728" lon="103.3568262">
    <ele>508</ele>
   </trkpt>
   <trkpt lat="2.0278719" lon="103.3568319">
    <ele>508</ele>
   </trkpt>
   <trkpt lat="2.0278692" lon="103.3568398">
    <ele>508</ele>
   </trkpt>
   <trkpt lat="2.0278529" lon="103.3568504">
    <ele>510</ele>
   </trkpt>
   <trkpt lat="2.0278303" lon="103.3568633">
    <ele>510</ele>
   </trkpt>
   <trkpt lat="2.0278238" lon="103.3568667">
    <ele>510</ele>
   </trkpt>
   <trkpt lat="2.0278174" lon="103.3568701">
    <ele>510</ele>
   </trkpt>
   <trkpt lat="2.0278109" lon="103.3568735">
    <ele>510</ele>
   </trkpt>
   <trkpt lat="2.0277911" lon="103.3568842">
    <ele>511</ele>
   </trkpt>
   <trkpt lat="2.0277846" lon="103.3568893">
    <ele>511</ele>
   </trkpt>
   <trkpt lat="2.0277781" lon="103.3568944">
    <ele>511</ele>
   </trkpt>
   <trkpt lat="2.0277717" lon="103.3568996">
    <ele>511</ele>
   </trkpt>
   <trkpt lat="2.0277558" lon="103.3569196">
    <ele>511</ele>
   </trkpt>
   <trkpt lat="2.0277540" lon="103.3569252">
    <ele>511</ele>
   </trkpt>
   <trkpt lat="2.0277522" lon="103.3569308">
    <ele>511</ele>
   </trkpt>
   <trkpt lat="2.0277504" lon="103.3569365">
    <ele>511</ele>
   </trkpt>
   <trkpt lat="2.0277540" lon="103.3569514">
    <ele>512</ele>
   </trkpt>
   <trkpt lat="2.0277557" lon="103.3569568">
    <ele>512</ele>
   </trkpt>
   <trkpt lat="2.0277574" lon="103.3569622">
    <ele>512</ele>
   </trkpt>
   <trkpt lat="2.0277592" lon="103.3569676">
    <ele>512</ele>
   </trkpt>
   <trkpt lat="2.0277603" lon="103.3569748">
    <ele>513</ele>
   </trkpt>
   <trkpt lat="2.0277615" lon="103.3569821">
    <ele>513</ele>
   </trkpt>
   <trkpt lat="2.0277626" lon="103.3569894">
    <ele>513</ele>
   </trkpt>
   <trkpt lat="2.0277622" lon="103.3570055">
    <ele>513</ele>
   </trkpt>
   <trkpt lat="2.0277607" lon="103.3570105">
    <ele>513</ele>
   </trkpt>
   <trkpt lat="2.0277593" lon="103.3570154">
    <ele>513</ele>
   </trkpt>
   <trkpt lat="2.0277579" lon="103.3570203">
    <ele>513</ele>
   </trkpt>
   <trkpt lat="2.0277473" lon="103.3570421">
    <ele>513</ele>
   </trkpt>
   <trkpt lat="2.0277422" lon="103.3570496">
    <ele>513</ele>
   </trkpt>
   <trkpt lat="2.0277371" lon="103.3570571">
    <ele>513</ele>
   </trkpt>
   <trkpt lat="2.0277321" lon="103.3570647">
    <ele>513</ele>
   </trkpt>
   <trkpt lat="2.0277108" lon="103.3570848">
    <ele>513</ele>
   </trkpt>
   <trkpt lat="2.0277038" lon="103.3570893">
    <ele>513</ele>
   </trkpt>
   <trkpt lat="2.0276968" lon="103.3570938">
    <ele>513</ele>
   </trkpt>
   <trkpt lat="2.0276899" lon="103.3570984">
    <ele>513</ele>
   </trkpt>
   <trkpt lat="2.0276728" lon="103.3571077">
    <ele>513</ele>
   </trkpt>
   <trkpt lat="2.0276706" lon="103.3571094">
    <ele>514</ele>
   </trkpt>
   <trkpt lat="2.0276683" lon="103.3571111">
    <ele>514</ele>
   </trkpt>
   <trkpt lat="2.0276660" lon="103.3571128">
    <ele>514</ele>
   </trkpt>
   <trkpt lat="2.0276576" lon="103.3571240">
    <ele>514</ele>
   </trkpt>
   <trkpt lat="2.0276554" lon="103.3571289">
    <ele>514</ele>
   </trkpt>
   <trkpt lat="2.0276532" lon="103.3571338">
    <ele>514</ele>
   </trkpt>
   <trkpt lat="2.0276510" lon="103.3571389">
    <ele>514</ele>
   </trkpt>
   <trkpt lat="2.0276428" lon="103.3571539">
    <ele>514</ele>
   </trkpt>
   <trkpt lat="2.0276361" lon="103.3571602">
    <ele>516</ele>
   </trkpt>
   <trkpt lat="2.0276263" lon="103.3571719">
    <ele>516</ele>
   </trkpt>
   <trkpt lat="2.0276223" lon="103.3571765">
    <ele>516</ele>
   </trkpt>
   <trkpt lat="2.0276183" lon="103.3571811">
    <ele>516</ele>
   </trkpt>
   <trkpt lat="2.0276144" lon="103.3571858">
    <ele>516</ele>
   </trkpt>
   <trkpt lat="2.0275970" lon="103.3572021">
    <ele>516</ele>
   </trkpt>
   <trkpt lat="2.0275907" lon="103.3572080">
    <ele>516</ele>
   </trkpt>
   <trkpt lat="2.0275844" lon="103.3572140">
    <ele>516</ele>
   </trkpt>
   <trkpt lat="2.0275782" lon="103.3572200">
    <ele>516</ele>
   </trkpt>
   <trkpt lat="2.0275627" lon="103.3572375">
    <ele>516</ele>
   </trkpt>
   <trkpt lat="2.0275584" lon="103.3572426">
    <ele>517</ele>
   </trkpt>
   <trkpt lat="2.0275542" lon="103.3572477">
    <ele>517</ele>
   </trkpt>
   <trkpt lat="2.0275500" lon="103.3572528">
    <ele>517</ele>
   </trkpt>
   <trkpt lat="2.0275355" lon="103.3572644">
    <ele>517</ele>
   </trkpt>
   <trkpt lat="2.0275292" lon="103.3572669">
    <ele>518</ele>
   </trkpt>
   <trkpt lat="2.0275229" lon="103.3572697">
    <ele>518</ele>
   </trkpt>
   <trkpt lat="2.0275167" lon="103.3572724">
    <ele>518</ele>
   </trkpt>
   <trkpt lat="2.0275061" lon="103.3572819">
    <ele>518</ele>
   </trkpt>
   <trkpt lat="2.0275059" lon="103.3572857">
    <ele>518</ele>
   </trkpt>
   <trkpt lat="2.0275057" lon="103.3572894">
    <ele>518</ele>
   </trkpt>
   <trkpt lat="2.0275055" lon="103.3572934">
    <ele>518</ele>
   </trkpt>
   <trkpt lat="2.0275148" lon="103.3573011">
    <ele>518</ele>
   </trkpt>
   <trkpt lat="2.0275199" lon="103.3573014">
    <ele>519</ele>
   </trkpt>
   <trkpt lat="2.0275251" lon="103.3573016">
    <ele>519</ele>
   </trkpt>
   <trkpt lat="2.0275303" lon="103.3573020">
    <ele>519</ele>
   </trkpt>
   <trkpt lat="2.0275466" lon="103.3573039">
    <ele>519</ele>
   </trkpt>
   <trkpt lat="2.0275507" lon="103.3573083">
    <ele>519</ele>
   </trkpt>
   <trkpt lat="2.0275548" lon="103.3573129">
    <ele>519</ele>
   </trkpt>
   <trkpt lat="2.0275589" lon="103.3573174">
    <ele>519</ele>
   </trkpt>
   <trkpt lat="2.0275603" lon="103.3573428">
    <ele>519</ele>
   </trkpt>
   <trkpt lat="2.0275561" lon="103.3573514">
    <ele>519</ele>
   </trkpt>
   <trkpt lat="2.0275520" lon="103.3573603">
    <ele>519</ele>
   </trkpt>
   <trkpt lat="2.0275479" lon="103.3573691">
    <ele>519</ele>
   </trkpt>
   <trkpt lat="2.0275287" lon="103.3573943">
    <ele>519</ele>
   </trkpt>
   <trkpt lat="2.0275229" lon="103.3574021">
    <ele>520</ele>
   </trkpt>
   <trkpt lat="2.0275171" lon="103.3574098">
    <ele>520</ele>
   </trkpt>
   <trkpt lat="2.0275114" lon="103.3574177">
    <ele>520</ele>
   </trkpt>
   <trkpt lat="2.0274958" lon="103.3574394">
    <ele>520</ele>
   </trkpt>
   <trkpt lat="2.0274902" lon="103.3574467">
    <ele>520</ele>
   </trkpt>
   <trkpt lat="2.0274847" lon="103.3574540">
    <ele>520</ele>
   </trkpt>
   <trkpt lat="2.0274792" lon="103.3574613">
    <ele>520</ele>
   </trkpt>
   <trkpt lat="2.0274619" lon="103.3574818">
    <ele>520</ele>
   </trkpt>
   <trkpt lat="2.0274547" lon="103.3574866">
    <ele>520</ele>
   </trkpt>
   <trkpt lat="2.0274476" lon="103.3574914">
    <ele>520</ele>
   </trkpt>
   <trkpt lat="2.0274405" lon="103.3574962">
    <ele>520</ele>
   </trkpt>
   <trkpt lat="2.0274201" lon="103.3574978">
    <ele>520</ele>
   </trkpt>
   <trkpt lat="2.0274163" lon="103.3574957">
    <ele>520</ele>
   </trkpt>
   <trkpt lat="2.0274125" lon="103.3574937">
    <ele>519</ele>
   </trkpt>
   <trkpt lat="2.0274088" lon="103.3574917">
    <ele>519</ele>
   </trkpt>
   <trkpt lat="2.0274119" lon="103.3574847">
    <ele>519</ele>
   </trkpt>
   <trkpt lat="2.0274130" lon="103.3574839">
    <ele>519</ele>
   </trkpt>
   <trkpt lat="2.0274142" lon="103.3574831">
    <ele>519</ele>
   </trkpt>
   <trkpt lat="2.0274154" lon="103.3574824">
    <ele>519</ele>
   </trkpt>
   <trkpt lat="2.0274064" lon="103.3574891">
    <ele>519</ele>
   </trkpt>
   <trkpt lat="2.0274011" lon="103.3574934">
    <ele>519</ele>
   </trkpt>
   <trkpt lat="2.0273959" lon="103.3574977">
    <ele>519</ele>
   </trkpt>
   <trkpt lat="2.0273907" lon="103.3575021">
    <ele>519</ele>
   </trkpt>
   <trkpt lat="2.0273715" lon="103.3575161">
    <ele>519</ele>
   </trkpt>
   <trkpt lat="2.0273646" lon="103.3575207">
    <ele>519</ele>
   </trkpt>
   <trkpt lat="2.0273577" lon="103.3575254">
    <ele>519</ele>
   </trkpt>
   <trkpt lat="2.0273507" lon="103.3575301">
    <ele>519</ele>
   </trkpt>
   <trkpt lat="2.0273348" lon="103.3575444">
    <ele>519</ele>
   </trkpt>
   <trkpt lat="2.0273302" lon="103.3575498">
    <ele>519</ele>
   </trkpt>
   <trkpt lat="2.0273257" lon="103.3575551">
    <ele>519</ele>
   </trkpt>
   <trkpt lat="2.0273212" lon="103.3575606">
    <ele>519</ele>
   </trkpt>
   <trkpt lat="2.0273064" lon="103.3575779">
    <ele>519</ele>
   </trkpt>
   <trkpt lat="2.0273010" lon="103.3575830">
    <ele>519</ele>
   </trkpt>
   <trkpt lat="2.0272956" lon="103.3575881">
    <ele>519</ele>
   </trkpt>
   <trkpt lat="2.0272904" lon="103.3575932">
    <ele>519</ele>
   </trkpt>
   <trkpt lat="2.0272695" lon="103.3576017">
    <ele>519</ele>
   </trkpt>
   <trkpt lat="2.0272610" lon="103.3576024">
    <ele>519</ele>
   </trkpt>
   <trkpt lat="2.0272526" lon="103.3576031">
    <ele>518</ele>
   </trkpt>
   <trkpt lat="2.0272442" lon="103.3576038">
    <ele>518</ele>
   </trkpt>
   <trkpt lat="2.0272230" lon="103.3576129">
    <ele>518</ele>
   </trkpt>
   <trkpt lat="2.0272199" lon="103.3576193">
    <ele>518</ele>
   </trkpt>
   <trkpt lat="2.0272168" lon="103.3576257">
    <ele>518</ele>
   </trkpt>
   <trkpt lat="2.0272138" lon="103.3576323">
    <ele>518</ele>
   </trkpt>
   <trkpt lat="2.0272153" lon="103.3576569">
    <ele>518</ele>
   </trkpt>
   <trkpt lat="2.0272145" lon="103.3576637">
    <ele>518</ele>
   </trkpt>
   <trkpt lat="2.0272137" lon="103.3576706">
    <ele>517</ele>
   </trkpt>
   <trkpt lat="2.0272129" lon="103.3576775">
    <ele>517</ele>
   </trkpt>
   <trkpt lat="2.0271948" lon="103.3576892">
    <ele>517</ele>
   </trkpt>
   <trkpt lat="2.0271839" lon="103.3576900">
    <ele>517</ele>
   </trkpt>
   <trkpt lat="2.0271731" lon="103.3576908">
    <ele>516</ele>
   </trkpt>
   <trkpt lat="2.0271623" lon="103.3576917">
    <ele>516</ele>
   </trkpt>
   <trkpt lat="2.0271225" lon="103.3576905">
    <ele>516</ele>
   </trkpt>
   <trkpt lat="2.0271102" lon="103.3576889">
    <ele>516</ele>
   </trkpt>
   <trkpt lat="2.0270978" lon="103.3576873">
    <ele>515</ele>
   </trkpt>
   <trkpt lat="2.0270856" lon="103.3576858">
    <ele>515</ele>
   </trkpt>
   <trkpt lat="2.0270537" lon="103.3576775">
    <ele>515</ele>
   </trkpt>
   <trkpt lat="2.0270434" lon="103.3576755">
    <ele>515</ele>
   </trkpt>
   <trkpt lat="2.0270331" lon="103.3576737">
    <ele>514</ele>
   </trkpt>
   <trkpt lat="2.0270229" lon="103.3576719">
    <ele>514</ele>
   </trkpt>
   <trkpt lat="2.0269942" lon="103.3576680">
    <ele>513</ele>
   </trkpt>
   <trkpt lat="2.0269874" lon="103.3576652">
    <ele>513</ele>
   </trkpt>
   <trkpt lat="2.0269806" lon="103.3576625">
    <ele>512</ele>
   </trkpt>
   <trkpt lat="2.0269738" lon="103.3576597">
    <ele>512</ele>
   </trkpt>
   <trkpt lat="2.0269575" lon="103.3576437">
    <ele>512</ele>
   </trkpt>
   <trkpt lat="2.0269510" lon="103.3576370">
    <ele>512</ele>
   </trkpt>
   <trkpt lat="2.0269445" lon="103.3576303">
    <ele>511</ele>
   </trkpt>
   <trkpt lat="2.0269381" lon="103.3576236">
    <ele>511</ele>
   </trkpt>
   <trkpt lat="2.0269138" lon="103.3576071">
    <ele>510</ele>
   </trkpt>
   <trkpt lat="2.0269059" lon="103.3576040">
    <ele>510</ele>
   </trkpt>
   <trkpt lat="2.0268981" lon="103.3576009">
    <ele>509</ele>
   </trkpt>
   <trkpt lat="2.0268902" lon="103.3575977">
    <ele>509</ele>
   </trkpt>
   <trkpt lat="2.0268685" lon="103.3575961">
    <ele>509</ele>
   </trkpt>
   <trkpt lat="2.0268590" lon="103.3575970">
    <ele>509</ele>
   </trkpt>
   <trkpt lat="2.0268495" lon="103.3575980">
    <ele>508</ele>
   </trkpt>
   <trkpt lat="2.0268402" lon="103.3575989">
    <ele>508</ele>
   </trkpt>
   <trkpt lat="2.0268135" lon="103.3576107">
    <ele>508</ele>
   </trkpt>
   <trkpt lat="2.0268065" lon="103.3576186">
    <ele>508</ele>
   </trkpt>
   <trkpt lat="2.0267995" lon="103.3576265">
    <ele>507</ele>
   </trkpt>
   <trkpt lat="2.0267925" lon="103.3576345">
    <ele>507</ele>
   </trkpt>
   <trkpt lat="2.0267776" lon="103.3576638">
    <ele>506</ele>
   </trkpt>
   <trkpt lat="2.0267737" lon="103.3576731">
    <ele>506</ele>
   </trkpt>
   <trkpt lat="2.0267697" lon="103.3576824">
    <ele>505</ele>
   </trkpt>
   <trkpt lat="2.0267658" lon="103.3576918">
    <ele>505</ele>
   </trkpt>
   <trkpt lat="2.0267502" lon="103.3577112">
    <ele>505</ele>
   </trkpt>
   <trkpt lat="2.0267466" lon="103.3577137">
    <ele>505</ele>
   </trkpt>
   <trkpt lat="2.0267430" lon="103.3577162">
    <ele>504</ele>
   </trkpt>
   <trkpt lat="2.0267394" lon="103.3577188">
    <ele>504</ele>
   </trkpt>
   <trkpt lat="2.0267175" lon="103.3577296">
    <ele>504</ele>
   </trkpt>
   <trkpt lat="2.0267110" lon="103.3577321">
    <ele>504</ele>
   </trkpt>
   <trkpt lat="2.0267045" lon="103.3577345">
    <ele>503</ele>
   </trkpt>
   <trkpt lat="2.0266980" lon="103.3577369">
    <ele>503</ele>
   </trkpt>
   <trkpt lat="2.0266798" lon="103.3577410">
    <ele>503</ele>
   </trkpt>
   <trkpt lat="2.0266725" lon="103.3577416">
    <ele>503</ele>
   </trkpt>
   <trkpt lat="2.0266652" lon="103.3577422">
    <ele>502</ele>
   </trkpt>
   <trkpt lat="2.0266580" lon="103.3577428">
    <ele>502</ele>
   </trkpt>
   <trkpt lat="2.0266360" lon="103.3577428">
    <ele>502</ele>
   </trkpt>
   <trkpt lat="2.0266286" lon="103.3577456">
    <ele>502</ele>
   </trkpt>
   <trkpt lat="2.0266212" lon="103.3577484">
    <ele>501</ele>
   </trkpt>
   <trkpt lat="2.0266139" lon="103.3577513">
    <ele>501</ele>
   </trkpt>
   <trkpt lat="2.0265952" lon="103.3577658">
    <ele>501</ele>
   </trkpt>
   <trkpt lat="2.0265897" lon="103.3577702">
    <ele>501</ele>
   </trkpt>
   <trkpt lat="2.0265842" lon="103.3577746">
    <ele>500</ele>
   </trkpt>
   <trkpt lat="2.0265787" lon="103.3577792">
    <ele>500</ele>
   </trkpt>
   <trkpt lat="2.0265645" lon="103.3577951">
    <ele>500</ele>
   </trkpt>
   <trkpt lat="2.0265597" lon="103.3577999">
    <ele>500</ele>
   </trkpt>
   <trkpt lat="2.0265549" lon="103.3578048">
    <ele>499</ele>
   </trkpt>
   <trkpt lat="2.0265502" lon="103.3578097">
    <ele>499</ele>
   </trkpt>
   <trkpt lat="2.0265361" lon="103.3578201">
    <ele>499</ele>
   </trkpt>
   <trkpt lat="2.0265308" lon="103.3578221">
    <ele>499</ele>
   </trkpt>
   <trkpt lat="2.0265255" lon="103.3578241">
    <ele>498</ele>
   </trkpt>
   <trkpt lat="2.0265202" lon="103.3578261">
    <ele>498</ele>
   </trkpt>
   <trkpt lat="2.0264975" lon="103.3578293">
    <ele>498</ele>
   </trkpt>
   <trkpt lat="2.0264884" lon="103.3578302">
    <ele>498</ele>
   </trkpt>
   <trkpt lat="2.0264794" lon="103.3578311">
    <ele>497</ele>
   </trkpt>
   <trkpt lat="2.0264704" lon="103.3578320">
    <ele>497</ele>
   </trkpt>
   <trkpt lat="2.0264426" lon="103.3578371">
    <ele>496</ele>
   </trkpt>
   <trkpt lat="2.0264350" lon="103.3578406">
    <ele>496</ele>
   </trkpt>
   <trkpt lat="2.0264275" lon="103.3578441">
    <ele>495</ele>
   </trkpt>
   <trkpt lat="2.0264200" lon="103.3578476">
    <ele>495</ele>
   </trkpt>
   <trkpt lat="2.0263984" lon="103.3578566">
    <ele>495</ele>
   </trkpt>
   <trkpt lat="2.0263905" lon="103.3578584">
    <ele>495</ele>
   </trkpt>
   <trkpt lat="2.0263825" lon="103.3578602">
    <ele>494</ele>
   </trkpt>
   <trkpt lat="2.0263748" lon="103.3578620">
    <ele>494</ele>
   </trkpt>
   <trkpt lat="2.0263524" lon="103.3578650">
    <ele>493</ele>
   </trkpt>
   <trkpt lat="2.0263456" lon="103.3578657">
    <ele>493</ele>
   </trkpt>
   <trkpt lat="2.0263390" lon="103.3578665">
    <ele>492</ele>
   </trkpt>
   <trkpt lat="2.0263323" lon="103.3578673">
    <ele>492</ele>
   </trkpt>
   <trkpt lat="2.0263112" lon="103.3578733">
    <ele>492</ele>
   </trkpt>
   <trkpt lat="2.0263049" lon="103.3578761">
    <ele>492</ele>
   </trkpt>
   <trkpt lat="2.0262987" lon="103.3578790">
    <ele>491</ele>
   </trkpt>
   <trkpt lat="2.0262925" lon="103.3578819">
    <ele>491</ele>
   </trkpt>
   <trkpt lat="2.0262743" lon="103.3578857">
    <ele>491</ele>
   </trkpt>
   <trkpt lat="2.0262702" lon="103.3578850">
    <ele>491</ele>
   </trkpt>
   <trkpt lat="2.0262661" lon="103.3578843">
    <ele>490</ele>
   </trkpt>
   <trkpt lat="2.0262621" lon="103.3578835">
    <ele>490</ele>
   </trkpt>
   <trkpt lat="2.0262581" lon="103.3578830">
    <ele>489</ele>
   </trkpt>
   <trkpt lat="2.0262443" lon="103.3578870">
    <ele>489</ele>
   </trkpt>
   <trkpt lat="2.0262395" lon="103.3578900">
    <ele>488</ele>
   </trkpt>
   <trkpt lat="2.0262349" lon="103.3578930">
    <ele>488</ele>
   </trkpt>
   <trkpt lat="2.0262304" lon="103.3578960">
    <ele>488</ele>
   </trkpt>
   <trkpt lat="2.0262134" lon="103.3579041">
    <ele>488</ele>
   </trkpt>
   <trkpt lat="2.0262069" lon="103.3579057">
    <ele>487</ele>
   </trkpt>
   <trkpt lat="2.0262005" lon="103.3579072">
    <ele>487</ele>
   </trkpt>
   <trkpt lat="2.0261941" lon="103.3579088">
    <ele>487</ele>
   </trkpt>
   <trkpt lat="2.0261695" lon="103.3579102">
    <ele>487</ele>
   </trkpt>
   <trkpt lat="2.0261604" lon="103.3579101">
    <ele>486</ele>
   </trkpt>
   <trkpt lat="2.0261512" lon="103.3579100">
    <ele>486</ele>
   </trkpt>
   <trkpt lat="2.0261420" lon="103.3579099">
    <ele>485</ele>
   </trkpt>
   <trkpt lat="2.0261227" lon="103.3579060">
    <ele>485</ele>
   </trkpt>
   <trkpt lat="2.0261184" lon="103.3579039">
    <ele>484</ele>
   </trkpt>
   <trkpt lat="2.0261142" lon="103.3579017">
    <ele>484</ele>
   </trkpt>
   <trkpt lat="2.0261100" lon="103.3578997">
    <ele>484</ele>
   </trkpt>
   <trkpt lat="2.0260964" lon="103.3578956">
    <ele>484</ele>
   </trkpt>
   <trkpt lat="2.0260912" lon="103.3578955">
    <ele>483</ele>
   </trkpt>
   <trkpt lat="2.0260861" lon="103.3578954">
    <ele>483</ele>
   </trkpt>
   <trkpt lat="2.0260810" lon="103.3578954">
    <ele>483</ele>
   </trkpt>
   <trkpt lat="2.0260648" lon="103.3578901">
    <ele>483</ele>
   </trkpt>
   <trkpt lat="2.0260599" lon="103.3578866">
    <ele>482</ele>
   </trkpt>
   <trkpt lat="2.0260550" lon="103.3578832">
    <ele>482</ele>
   </trkpt>
   <trkpt lat="2.0260501" lon="103.3578798">
    <ele>482</ele>
   </trkpt>
   <trkpt lat="2.0260473" lon="103.3578767">
    <ele>482</ele>
   </trkpt>
   <trkpt lat="2.0260444" lon="103.3578736">
    <ele>481</ele>
   </trkpt>
   <trkpt lat="2.0260416" lon="103.3578706">
    <ele>481</ele>
   </trkpt>
   <trkpt lat="2.0260387" lon="103.3578675">
    <ele>480</ele>
   </trkpt>
   <trkpt lat="2.0260359" lon="103.3578645">
    <ele>480</ele>
   </trkpt>
   <trkpt lat="2.0260229" lon="103.3578511">
    <ele>479</ele>
   </trkpt>
   <trkpt lat="2.0260181" lon="103.3578456">
    <ele>479</ele>
   </trkpt>
   <trkpt lat="2.0260134" lon="103.3578401">
    <ele>479</ele>
   </trkpt>
   <trkpt lat="2.0260087" lon="103.3578347">
    <ele>479</ele>
   </trkpt>
   <trkpt lat="2.0259974" lon="103.3578147">
    <ele>478</ele>
   </trkpt>
   <trkpt lat="2.0259949" lon="103.3578077">
    <ele>478</ele>
   </trkpt>
   <trkpt lat="2.0259923" lon="103.3578007">
    <ele>478</ele>
   </trkpt>
   <trkpt lat="2.0259899" lon="103.3577937">
    <ele>478</ele>
   </trkpt>
   <trkpt lat="2.0259823" lon="103.3577761">
    <ele>477</ele>
   </trkpt>
   <trkpt lat="2.0259801" lon="103.3577704">
    <ele>477</ele>
   </trkpt>
   <trkpt lat="2.0259779" lon="103.3577647">
    <ele>477</ele>
   </trkpt>
   <trkpt lat="2.0259758" lon="103.3577591">
    <ele>477</ele>
   </trkpt>
   <trkpt lat="2.0259676" lon="103.3577482">
    <ele>476</ele>
   </trkpt>
   <trkpt lat="2.0259638" lon="103.3577457">
    <ele>476</ele>
   </trkpt>
   <trkpt lat="2.0259600" lon="103.3577433">
    <ele>476</ele>
   </trkpt>
   <trkpt lat="2.0259562" lon="103.3577409">
    <ele>476</ele>
   </trkpt>
   <trkpt lat="2.0259411" lon="103.3577363">
    <ele>475</ele>
   </trkpt>
   <trkpt lat="2.0259356" lon="103.3577367">
    <ele>475</ele>
   </trkpt>
   <trkpt lat="2.0259302" lon="103.3577371">
    <ele>474</ele>
   </trkpt>
   <trkpt lat="2.0259248" lon="103.3577375">
    <ele>474</ele>
   </trkpt>
   <trkpt lat="2.0259092" lon="103.3577322">
    <ele>473</ele>
   </trkpt>
   <trkpt lat="2.0259058" lon="103.3577263">
    <ele>473</ele>
   </trkpt>
   <trkpt lat="2.0259024" lon="103.3577204">
    <ele>473</ele>
   </trkpt>
   <trkpt lat="2.0258990" lon="103.3577145">
    <ele>473</ele>
   </trkpt>
   <trkpt lat="2.0258925" lon="103.3576922">
    <ele>472</ele>
   </trkpt>
   <trkpt lat="2.0258892" lon="103.3576857">
    <ele>472</ele>
   </trkpt>
   <trkpt lat="2.0258861" lon="103.3576793">
    <ele>472</ele>
   </trkpt>
   <trkpt lat="2.0258829" lon="103.3576729">
    <ele>472</ele>
   </trkpt>
   <trkpt lat="2.0258655" lon="103.3576583">
    <ele>471</ele>
   </trkpt>
   <trkpt lat="2.0258590" lon="103.3576540">
    <ele>471</ele>
   </trkpt>
   <trkpt lat="2.0258526" lon="103.3576497">
    <ele>470</ele>
   </trkpt>
   <trkpt lat="2.0258462" lon="103.3576454">
    <ele>470</ele>
   </trkpt>
   <trkpt lat="2.0258279" lon="103.3576342">
    <ele>469</ele>
   </trkpt>
   <trkpt lat="2.0258230" lon="103.3576279">
    <ele>469</ele>
   </trkpt>
   <trkpt lat="2.0258181" lon="103.3576216">
    <ele>468</ele>
   </trkpt>
   <trkpt lat="2.0258134" lon="103.3576154">
    <ele>468</ele>
   </trkpt>
   <trkpt lat="2.0258054" lon="103.3575876">
    <ele>467</ele>
   </trkpt>
   <trkpt lat="2.0258032" lon="103.3575784">
    <ele>467</ele>
   </trkpt>
   <trkpt lat="2.0258010" lon="103.3575693">
    <ele>467</ele>
   </trkpt>
   <trkpt lat="2.0257989" lon="103.3575602">
    <ele>467</ele>
   </trkpt>
   <trkpt lat="2.0257885" lon="103.3575414">
    <ele>466</ele>
   </trkpt>
   <trkpt lat="2.0257839" lon="103.3575361">
    <ele>466</ele>
   </trkpt>
   <trkpt lat="2.0257795" lon="103.3575308">
    <ele>465</ele>
   </trkpt>
   <trkpt lat="2.0257751" lon="103.3575256">
    <ele>465</ele>
   </trkpt>
   <trkpt lat="2.0257650" lon="103.3575156">
    <ele>464</ele>
   </trkpt>
   <trkpt lat="2.0257494" lon="103.3575004">
    <ele>464</ele>
   </trkpt>
   <trkpt lat="2.0257431" lon="103.3574926">
    <ele>463</ele>
   </trkpt>
   <trkpt lat="2.0257369" lon="103.3574849">
    <ele>463</ele>
   </trkpt>
   <trkpt lat="2.0257307" lon="103.3574772">
    <ele>463</ele>
   </trkpt>
   <trkpt lat="2.0257158" lon="103.3574361">
    <ele>463</ele>
   </trkpt>
   <trkpt lat="2.0257145" lon="103.3574182">
    <ele>462</ele>
   </trkpt>
   <trkpt lat="2.0257131" lon="103.3574003">
    <ele>462</ele>
   </trkpt>
   <trkpt lat="2.0257118" lon="103.3573825">
    <ele>462</ele>
   </trkpt>
   <trkpt lat="2.0257141" lon="103.3573267">
    <ele>462</ele>
   </trkpt>
   <trkpt lat="2.0257137" lon="103.3573099">
    <ele>462</ele>
   </trkpt>
   <trkpt lat="2.0257133" lon="103.3572931">
    <ele>462</ele>
   </trkpt>
   <trkpt lat="2.0257130" lon="103.3572763">
    <ele>462</ele>
   </trkpt>
   <trkpt lat="2.0257116" lon="103.3572324">
    <ele>462</ele>
   </trkpt>
   <trkpt lat="2.0257114" lon="103.3572195">
    <ele>461</ele>
   </trkpt>
   <trkpt lat="2.0257113" lon="103.3572067">
    <ele>461</ele>
   </trkpt>
   <trkpt lat="2.0257112" lon="103.3571939">
    <ele>461</ele>
   </trkpt>
   <trkpt lat="2.0257090" lon="103.3571532">
    <ele>461</ele>
   </trkpt>
   <trkpt lat="2.0257062" lon="103.3571426">
    <ele>461</ele>
   </trkpt>
   <trkpt lat="2.0257034" lon="103.3571319">
    <ele>461</ele>
   </trkpt>
   <trkpt lat="2.0257006" lon="103.3571212">
    <ele>461</ele>
   </trkpt>
   <trkpt lat="2.0256821" lon="103.3571049">
    <ele>461</ele>
   </trkpt>
   <trkpt lat="2.0256736" lon="103.3571026">
    <ele>461</ele>
   </trkpt>
   <trkpt lat="2.0256652" lon="103.3571003">
    <ele>461</ele>
   </trkpt>
   <trkpt lat="2.0256568" lon="103.3570981">
    <ele>461</ele>
   </trkpt>
   <trkpt lat="2.0256304" lon="103.3570924">
    <ele>462</ele>
   </trkpt>
   <trkpt lat="2.0256229" lon="103.3570890">
    <ele>462</ele>
   </trkpt>
   <trkpt lat="2.0256154" lon="103.3570856">
    <ele>462</ele>
   </trkpt>
   <trkpt lat="2.0256078" lon="103.3570821">
    <ele>462</ele>
   </trkpt>
   <trkpt lat="2.0255912" lon="103.3570643">
    <ele>462</ele>
   </trkpt>
   <trkpt lat="2.0255866" lon="103.3570582">
    <ele>462</ele>
   </trkpt>
   <trkpt lat="2.0255821" lon="103.3570521">
    <ele>462</ele>
   </trkpt>
   <trkpt lat="2.0255776" lon="103.3570460">
    <ele>462</ele>
   </trkpt>
   <trkpt lat="2.0255642" lon="103.3570282">
    <ele>463</ele>
   </trkpt>
   <trkpt lat="2.0255590" lon="103.3570215">
    <ele>463</ele>
   </trkpt>
   <trkpt lat="2.0255538" lon="103.3570149">
    <ele>463</ele>
   </trkpt>
   <trkpt lat="2.0255487" lon="103.3570083">
    <ele>463</ele>
   </trkpt>
   <trkpt lat="2.0255319" lon="103.3569900">
    <ele>464</ele>
   </trkpt>
   <trkpt lat="2.0255268" lon="103.3569860">
    <ele>464</ele>
   </trkpt>
   <trkpt lat="2.0255217" lon="103.3569820">
    <ele>464</ele>
   </trkpt>
   <trkpt lat="2.0255167" lon="103.3569781">
    <ele>464</ele>
   </trkpt>
   <trkpt lat="2.0255047" lon="103.3569691">
    <ele>464</ele>
   </trkpt>
   <trkpt lat="2.0255022" lon="103.3569660">
    <ele>464</ele>
   </trkpt>
   <trkpt lat="2.0254997" lon="103.3569629">
    <ele>464</ele>
   </trkpt>
   <trkpt lat="2.0254973" lon="103.3569598">
    <ele>464</ele>
   </trkpt>
   <trkpt lat="2.0254884" lon="103.3569530">
    <ele>465</ele>
   </trkpt>
   <trkpt lat="2.0254831" lon="103.3569518">
    <ele>465</ele>
   </trkpt>
   <trkpt lat="2.0254777" lon="103.3569506">
    <ele>465</ele>
   </trkpt>
   <trkpt lat="2.0254723" lon="103.3569494">
    <ele>465</ele>
   </trkpt>
   <trkpt lat="2.0254500" lon="103.3569456">
    <ele>466</ele>
   </trkpt>
   <trkpt lat="2.0254423" lon="103.3569424">
    <ele>466</ele>
   </trkpt>
   <trkpt lat="2.0254347" lon="103.3569392">
    <ele>466</ele>
   </trkpt>
   <trkpt lat="2.0254271" lon="103.3569362">
    <ele>466</ele>
   </trkpt>
   <trkpt lat="2.0254065" lon="103.3569239">
    <ele>466</ele>
   </trkpt>
   <trkpt lat="2.0254010" lon="103.3569207">
    <ele>466</ele>
   </trkpt>
   <trkpt lat="2.0253955" lon="103.3569175">
    <ele>466</ele>
   </trkpt>
   <trkpt lat="2.0253901" lon="103.3569143">
    <ele>466</ele>
   </trkpt>
   <trkpt lat="2.0253714" lon="103.3569106">
    <ele>467</ele>
   </trkpt>
   <trkpt lat="2.0253637" lon="103.3569109">
    <ele>467</ele>
   </trkpt>
   <trkpt lat="2.0253560" lon="103.3569112">
    <ele>467</ele>
   </trkpt>
   <trkpt lat="2.0253484" lon="103.3569115">
    <ele>467</ele>
   </trkpt>
   <trkpt lat="2.0253255" lon="103.3569085">
    <ele>467</ele>
   </trkpt>
   <trkpt lat="2.0253188" lon="103.3569052">
    <ele>467</ele>
   </trkpt>
   <trkpt lat="2.0253121" lon="103.3569019">
    <ele>467</ele>
   </trkpt>
   <trkpt lat="2.0253054" lon="103.3568985">
    <ele>467</ele>
   </trkpt>
   <trkpt lat="2.0252859" lon="103.3568844">
    <ele>467</ele>
   </trkpt>
   <trkpt lat="2.0252797" lon="103.3568801">
    <ele>467</ele>
   </trkpt>
   <trkpt lat="2.0252735" lon="103.3568759">
    <ele>467</ele>
   </trkpt>
   <trkpt lat="2.0252674" lon="103.3568717">
    <ele>467</ele>
   </trkpt>
   <trkpt lat="2.0252490" lon="103.3568620">
    <ele>468</ele>
   </trkpt>
   <trkpt lat="2.0252421" lon="103.3568581">
    <ele>468</ele>
   </trkpt>
   <trkpt lat="2.0252352" lon="103.3568542">
    <ele>468</ele>
   </trkpt>
   <trkpt lat="2.0252283" lon="103.3568503">
    <ele>468</ele>
   </trkpt>
   <trkpt lat="2.0252011" lon="103.3568328">
    <ele>469</ele>
   </trkpt>
   <trkpt lat="2.0251887" lon="103.3568279">
    <ele>469</ele>
   </trkpt>
   <trkpt lat="2.0251763" lon="103.3568233">
    <ele>469</ele>
   </trkpt>
   <trkpt lat="2.0251639" lon="103.3568186">
    <ele>469</ele>
   </trkpt>
   <trkpt lat="2.0251247" lon="103.3568173">
    <ele>469</ele>
   </trkpt>
   <trkpt lat="2.0251126" lon="103.3568214">
    <ele>468</ele>
   </trkpt>
   <trkpt lat="2.0251005" lon="103.3568255">
    <ele>468</ele>
   </trkpt>
   <trkpt lat="2.0250884" lon="103.3568298">
    <ele>468</ele>
   </trkpt>
   <trkpt lat="2.0250571" lon="103.3568508">
    <ele>468</ele>
   </trkpt>
   <trkpt lat="2.0250487" lon="103.3568582">
    <ele>468</ele>
   </trkpt>
   <trkpt lat="2.0250404" lon="103.3568656">
    <ele>468</ele>
   </trkpt>
   <trkpt lat="2.0250320" lon="103.3568729">
    <ele>468</ele>
   </trkpt>
   <trkpt lat="2.0250089" lon="103.3568951">
    <ele>468</ele>
   </trkpt>
   <trkpt lat="2.0250026" lon="103.3569028">
    <ele>467</ele>
   </trkpt>
   <trkpt lat="2.0249963" lon="103.3569105">
    <ele>467</ele>
   </trkpt>
   <trkpt lat="2.0249900" lon="103.3569182">
    <ele>467</ele>
   </trkpt>
   <trkpt lat="2.0249676" lon="103.3569352">
    <ele>467</ele>
   </trkpt>
   <trkpt lat="2.0249573" lon="103.3569376">
    <ele>466</ele>
   </trkpt>
   <trkpt lat="2.0249470" lon="103.3569400">
    <ele>466</ele>
   </trkpt>
   <trkpt lat="2.0249367" lon="103.3569424">
    <ele>466</ele>
   </trkpt>
   <trkpt lat="2.0249020" lon="103.3569415">
    <ele>466</ele>
   </trkpt>
   <trkpt lat="2.0248919" lon="103.3569387">
    <ele>465</ele>
   </trkpt>
   <trkpt lat="2.0248819" lon="103.3569360">
    <ele>465</ele>
   </trkpt>
   <trkpt lat="2.0248719" lon="103.3569333">
    <ele>465</ele>
   </trkpt>
   <trkpt lat="2.0248471" lon="103.3569265">
    <ele>465</ele>
   </trkpt>
   <trkpt lat="2.0248389" lon="103.3569246">
    <ele>464</ele>
   </trkpt>
   <trkpt lat="2.0248307" lon="103.3569230">
    <ele>464</ele>
   </trkpt>
   <trkpt lat="2.0248225" lon="103.3569213">
    <ele>464</ele>
   </trkpt>
   <trkpt lat="2.0247994" lon="103.3569108">
    <ele>464</ele>
   </trkpt>
   <trkpt lat="2.0247925" lon="103.3569063">
    <ele>463</ele>
   </trkpt>
   <trkpt lat="2.0247856" lon="103.3569019">
    <ele>463</ele>
   </trkpt>
   <trkpt lat="2.0247787" lon="103.3568975">
    <ele>463</ele>
   </trkpt>
   <trkpt lat="2.0247518" lon="103.3568800">
    <ele>463</ele>
   </trkpt>
   <trkpt lat="2.0247425" lon="103.3568747">
    <ele>462</ele>
   </trkpt>
   <trkpt lat="2.0247333" lon="103.3568693">
    <ele>462</ele>
   </trkpt>
   <trkpt lat="2.0247240" lon="103.3568641">
    <ele>462</ele>
   </trkpt>
   <trkpt lat="2.0247027" lon="103.3568534">
    <ele>462</ele>
   </trkpt>
   <trkpt lat="2.0246951" lon="103.3568522">
    <ele>461</ele>
   </trkpt>
   <trkpt lat="2.0246875" lon="103.3568511">
    <ele>461</ele>
   </trkpt>
   <trkpt lat="2.0246800" lon="103.3568500">
    <ele>460</ele>
   </trkpt>
   <trkpt lat="2.0246529" lon="103.3568497">
    <ele>460</ele>
   </trkpt>
   <trkpt lat="2.0246432" lon="103.3568491">
    <ele>459</ele>
   </trkpt>
   <trkpt lat="2.0246335" lon="103.3568485">
    <ele>459</ele>
   </trkpt>
   <trkpt lat="2.0246239" lon="103.3568479">
    <ele>459</ele>
   </trkpt>
   <trkpt lat="2.0245975" lon="103.3568454">
    <ele>459</ele>
   </trkpt>
   <trkpt lat="2.0245898" lon="103.3568453">
    <ele>458</ele>
   </trkpt>
   <trkpt lat="2.0245821" lon="103.3568452">
    <ele>458</ele>
   </trkpt>
   <trkpt lat="2.0245745" lon="103.3568451">
    <ele>458</ele>
   </trkpt>
   <trkpt lat="2.0245483" lon="103.3568448">
    <ele>458</ele>
   </trkpt>
   <trkpt lat="2.0245405" lon="103.3568455">
    <ele>457</ele>
   </trkpt>
   <trkpt lat="2.0245327" lon="103.3568463">
    <ele>457</ele>
   </trkpt>
   <trkpt lat="2.0245250" lon="103.3568471">
    <ele>457</ele>
   </trkpt>
   <trkpt lat="2.0245050" lon="103.3568508">
    <ele>457</ele>
   </trkpt>
   <trkpt lat="2.0244992" lon="103.3568516">
    <ele>456</ele>
   </trkpt>
   <trkpt lat="2.0244934" lon="103.3568523">
    <ele>456</ele>
   </trkpt>
   <trkpt lat="2.0244877" lon="103.3568532">
    <ele>456</ele>
   </trkpt>
   <trkpt lat="2.0244730" lon="103.3568614">
    <ele>456</ele>
   </trkpt>
   <trkpt lat="2.0244696" lon="103.3568688">
    <ele>456</ele>
   </trkpt>
   <trkpt lat="2.0244663" lon="103.3568760">
    <ele>456</ele>
   </trkpt>
   <trkpt lat="2.0244630" lon="103.3568834">
    <ele>456</ele>
   </trkpt>
   <trkpt lat="2.0244577" lon="103.3569249">
    <ele>456</ele>
   </trkpt>
   <trkpt lat="2.0244573" lon="103.3569435">
    <ele>456</ele>
   </trkpt>
   <trkpt lat="2.0244569" lon="103.3569623">
    <ele>456</ele>
   </trkpt>
   <trkpt lat="2.0244566" lon="103.3569811">
    <ele>456</ele>
   </trkpt>
   <trkpt lat="2.0244531" lon="103.3570405">
    <ele>456</ele>
   </trkpt>
   <trkpt lat="2.0244491" lon="103.3570593">
    <ele>456</ele>
   </trkpt>
   <trkpt lat="2.0244452" lon="103.3570781">
    <ele>456</ele>
   </trkpt>
   <trkpt lat="2.0244413" lon="103.3570969">
    <ele>456</ele>
   </trkpt>
   <trkpt lat="2.0244218" lon="103.3571508">
    <ele>456</ele>
   </trkpt>
   <trkpt lat="2.0244114" lon="103.3571657">
    <ele>456</ele>
   </trkpt>
   <trkpt lat="2.0244011" lon="103.3571806">
    <ele>456</ele>
   </trkpt>
   <trkpt lat="2.0243909" lon="103.3571955">
    <ele>456</ele>
   </trkpt>
   <trkpt lat="2.0243536" lon="103.3572258">
    <ele>456</ele>
   </trkpt>
   <trkpt lat="2.0243405" lon="103.3572335">
    <ele>455</ele>
   </trkpt>
   <trkpt lat="2.0243275" lon="103.3572413">
    <ele>455</ele>
   </trkpt>
   <trkpt lat="2.0243145" lon="103.3572491">
    <ele>455</ele>
   </trkpt>
   <trkpt lat="2.0242832" lon="103.3572760">
    <ele>455</ele>
   </trkpt>
   <trkpt lat="2.0242745" lon="103.3572872">
    <ele>454</ele>
   </trkpt>
   <trkpt lat="2.0242657" lon="103.3572984">
    <ele>454</ele>
   </trkpt>
   <trkpt lat="2.0242572" lon="103.3573095">
    <ele>454</ele>
   </trkpt>
   <trkpt lat="2.0242353" lon="103.3573528">
    <ele>454</ele>
   </trkpt>
   <trkpt lat="2.0242287" lon="103.3573686">
    <ele>453</ele>
   </trkpt>
   <trkpt lat="2.0242220" lon="103.3573845">
    <ele>453</ele>
   </trkpt>
   <trkpt lat="2.0242155" lon="103.3574004">
    <ele>453</ele>
   </trkpt>
   <trkpt lat="2.0241929" lon="103.3574445">
    <ele>453</ele>
   </trkpt>
   <trkpt lat="2.0241859" lon="103.3574581">
    <ele>452</ele>
   </trkpt>
   <trkpt lat="2.0241789" lon="103.3574716">
    <ele>452</ele>
   </trkpt>
   <trkpt lat="2.0241718" lon="103.3574852">
    <ele>451</ele>
   </trkpt>
   <trkpt lat="2.0241537" lon="103.3575223">
    <ele>451</ele>
   </trkpt>
   <trkpt lat="2.0241469" lon="103.3575347">
    <ele>450</ele>
   </trkpt>
   <trkpt lat="2.0241402" lon="103.3575471">
    <ele>450</ele>
   </trkpt>
   <trkpt lat="2.0241335" lon="103.3575596">
    <ele>450</ele>
   </trkpt>
   <trkpt lat="2.0241170" lon="103.3575945">
    <ele>450</ele>
   </trkpt>
   <trkpt lat="2.0241130" lon="103.3576063">
    <ele>449</ele>
   </trkpt>
   <trkpt lat="2.0241090" lon="103.3576182">
    <ele>449</ele>
   </trkpt>
   <trkpt lat="2.0241051" lon="103.3576301">
    <ele>448</ele>
   </trkpt>
   <trkpt lat="2.0240930" lon="103.3576649">
    <ele>448</ele>
   </trkpt>
   <trkpt lat="2.0240871" lon="103.3576755">
    <ele>447</ele>
   </trkpt>
   <trkpt lat="2.0240812" lon="103.3576862">
    <ele>447</ele>
   </trkpt>
   <trkpt lat="2.0240754" lon="103.3576968">
    <ele>446</ele>
   </trkpt>
   <trkpt lat="2.0240562" lon="103.3577221">
    <ele>446</ele>
   </trkpt>
   <trkpt lat="2.0240493" lon="103.3577256">
    <ele>445</ele>
   </trkpt>
   <trkpt lat="2.0240423" lon="103.3577292">
    <ele>445</ele>
   </trkpt>
   <trkpt lat="2.0240353" lon="103.3577327">
    <ele>444</ele>
   </trkpt>
   <trkpt lat="2.0240090" lon="103.3577289">
    <ele>444</ele>
   </trkpt>
   <trkpt lat="2.0239988" lon="103.3577271">
    <ele>443</ele>
   </trkpt>
   <trkpt lat="2.0239886" lon="103.3577254">
    <ele>443</ele>
   </trkpt>
   <trkpt lat="2.0239784" lon="103.3577236">
    <ele>442</ele>
   </trkpt>
   <trkpt lat="2.0239439" lon="103.3577222">
    <ele>442</ele>
   </trkpt>
   <trkpt lat="2.0239298" lon="103.3577235">
    <ele>441</ele>
   </trkpt>
   <trkpt lat="2.0239158" lon="103.3577248">
    <ele>441</ele>
   </trkpt>
   <trkpt lat="2.0239018" lon="103.3577260">
    <ele>440</ele>
   </trkpt>
   <trkpt lat="2.0238562" lon="103.3577298">
    <ele>440</ele>
   </trkpt>
   <trkpt lat="2.0238413" lon="103.3577304">
    <ele>439</ele>
   </trkpt>
   <trkpt lat="2.0238264" lon="103.3577311">
    <ele>439</ele>
   </trkpt>
   <trkpt lat="2.0238115" lon="103.3577318">
    <ele>438</ele>
   </trkpt>
   <trkpt lat="2.0237710" lon="103.3577306">
    <ele>438</ele>
   </trkpt>
   <trkpt lat="2.0237584" lon="103.3577302">
    <ele>437</ele>
   </trkpt>
   <trkpt lat="2.0237458" lon="103.3577298">
    <ele>437</ele>
   </trkpt>
   <trkpt lat="2.0237332" lon="103.3577294">
    <ele>436</ele>
   </trkpt>
   <trkpt lat="2.0237007" lon="103.3577320">
    <ele>436</ele>
   </trkpt>
   <trkpt lat="2.0236911" lon="103.3577311">
    <ele>435</ele>
   </trkpt>
   <trkpt lat="2.0236816" lon="103.3577303">
    <ele>435</ele>
   </trkpt>
   <trkpt lat="2.0236721" lon="103.3577295">
    <ele>435</ele>
   </trkpt>
   <trkpt lat="2.0236450" lon="103.3577284">
    <ele>435</ele>
   </trkpt>
   <trkpt lat="2.0236370" lon="103.3577312">
    <ele>434</ele>
   </trkpt>
   <trkpt lat="2.0236291" lon="103.3577339">
    <ele>434</ele>
   </trkpt>
   <trkpt lat="2.0236212" lon="103.3577366">
    <ele>434</ele>
   </trkpt>
   <trkpt lat="2.0235975" lon="103.3577504">
    <ele>434</ele>
   </trkpt>
   <trkpt lat="2.0235897" lon="103.3577544">
    <ele>433</ele>
   </trkpt>
   <trkpt lat="2.0235819" lon="103.3577584">
    <ele>433</ele>
   </trkpt>
   <trkpt lat="2.0235741" lon="103.3577624">
    <ele>432</ele>
   </trkpt>
   <trkpt lat="2.0235474" lon="103.3577660">
    <ele>432</ele>
   </trkpt>
   <trkpt lat="2.0235374" lon="103.3577664">
    <ele>431</ele>
   </trkpt>
   <trkpt lat="2.0235274" lon="103.3577667">
    <ele>431</ele>
   </trkpt>
   <trkpt lat="2.0235175" lon="103.3577672">
    <ele>431</ele>
   </trkpt>
   <trkpt lat="2.0234838" lon="103.3577734">
    <ele>431</ele>
   </trkpt>
   <trkpt lat="2.0234742" lon="103.3577768">
    <ele>430</ele>
   </trkpt>
   <trkpt lat="2.0234647" lon="103.3577801">
    <ele>430</ele>
   </trkpt>
   <trkpt lat="2.0234552" lon="103.3577836">
    <ele>429</ele>
   </trkpt>
   <trkpt lat="2.0234300" lon="103.3578102">
    <ele>429</ele>
   </trkpt>
   <trkpt lat="2.0234219" lon="103.3578208">
    <ele>428</ele>
   </trkpt>
   <trkpt lat="2.0234138" lon="103.3578317">
    <ele>428</ele>
   </trkpt>
   <trkpt lat="2.0234057" lon="103.3578425">
    <ele>427</ele>
   </trkpt>
   <trkpt lat="2.0233805" lon="103.3578739">
    <ele>427</ele>
   </trkpt>
   <trkpt lat="2.0233717" lon="103.3578846">
    <ele>426</ele>
   </trkpt>
   <trkpt lat="2.0233629" lon="103.3578954">
    <ele>426</ele>
   </trkpt>
   <trkpt lat="2.0233543" lon="103.3579062">
    <ele>425</ele>
   </trkpt>
   <trkpt lat="2.0233313" lon="103.3579350">
    <ele>425</ele>
   </trkpt>
   <trkpt lat="2.0233252" lon="103.3579421">
    <ele>424</ele>
   </trkpt>
   <trkpt lat="2.0233192" lon="103.3579491">
    <ele>424</ele>
   </trkpt>
   <trkpt lat="2.0233132" lon="103.3579564">
    <ele>423</ele>
   </trkpt>
   <trkpt lat="2.0232917" lon="103.3579701">
    <ele>423</ele>
   </trkpt>
   <trkpt lat="2.0232834" lon="103.3579716">
    <ele>422</ele>
   </trkpt>
   <trkpt lat="2.0232752" lon="103.3579734">
    <ele>422</ele>
   </trkpt>
   <trkpt lat="2.0232670" lon="103.3579751">
    <ele>422</ele>
   </trkpt>
   <trkpt lat="2.0232393" lon="103.3579692">
    <ele>422</ele>
   </trkpt>
   <trkpt lat="2.0232287" lon="103.3579679">
    <ele>421</ele>
   </trkpt>
   <trkpt lat="2.0232180" lon="103.3579666">
    <ele>421</ele>
   </trkpt>
   <trkpt lat="2.0232075" lon="103.3579654">
    <ele>420</ele>
   </trkpt>
   <trkpt lat="2.0231682" lon="103.3579644">
    <ele>420</ele>
   </trkpt>
   <trkpt lat="2.0231535" lon="103.3579666">
    <ele>419</ele>
   </trkpt>
   <trkpt lat="2.0231388" lon="103.3579689">
    <ele>419</ele>
   </trkpt>
   <trkpt lat="2.0231241" lon="103.3579712">
    <ele>418</ele>
   </trkpt>
   <trkpt lat="2.0231124" lon="103.3579762">
    <ele>418</ele>
   </trkpt>
   <trkpt lat="2.0231007" lon="103.3579813">
    <ele>417</ele>
   </trkpt>
   <trkpt lat="2.0230890" lon="103.3579864">
    <ele>417</ele>
   </trkpt>
   <trkpt lat="2.0230623" lon="103.3580049">
    <ele>417</ele>
   </trkpt>
   <trkpt lat="2.0230537" lon="103.3580116">
    <ele>417</ele>
   </trkpt>
   <trkpt lat="2.0230451" lon="103.3580183">
    <ele>416</ele>
   </trkpt>
   <trkpt lat="2.0230366" lon="103.3580251">
    <ele>416</ele>
   </trkpt>
   <trkpt lat="2.0230046" lon="103.3580487">
    <ele>415</ele>
   </trkpt>
   <trkpt lat="2.0229935" lon="103.3580568">
    <ele>415</ele>
   </trkpt>
   <trkpt lat="2.0229824" lon="103.3580649">
    <ele>414</ele>
   </trkpt>
   <trkpt lat="2.0229713" lon="103.3580730">
    <ele>414</ele>
   </trkpt>
   <trkpt lat="2.0229385" lon="103.3580951">
    <ele>413</ele>
   </trkpt>
   <trkpt lat="2.0229274" lon="103.3581016">
    <ele>413</ele>
   </trkpt>
   <trkpt lat="2.0229162" lon="103.3581080">
    <ele>412</ele>
   </trkpt>
   <trkpt lat="2.0229051" lon="103.3581144">
    <ele>412</ele>
   </trkpt>
   <trkpt lat="2.0228725" lon="103.3581340">
    <ele>411</ele>
   </trkpt>
   <trkpt lat="2.0228619" lon="103.3581416">
    <ele>411</ele>
   </trkpt>
   <trkpt lat="2.0228513" lon="103.3581492">
    <ele>410</ele>
   </trkpt>
   <trkpt lat="2.0228407" lon="103.3581568">
    <ele>410</ele>
   </trkpt>
   <trkpt lat="2.0228090" lon="103.3581834">
    <ele>409</ele>
   </trkpt>
   <trkpt lat="2.0228009" lon="103.3581933">
    <ele>409</ele>
   </trkpt>
   <trkpt lat="2.0227928" lon="103.3582032">
    <ele>408</ele>
   </trkpt>
   <trkpt lat="2.0227848" lon="103.3582132">
    <ele>408</ele>
   </trkpt>
   <trkpt lat="2.0227671" lon="103.3582368">
    <ele>407</ele>
   </trkpt>
   <trkpt lat="2.0227603" lon="103.3582416">
    <ele>407</ele>
   </trkpt>
   <trkpt lat="2.0227536" lon="103.3582464">
    <ele>406</ele>
   </trkpt>
   <trkpt lat="2.0227469" lon="103.3582512">
    <ele>406</ele>
   </trkpt>
   <trkpt lat="2.0227192" lon="103.3582643">
    <ele>405</ele>
   </trkpt>
   <trkpt lat="2.0227076" lon="103.3582708">
    <ele>405</ele>
   </trkpt>
   <trkpt lat="2.0226961" lon="103.3582773">
    <ele>404</ele>
   </trkpt>
   <trkpt lat="2.0226846" lon="103.3582838">
    <ele>404</ele>
   </trkpt>
   <trkpt lat="2.0226581" lon="103.3582991">
    <ele>403</ele>
   </trkpt>
   <trkpt lat="2.0226513" lon="103.3583027">
    <ele>403</ele>
   </trkpt>
   <trkpt lat="2.0226446" lon="103.3583064">
    <ele>402</ele>
   </trkpt>
   <trkpt lat="2.0226379" lon="103.3583101">
    <ele>402</ele>
   </trkpt>
   <trkpt lat="2.0226103" lon="103.3583221">
    <ele>402</ele>
   </trkpt>
   <trkpt lat="2.0225975" lon="103.3583260">
    <ele>402</ele>
   </trkpt>
   <trkpt lat="2.0225848" lon="103.3583299">
    <ele>401</ele>
   </trkpt>
   <trkpt lat="2.0225721" lon="103.3583338">
    <ele>401</ele>
   </trkpt>
   <trkpt lat="2.0225312" lon="103.3583428">
    <ele>400</ele>
   </trkpt>
   <trkpt lat="2.0225190" lon="103.3583443">
    <ele>400</ele>
   </trkpt>
   <trkpt lat="2.0225068" lon="103.3583460">
    <ele>399</ele>
   </trkpt>
   <trkpt lat="2.0224946" lon="103.3583477">
    <ele>399</ele>
   </trkpt>
   <trkpt lat="2.0224667" lon="103.3583531">
    <ele>398</ele>
   </trkpt>
   <trkpt lat="2.0224583" lon="103.3583548">
    <ele>398</ele>
   </trkpt>
   <trkpt lat="2.0224498" lon="103.3583565">
    <ele>397</ele>
   </trkpt>
   <trkpt lat="2.0224416" lon="103.3583582">
    <ele>397</ele>
   </trkpt>
   <trkpt lat="2.0224219" lon="103.3583400">
    <ele>397</ele>
   </trkpt>
   <trkpt lat="2.0224201" lon="103.3583258">
    <ele>397</ele>
   </trkpt>
   <trkpt lat="2.0224183" lon="103.3583117">
    <ele>396</ele>
   </trkpt>
   <trkpt lat="2.0224166" lon="103.3582976">
    <ele>396</ele>
   </trkpt>
   <trkpt lat="2.0224194" lon="103.3582477">
    <ele>396</ele>
   </trkpt>
   <trkpt lat="2.0224196" lon="103.3582294">
    <ele>396</ele>
   </trkpt>
   <trkpt lat="2.0224198" lon="103.3582111">
    <ele>395</ele>
   </trkpt>
   <trkpt lat="2.0224201" lon="103.3581929">
    <ele>395</ele>
   </trkpt>
   <trkpt lat="2.0224152" lon="103.3581361">
    <ele>395</ele>
   </trkpt>
   <trkpt lat="2.0224137" lon="103.3581174">
    <ele>395</ele>
   </trkpt>
   <trkpt lat="2.0224122" lon="103.3580987">
    <ele>394</ele>
   </trkpt>
   <trkpt lat="2.0224107" lon="103.3580802">
    <ele>394</ele>
   </trkpt>
   <trkpt lat="2.0224093" lon="103.3580233">
    <ele>394</ele>
   </trkpt>
   <trkpt lat="2.0224098" lon="103.3580042">
    <ele>394</ele>
   </trkpt>
   <trkpt lat="2.0224103" lon="103.3579852">
    <ele>394</ele>
   </trkpt>
   <trkpt lat="2.0224109" lon="103.3579662">
    <ele>394</ele>
   </trkpt>
   <trkpt lat="2.0224172" lon="103.3579168">
    <ele>394</ele>
   </trkpt>
   <trkpt lat="2.0224232" lon="103.3579025">
    <ele>394</ele>
   </trkpt>
   <trkpt lat="2.0224294" lon="103.3578882">
    <ele>394</ele>
   </trkpt>
   <trkpt lat="2.0224355" lon="103.3578740">
    <ele>394</ele>
   </trkpt>
   <trkpt lat="2.0224606" lon="103.3578305">
    <ele>394</ele>
   </trkpt>
   <trkpt lat="2.0224678" lon="103.3578150">
    <ele>394</ele>
   </trkpt>
   <trkpt lat="2.0224750" lon="103.3577996">
    <ele>394</ele>
   </trkpt>
   <trkpt lat="2.0224821" lon="103.3577842">
    <ele>394</ele>
   </trkpt>
   <trkpt lat="2.0225019" lon="103.3577329">
    <ele>394</ele>
   </trkpt>
   <trkpt lat="2.0225078" lon="103.3577148">
    <ele>395</ele>
   </trkpt>
   <trkpt lat="2.0225137" lon="103.3576967">
    <ele>395</ele>
   </trkpt>
   <trkpt lat="2.0225196" lon="103.3576786">
    <ele>395</ele>
   </trkpt>
   <trkpt lat="2.0225323" lon="103.3576231">
    <ele>395</ele>
   </trkpt>
   <trkpt lat="2.0225368" lon="103.3576038">
    <ele>395</ele>
   </trkpt>
   <trkpt lat="2.0225413" lon="103.3575846">
    <ele>395</ele>
   </trkpt>
   <trkpt lat="2.0225458" lon="103.3575654">
    <ele>395</ele>
   </trkpt>
   <trkpt lat="2.0225644" lon="103.3575114">
    <ele>395</ele>
   </trkpt>
   <trkpt lat="2.0225719" lon="103.3574961">
    <ele>395</ele>
   </trkpt>
   <trkpt lat="2.0225794" lon="103.3574809">
    <ele>394</ele>
   </trkpt>
   <trkpt lat="2.0225869" lon="103.3574657">
    <ele>394</ele>
   </trkpt>
   <trkpt lat="2.0226048" lon="103.3574225">
    <ele>394</ele>
   </trkpt>
   <trkpt lat="2.0226077" lon="103.3574082">
    <ele>394</ele>
   </trkpt>
   <trkpt lat="2.0226106" lon="103.3573940">
    <ele>394</ele>
   </trkpt>
   <trkpt lat="2.0226135" lon="103.3573798">
    <ele>394</ele>
   </trkpt>
   <trkpt lat="2.0226172" lon="103.3573329">
    <ele>394</ele>
   </trkpt>
   <trkpt lat="2.0226187" lon="103.3573170">
    <ele>394</ele>
   </trkpt>
   <trkpt lat="2.0226202" lon="103.3573011">
    <ele>393</ele>
   </trkpt>
   <trkpt lat="2.0226218" lon="103.3572852">
    <ele>393</ele>
   </trkpt>
   <trkpt lat="2.0226280" lon="103.3572471">
    <ele>393</ele>
   </trkpt>
   <trkpt lat="2.0226296" lon="103.3572373">
    <ele>393</ele>
   </trkpt>
   <trkpt lat="2.0226313" lon="103.3572276">
    <ele>392</ele>
   </trkpt>
   <trkpt lat="2.0226330" lon="103.3572179">
    <ele>392</ele>
   </trkpt>
   <trkpt lat="2.0226316" lon="103.3571907">
    <ele>391</ele>
   </trkpt>
   <trkpt lat="2.0226284" lon="103.3571818">
    <ele>391</ele>
   </trkpt>
   <trkpt lat="2.0226251" lon="103.3571729">
    <ele>390</ele>
   </trkpt>
   <trkpt lat="2.0226219" lon="103.3571641">
    <ele>390</ele>
   </trkpt>
   <trkpt lat="2.0226029" lon="103.3571390">
    <ele>390</ele>
   </trkpt>
   <trkpt lat="2.0225961" lon="103.3571299">
    <ele>390</ele>
   </trkpt>
   <trkpt lat="2.0225893" lon="103.3571208">
    <ele>389</ele>
   </trkpt>
   <trkpt lat="2.0225825" lon="103.3571118">
    <ele>389</ele>
   </trkpt>
   <trkpt lat="2.0225601" lon="103.3570841">
    <ele>388</ele>
   </trkpt>
   <trkpt lat="2.0225488" lon="103.3570748">
    <ele>388</ele>
   </trkpt>
   <trkpt lat="2.0225375" lon="103.3570656">
    <ele>387</ele>
   </trkpt>
   <trkpt lat="2.0225262" lon="103.3570564">
    <ele>387</ele>
   </trkpt>
   <trkpt lat="2.0224859" lon="103.3570278">
    <ele>386</ele>
   </trkpt>
   <trkpt lat="2.0224722" lon="103.3570185">
    <ele>386</ele>
   </trkpt>
   <trkpt lat="2.0224585" lon="103.3570093">
    <ele>385</ele>
   </trkpt>
   <trkpt lat="2.0224448" lon="103.3570000">
    <ele>385</ele>
   </trkpt>
   <trkpt lat="2.0224081" lon="103.3569687">
    <ele>384</ele>
   </trkpt>
   <trkpt lat="2.0223958" lon="103.3569571">
    <ele>384</ele>
   </trkpt>
   <trkpt lat="2.0223835" lon="103.3569455">
    <ele>383</ele>
   </trkpt>
   <trkpt lat="2.0223711" lon="103.3569340">
    <ele>383</ele>
   </trkpt>
   <trkpt lat="2.0223330" lon="103.3568994">
    <ele>383</ele>
   </trkpt>
   <trkpt lat="2.0223184" lon="103.3568866">
    <ele>383</ele>
   </trkpt>
   <trkpt lat="2.0223038" lon="103.3568738">
    <ele>382</ele>
   </trkpt>
   <trkpt lat="2.0222893" lon="103.3568610">
    <ele>382</ele>
   </trkpt>
   <trkpt lat="2.0222391" lon="103.3568212">
    <ele>382</ele>
   </trkpt>
   <trkpt lat="2.0222221" lon="103.3568099">
    <ele>382</ele>
   </trkpt>
   <trkpt lat="2.0222051" lon="103.3567987">
    <ele>381</ele>
   </trkpt>
   <trkpt lat="2.0221881" lon="103.3567875">
    <ele>381</ele>
   </trkpt>
   <trkpt lat="2.0221398" lon="103.3567576">
    <ele>381</ele>
   </trkpt>
   <trkpt lat="2.0221228" lon="103.3567481">
    <ele>381</ele>
   </trkpt>
   <trkpt lat="2.0221059" lon="103.3567386">
    <ele>380</ele>
   </trkpt>
   <trkpt lat="2.0220889" lon="103.3567292">
    <ele>380</ele>
   </trkpt>
   <trkpt lat="2.0220424" lon="103.3567000">
    <ele>379</ele>
   </trkpt>
   <trkpt lat="2.0220284" lon="103.3566890">
    <ele>379</ele>
   </trkpt>
   <trkpt lat="2.0220146" lon="103.3566780">
    <ele>378</ele>
   </trkpt>
   <trkpt lat="2.0220007" lon="103.3566670">
    <ele>378</ele>
   </trkpt>
   <trkpt lat="2.0219542" lon="103.3566264">
    <ele>378</ele>
   </trkpt>
   <trkpt lat="2.0219378" lon="103.3566110">
    <ele>378</ele>
   </trkpt>
   <trkpt lat="2.0219214" lon="103.3565957">
    <ele>377</ele>
   </trkpt>
   <trkpt lat="2.0219051" lon="103.3565804">
    <ele>377</ele>
   </trkpt>
   <trkpt lat="2.0218579" lon="103.3565320">
    <ele>377</ele>
   </trkpt>
   <trkpt lat="2.0218441" lon="103.3565144">
    <ele>377</ele>
   </trkpt>
   <trkpt lat="2.0218303" lon="103.3564969">
    <ele>377</ele>
   </trkpt>
   <trkpt lat="2.0218165" lon="103.3564794">
    <ele>377</ele>
   </trkpt>
   <trkpt lat="2.0217835" lon="103.3564285">
    <ele>377</ele>
   </trkpt>
   <trkpt lat="2.0217727" lon="103.3564129">
    <ele>377</ele>
   </trkpt>
   <trkpt lat="2.0217619" lon="103.3563973">
    <ele>376</ele>
   </trkpt>
   <trkpt lat="2.0217512" lon="103.3563817">
    <ele>376</ele>
   </trkpt>
   <trkpt lat="2.0217151" lon="103.3563401">
    <ele>376</ele>
   </trkpt>
   <trkpt lat="2.0217022" lon="103.3563278">
    <ele>376</ele>
   </trkpt>
   <trkpt lat="2.0216892" lon="103.3563154">
    <ele>376</ele>
   </trkpt>
   <trkpt lat="2.0216764" lon="103.3563032">
    <ele>376</ele>
   </trkpt>
   <trkpt lat="2.0216423" lon="103.3562740">
    <ele>376</ele>
   </trkpt>
   <trkpt lat="2.0216343" lon="103.3562684">
    <ele>376</ele>
   </trkpt>
   <trkpt lat="2.0216263" lon="103.3562628">
    <ele>375</ele>
   </trkpt>
   <trkpt lat="2.0216184" lon="103.3562572">
    <ele>375</ele>
   </trkpt>
   <trkpt lat="2.0215987" lon="103.3562448">
    <ele>375</ele>
   </trkpt>
   <trkpt lat="2.0215915" lon="103.3562403">
    <ele>375</ele>
   </trkpt>
   <trkpt lat="2.0215844" lon="103.3562357">
    <ele>375</ele>
   </trkpt>
   <trkpt lat="2.0215773" lon="103.3562313">
    <ele>375</ele>
   </trkpt>
   <trkpt lat="2.0215637" lon="103.3562128">
    <ele>375</ele>
   </trkpt>
   <trkpt lat="2.0215632" lon="103.3562059">
    <ele>375</ele>
   </trkpt>
   <trkpt lat="2.0215628" lon="103.3561990">
    <ele>375</ele>
   </trkpt>
   <trkpt lat="2.0215624" lon="103.3561921">
    <ele>375</ele>
   </trkpt>
   <trkpt lat="2.0215712" lon="103.3561717">
    <ele>375</ele>
   </trkpt>
   <trkpt lat="2.0215762" lon="103.3561644">
    <ele>375</ele>
   </trkpt>
   <trkpt lat="2.0215812" lon="103.3561571">
    <ele>375</ele>
   </trkpt>
   <trkpt lat="2.0215862" lon="103.3561498">
    <ele>375</ele>
   </trkpt>
   <trkpt lat="2.0216015" lon="103.3561268">
    <ele>375</ele>
   </trkpt>
   <trkpt lat="2.0216075" lon="103.3561194">
    <ele>375</ele>
   </trkpt>
   <trkpt lat="2.0216135" lon="103.3561120">
    <ele>375</ele>
   </trkpt>
   <trkpt lat="2.0216195" lon="103.3561047">
    <ele>375</ele>
   </trkpt>
   <trkpt lat="2.0216371" lon="103.3560876">
    <ele>375</ele>
   </trkpt>
   <trkpt lat="2.0216435" lon="103.3560833">
    <ele>375</ele>
   </trkpt>
   <trkpt lat="2.0216498" lon="103.3560791">
    <ele>375</ele>
   </trkpt>
   <trkpt lat="2.0216561" lon="103.3560749">
    <ele>375</ele>
   </trkpt>
   <trkpt lat="2.0216802" lon="103.3560604">
    <ele>375</ele>
   </trkpt>
   <trkpt lat="2.0216904" lon="103.3560561">
    <ele>375</ele>
   </trkpt>
   <trkpt lat="2.0217006" lon="103.3560518">
    <ele>374</ele>
   </trkpt>
   <trkpt lat="2.0217110" lon="103.3560475">
    <ele>374</ele>
   </trkpt>
   <trkpt lat="2.0217521" lon="103.3560444">
    <ele>374</ele>
   </trkpt>
   <trkpt lat="2.0217679" lon="103.3560456">
    <ele>374</ele>
   </trkpt>
   <trkpt lat="2.0217839" lon="103.3560468">
    <ele>374</ele>
   </trkpt>
   <trkpt lat="2.0217999" lon="103.3560481">
    <ele>374</ele>
   </trkpt>
   <trkpt lat="2.0218470" lon="103.3560507">
    <ele>374</ele>
   </trkpt>
   <trkpt lat="2.0218626" lon="103.3560505">
    <ele>374</ele>
   </trkpt>
   <trkpt lat="2.0218782" lon="103.3560503">
    <ele>373</ele>
   </trkpt>
   <trkpt lat="2.0218938" lon="103.3560502">
    <ele>373</ele>
   </trkpt>
   <trkpt lat="2.0219417" lon="103.3560508">
    <ele>373</ele>
   </trkpt>
   <trkpt lat="2.0219586" lon="103.3560511">
    <ele>373</ele>
   </trkpt>
   <trkpt lat="2.0219756" lon="103.3560514">
    <ele>373</ele>
   </trkpt>
   <trkpt lat="2.0219926" lon="103.3560518">
    <ele>373</ele>
   </trkpt>
   <trkpt lat="2.0220431" lon="103.3560500">
    <ele>373</ele>
   </trkpt>
   <trkpt lat="2.0220589" lon="103.3560491">
    <ele>373</ele>
   </trkpt>
   <trkpt lat="2.0220747" lon="103.3560483">
    <ele>372</ele>
   </trkpt>
   <trkpt lat="2.0220906" lon="103.3560475">
    <ele>372</ele>
   </trkpt>
   <trkpt lat="2.0221345" lon="103.3560438">
    <ele>372</ele>
   </trkpt>
   <trkpt lat="2.0221491" lon="103.3560417">
    <ele>372</ele>
   </trkpt>
   <trkpt lat="2.0221636" lon="103.3560397">
    <ele>371</ele>
   </trkpt>
   <trkpt lat="2.0221781" lon="103.3560377">
    <ele>371</ele>
   </trkpt>
   <trkpt lat="2.0222254" lon="103.3560276">
    <ele>371</ele>
   </trkpt>
   <trkpt lat="2.0222431" lon="103.3560240">
    <ele>371</ele>
   </trkpt>
   <trkpt lat="2.0222607" lon="103.3560204">
    <ele>370</ele>
   </trkpt>
   <trkpt lat="2.0222783" lon="103.3560169">
    <ele>370</ele>
   </trkpt>
   <trkpt lat="2.0223323" lon="103.3560012">
    <ele>370</ele>
   </trkpt>
   <trkpt lat="2.0223488" lon="103.3559937">
    <ele>370</ele>
   </trkpt>
   <trkpt lat="2.0223653" lon="103.3559864">
    <ele>369</ele>
   </trkpt>
   <trkpt lat="2.0223817" lon="103.3559791">
    <ele>369</ele>
   </trkpt>
   <trkpt lat="2.0224264" lon="103.3559533">
    <ele>369</ele>
   </trkpt>
   <trkpt lat="2.0224401" lon="103.3559437">
    <ele>369</ele>
   </trkpt>
   <trkpt lat="2.0224539" lon="103.3559341">
    <ele>368</ele>
   </trkpt>
   <trkpt lat="2.0224677" lon="103.3559247">
    <ele>368</ele>
   </trkpt>
   <trkpt lat="2.0225038" lon="103.3558971">
    <ele>368</ele>
   </trkpt>
   <trkpt lat="2.0225151" lon="103.3558894">
    <ele>368</ele>
   </trkpt>
   <trkpt lat="2.0225263" lon="103.3558817">
    <ele>367</ele>
   </trkpt>
   <trkpt lat="2.0225375" lon="103.3558740">
    <ele>367</ele>
   </trkpt>
   <trkpt lat="2.0225724" lon="103.3558546">
    <ele>367</ele>
   </trkpt>
   <trkpt lat="2.0225851" lon="103.3558474">
    <ele>367</ele>
   </trkpt>
   <trkpt lat="2.0225977" lon="103.3558402">
    <ele>366</ele>
   </trkpt>
   <trkpt lat="2.0226105" lon="103.3558331">
    <ele>366</ele>
   </trkpt>
   <trkpt lat="2.0226512" lon="103.3558075">
    <ele>366</ele>
   </trkpt>
   <trkpt lat="2.0226646" lon="103.3557984">
    <ele>366</ele>
   </trkpt>
   <trkpt lat="2.0226780" lon="103.3557894">
    <ele>365</ele>
   </trkpt>
   <trkpt lat="2.0226915" lon="103.3557804">
    <ele>365</ele>
   </trkpt>
   <trkpt lat="2.0227297" lon="103.3557514">
    <ele>365</ele>
   </trkpt>
   <trkpt lat="2.0227407" lon="103.3557407">
    <ele>365</ele>
   </trkpt>
   <trkpt lat="2.0227517" lon="103.3557300">
    <ele>364</ele>
   </trkpt>
   <trkpt lat="2.0227627" lon="103.3557194">
    <ele>364</ele>
   </trkpt>
   <trkpt lat="2.0227940" lon="103.3556859">
    <ele>363</ele>
   </trkpt>
   <trkpt lat="2.0228044" lon="103.3556743">
    <ele>363</ele>
   </trkpt>
   <trkpt lat="2.0228148" lon="103.3556628">
    <ele>362</ele>
   </trkpt>
   <trkpt lat="2.0228253" lon="103.3556513">
    <ele>362</ele>
   </trkpt>
   <trkpt lat="2.0228548" lon="103.3556170">
    <ele>362</ele>
   </trkpt>
   <trkpt lat="2.0228653" lon="103.3556074">
    <ele>362</ele>
   </trkpt>
   <trkpt lat="2.0228758" lon="103.3555978">
    <ele>361</ele>
   </trkpt>
   <trkpt lat="2.0228864" lon="103.3555882">
    <ele>361</ele>
   </trkpt>
   <trkpt lat="2.0229196" lon="103.3555614">
    <ele>361</ele>
   </trkpt>
   <trkpt lat="2.0229296" lon="103.3555513">
    <ele>361</ele>
   </trkpt>
   <trkpt lat="2.0229396" lon="103.3555412">
    <ele>360</ele>
   </trkpt>
   <trkpt lat="2.0229497" lon="103.3555310">
    <ele>360</ele>
   </trkpt>
   <trkpt lat="2.0229780" lon="103.3554949">
    <ele>360</ele>
   </trkpt>
   <trkpt lat="2.0229889" lon="103.3554839">
    <ele>360</ele>
   </trkpt>
   <trkpt lat="2.0229998" lon="103.3554729">
    <ele>359</ele>
   </trkpt>
   <trkpt lat="2.0230108" lon="103.3554619">
    <ele>359</ele>
   </trkpt>
   <trkpt lat="2.0230416" lon="103.3554331">
    <ele>358</ele>
   </trkpt>
   <trkpt lat="2.0230497" lon="103.3554238">
    <ele>358</ele>
   </trkpt>
   <trkpt lat="2.0230579" lon="103.3554144">
    <ele>357</ele>
   </trkpt>
   <trkpt lat="2.0230661" lon="103.3554051">
    <ele>357</ele>
   </trkpt>
   <trkpt lat="2.0230926" lon="103.3553719">
    <ele>357</ele>
   </trkpt>
   <trkpt lat="2.0231030" lon="103.3553602">
    <ele>357</ele>
   </trkpt>
   <trkpt lat="2.0231134" lon="103.3553485">
    <ele>356</ele>
   </trkpt>
   <trkpt lat="2.0231239" lon="103.3553369">
    <ele>356</ele>
   </trkpt>
   <trkpt lat="2.0231544" lon="103.3553029">
    <ele>356</ele>
   </trkpt>
   <trkpt lat="2.0231635" lon="103.3552911">
    <ele>356</ele>
   </trkpt>
   <trkpt lat="2.0231726" lon="103.3552794">
    <ele>355</ele>
   </trkpt>
   <trkpt lat="2.0231818" lon="103.3552677">
    <ele>355</ele>
   </trkpt>
   <trkpt lat="2.0232106" lon="103.3552368">
    <ele>354</ele>
   </trkpt>
   <trkpt lat="2.0232198" lon="103.3552282">
    <ele>354</ele>
   </trkpt>
   <trkpt lat="2.0232290" lon="103.3552199">
    <ele>353</ele>
   </trkpt>
   <trkpt lat="2.0232383" lon="103.3552115">
    <ele>353</ele>
   </trkpt>
   <trkpt lat="2.0232605" lon="103.3551953">
    <ele>353</ele>
   </trkpt>
   <trkpt lat="2.0232695" lon="103.3551902">
    <ele>353</ele>
   </trkpt>
   <trkpt lat="2.0232785" lon="103.3551851">
    <ele>352</ele>
   </trkpt>
   <trkpt lat="2.0232876" lon="103.3551802">
    <ele>352</ele>
   </trkpt>
   <trkpt lat="2.0233221" lon="103.3551513">
    <ele>352</ele>
   </trkpt>
   <trkpt lat="2.0233342" lon="103.3551407">
    <ele>352</ele>
   </trkpt>
   <trkpt lat="2.0233463" lon="103.3551301">
    <ele>351</ele>
   </trkpt>
   <trkpt lat="2.0233585" lon="103.3551195">
    <ele>351</ele>
   </trkpt>
   <trkpt lat="2.0233922" lon="103.3550829">
    <ele>350</ele>
   </trkpt>
   <trkpt lat="2.0234035" lon="103.3550705">
    <ele>350</ele>
   </trkpt>
   <trkpt lat="2.0234148" lon="103.3550580">
    <ele>349</ele>
   </trkpt>
   <trkpt lat="2.0234261" lon="103.3550457">
    <ele>349</ele>
   </trkpt>
   <trkpt lat="2.0234640" lon="103.3550154">
    <ele>348</ele>
   </trkpt>
   <trkpt lat="2.0234759" lon="103.3550067">
    <ele>348</ele>
   </trkpt>
   <trkpt lat="2.0234879" lon="103.3549979">
    <ele>347</ele>
   </trkpt>
   <trkpt lat="2.0234999" lon="103.3549892">
    <ele>347</ele>
   </trkpt>
   <trkpt lat="2.0235341" lon="103.3549696">
    <ele>347</ele>
   </trkpt>
   <trkpt lat="2.0235453" lon="103.3549655">
    <ele>347</ele>
   </trkpt>
   <trkpt lat="2.0235565" lon="103.3549613">
    <ele>346</ele>
   </trkpt>
   <trkpt lat="2.0235677" lon="103.3549573">
    <ele>346</ele>
   </trkpt>
   <trkpt lat="2.0236048" lon="103.3549430">
    <ele>346</ele>
   </trkpt>
   <trkpt lat="2.0236179" lon="103.3549384">
    <ele>346</ele>
   </trkpt>
   <trkpt lat="2.0236310" lon="103.3549338">
    <ele>345</ele>
   </trkpt>
   <trkpt lat="2.0236441" lon="103.3549292">
    <ele>345</ele>
   </trkpt>
   <trkpt lat="2.0236840" lon="103.3549177">
    <ele>345</ele>
   </trkpt>
   <trkpt lat="2.0236953" lon="103.3549139">
    <ele>345</ele>
   </trkpt>
   <trkpt lat="2.0237067" lon="103.3549103">
    <ele>344</ele>
   </trkpt>
   <trkpt lat="2.0237181" lon="103.3549067">
    <ele>344</ele>
   </trkpt>
   <trkpt lat="2.0237396" lon="103.3548965">
    <ele>344</ele>
   </trkpt>
   <trkpt lat="2.0237415" lon="103.3548933">
    <ele>344</ele>
   </trkpt>
   <trkpt lat="2.0237435" lon="103.3548901">
    <ele>343</ele>
   </trkpt>
   <trkpt lat="2.0237455" lon="103.3548870">
    <ele>343</ele>
   </trkpt>
   <trkpt lat="2.0237425" lon="103.3548754">
    <ele>342</ele>
   </trkpt>
   <trkpt lat="2.0237394" lon="103.3548695">
    <ele>342</ele>
   </trkpt>
   <trkpt lat="2.0237364" lon="103.3548636">
    <ele>341</ele>
   </trkpt>
   <trkpt lat="2.0237333" lon="103.3548578">
    <ele>341</ele>
   </trkpt>
   <trkpt lat="2.0237176" lon="103.3548327">
    <ele>341</ele>
   </trkpt>
   <trkpt lat="2.0237095" lon="103.3548268">
    <ele>341</ele>
   </trkpt>
   <trkpt lat="2.0237015" lon="103.3548209">
    <ele>340</ele>
   </trkpt>
   <trkpt lat="2.0236934" lon="103.3548150">
    <ele>340</ele>
   </trkpt>
   <trkpt lat="2.0236693" lon="103.3548014">
    <ele>339</ele>
   </trkpt>
   <trkpt lat="2.0236635" lon="103.3547935">
    <ele>339</ele>
   </trkpt>
   <trkpt lat="2.0236578" lon="103.3547856">
    <ele>338</ele>
   </trkpt>
   <trkpt lat="2.0236521" lon="103.3547777">
    <ele>338</ele>
   </trkpt>
   <trkpt lat="2.0236356" lon="103.3547453">
    <ele>338</ele>
   </trkpt>
   <trkpt lat="2.0236293" lon="103.3547341">
    <ele>338</ele>
   </trkpt>
   <trkpt lat="2.0236230" lon="103.3547229">
    <ele>337</ele>
   </trkpt>
   <trkpt lat="2.0236168" lon="103.3547118">
    <ele>337</ele>
   </trkpt>
   <trkpt lat="2.0235996" lon="103.3546824">
    <ele>336</ele>
   </trkpt>
   <trkpt lat="2.0235947" lon="103.3546716">
    <ele>336</ele>
   </trkpt>
   <trkpt lat="2.0235899" lon="103.3546608">
    <ele>335</ele>
   </trkpt>
   <trkpt lat="2.0235851" lon="103.3546500">
    <ele>335</ele>
   </trkpt>
   <trkpt lat="2.0235801" lon="103.3546118">
    <ele>335</ele>
   </trkpt>
   <trkpt lat="2.0235819" lon="103.3545967">
    <ele>335</ele>
   </trkpt>
   <trkpt lat="2.0235838" lon="103.3545817">
    <ele>334</ele>
   </trkpt>
   <trkpt lat="2.0235857" lon="103.3545667">
    <ele>334</ele>
   </trkpt>
   <trkpt lat="2.0235953" lon="103.3545177">
    <ele>334</ele>
   </trkpt>
   <trkpt lat="2.0235992" lon="103.3545009">
    <ele>334</ele>
   </trkpt>
   <trkpt lat="2.0236031" lon="103.3544842">
    <ele>333</ele>
   </trkpt>
   <trkpt lat="2.0236070" lon="103.3544675">
    <ele>333</ele>
   </trkpt>
   <trkpt lat="2.0236223" lon="103.3544256">
    <ele>333</ele>
   </trkpt>
   <trkpt lat="2.0236261" lon="103.3544116">
    <ele>333</ele>
   </trkpt>
   <trkpt lat="2.0236300" lon="103.3543975">
    <ele>332</ele>
   </trkpt>
   <trkpt lat="2.0236339" lon="103.3543835">
    <ele>332</ele>
   </trkpt>
   <trkpt lat="2.0236413" lon="103.3543403">
    <ele>331</ele>
   </trkpt>
   <trkpt lat="2.0236443" lon="103.3543299">
    <ele>331</ele>
   </trkpt>
   <trkpt lat="2.0236473" lon="103.3543195">
    <ele>330</ele>
   </trkpt>
   <trkpt lat="2.0236503" lon="103.3543092">
    <ele>330</ele>
   </trkpt>
   <trkpt lat="2.0236637" lon="103.3542759">
    <ele>330</ele>
   </trkpt>
   <trkpt lat="2.0236692" lon="103.3542614">
    <ele>330</ele>
   </trkpt>
   <trkpt lat="2.0236747" lon="103.3542469">
    <ele>329</ele>
   </trkpt>
   <trkpt lat="2.0236803" lon="103.3542325">
    <ele>329</ele>
   </trkpt>
   <trkpt lat="2.0237027" lon="103.3541881">
    <ele>329</ele>
   </trkpt>
   <trkpt lat="2.0237116" lon="103.3541735">
    <ele>329</ele>
   </trkpt>
   <trkpt lat="2.0237207" lon="103.3541589">
    <ele>328</ele>
   </trkpt>
   <trkpt lat="2.0237298" lon="103.3541443">
    <ele>328</ele>
   </trkpt>
   <trkpt lat="2.0237614" lon="103.3541073">
    <ele>327</ele>
   </trkpt>
   <trkpt lat="2.0237719" lon="103.3540982">
    <ele>327</ele>
   </trkpt>
   <trkpt lat="2.0237824" lon="103.3540891">
    <ele>326</ele>
   </trkpt>
   <trkpt lat="2.0237930" lon="103.3540800">
    <ele>326</ele>
   </trkpt>
   <trkpt lat="2.0238223" lon="103.3540535">
    <ele>326</ele>
   </trkpt>
   <trkpt lat="2.0238328" lon="103.3540445">
    <ele>326</ele>
   </trkpt>
   <trkpt lat="2.0238432" lon="103.3540356">
    <ele>325</ele>
   </trkpt>
   <trkpt lat="2.0238539" lon="103.3540267">
    <ele>325</ele>
   </trkpt>
   <trkpt lat="2.0238883" lon="103.3539935">
    <ele>325</ele>
   </trkpt>
   <trkpt lat="2.0238986" lon="103.3539820">
    <ele>325</ele>
   </trkpt>
   <trkpt lat="2.0239089" lon="103.3539706">
    <ele>324</ele>
   </trkpt>
   <trkpt lat="2.0239192" lon="103.3539592">
    <ele>324</ele>
   </trkpt>
   <trkpt lat="2.0239367" lon="103.3539234">
    <ele>323</ele>
   </trkpt>
   <trkpt lat="2.0239416" lon="103.3539098">
    <ele>323</ele>
   </trkpt>
   <trkpt lat="2.0239465" lon="103.3538962">
    <ele>322</ele>
   </trkpt>
   <trkpt lat="2.0239514" lon="103.3538827">
    <ele>322</ele>
   </trkpt>
   <trkpt lat="2.0239678" lon="103.3538344">
    <ele>322</ele>
   </trkpt>
   <trkpt lat="2.0239746" lon="103.3538173">
    <ele>322</ele>
   </trkpt>
   <trkpt lat="2.0239814" lon="103.3538002">
    <ele>321</ele>
   </trkpt>
   <trkpt lat="2.0239881" lon="103.3537832">
    <ele>321</ele>
   </trkpt>
   <trkpt lat="2.0240082" lon="103.3537314">
    <ele>321</ele>
   </trkpt>
   <trkpt lat="2.0240133" lon="103.3537136">
    <ele>321</ele>
   </trkpt>
   <trkpt lat="2.0240185" lon="103.3536958">
    <ele>320</ele>
   </trkpt>
   <trkpt lat="2.0240237" lon="103.3536780">
    <ele>320</ele>
   </trkpt>
   <trkpt lat="2.0240311" lon="103.3536243">
    <ele>320</ele>
   </trkpt>
   <trkpt lat="2.0240307" lon="103.3536048">
    <ele>320</ele>
   </trkpt>
   <trkpt lat="2.0240303" lon="103.3535855">
    <ele>319</ele>
   </trkpt>
   <trkpt lat="2.0240299" lon="103.3535661">
    <ele>319</ele>
   </trkpt>
   <trkpt lat="2.0240247" lon="103.3535133">
    <ele>318</ele>
   </trkpt>
   <trkpt lat="2.0240234" lon="103.3534977">
    <ele>318</ele>
   </trkpt>
   <trkpt lat="2.0240222" lon="103.3534822">
    <ele>317</ele>
   </trkpt>
   <trkpt lat="2.0240210" lon="103.3534667">
    <ele>317</ele>
   </trkpt>
   <trkpt lat="2.0240170" lon="103.3534322">
    <ele>317</ele>
   </trkpt>
   <trkpt lat="2.0240161" lon="103.3534263">
    <ele>317</ele>
   </trkpt>
   <trkpt lat="2.0240152" lon="103.3534204">
    <ele>316</ele>
   </trkpt>
   <trkpt lat="2.0240143" lon="103.3534145">
    <ele>316</ele>
   </trkpt>
   <trkpt lat="2.0240134" lon="103.3534086">
    <ele>316</ele>
   </trkpt>
   <trkpt lat="2.0240113" lon="103.3534011">
    <ele>315</ele>
   </trkpt>
   <trkpt lat="2.0240132" lon="103.3533920">
    <ele>315</ele>
   </trkpt>
   <trkpt lat="2.0240204" lon="103.3533894">
    <ele>315</ele>
   </trkpt>
   <trkpt lat="2.0240277" lon="103.3533867">
    <ele>314</ele>
   </trkpt>
   <trkpt lat="2.0240350" lon="103.3533841">
    <ele>314</ele>
   </trkpt>
   <trkpt lat="2.0240736" lon="103.3533816">
    <ele>314</ele>
   </trkpt>
   <trkpt lat="2.0240863" lon="103.3533827">
    <ele>314</ele>
   </trkpt>
   <trkpt lat="2.0240990" lon="103.3533839">
    <ele>313</ele>
   </trkpt>
   <trkpt lat="2.0241118" lon="103.3533851">
    <ele>313</ele>
   </trkpt>
   <trkpt lat="2.0241379" lon="103.3533917">
    <ele>312</ele>
   </trkpt>
   <trkpt lat="2.0241401" lon="103.3533941">
    <ele>312</ele>
   </trkpt>
   <trkpt lat="2.0241424" lon="103.3533965">
    <ele>312</ele>
   </trkpt>
   <trkpt lat="2.0241447" lon="103.3533989">
    <ele>312</ele>
   </trkpt>
   <trkpt lat="2.0241401" lon="103.3534041">
    <ele>312</ele>
   </trkpt>
   <trkpt lat="2.0241398" lon="103.3534022">
    <ele>312</ele>
   </trkpt>
   <trkpt lat="2.0241395" lon="103.3534004">
    <ele>311</ele>
   </trkpt>
   <trkpt lat="2.0241393" lon="103.3533986">
    <ele>311</ele>
   </trkpt>
   <trkpt lat="2.0241423" lon="103.3533859">
    <ele>311</ele>
   </trkpt>
   <trkpt lat="2.0241440" lon="103.3533812">
    <ele>311</ele>
   </trkpt>
   <trkpt lat="2.0241457" lon="103.3533765">
    <ele>310</ele>
   </trkpt>
   <trkpt lat="2.0241474" lon="103.3533719">
    <ele>310</ele>
   </trkpt>
   <trkpt lat="2.0241476" lon="103.3533598">
    <ele>310</ele>
   </trkpt>
   <trkpt lat="2.0241474" lon="103.3533564">
    <ele>310</ele>
   </trkpt>
   <trkpt lat="2.0241473" lon="103.3533531">
    <ele>310</ele>
   </trkpt>
   <trkpt lat="2.0241471" lon="103.3533498">
    <ele>310</ele>
   </trkpt>
   <trkpt lat="2.0241633" lon="103.3533401">
    <ele>310</ele>
   </trkpt>
   <trkpt lat="2.0241748" lon="103.3533421">
    <ele>310</ele>
   </trkpt>
   <trkpt lat="2.0241863" lon="103.3533441">
    <ele>309</ele>
   </trkpt>
   <trkpt lat="2.0241978" lon="103.3533462">
    <ele>309</ele>
   </trkpt>
   <trkpt lat="2.0242403" lon="103.3533749">
    <ele>309</ele>
   </trkpt>
   <trkpt lat="2.0242538" lon="103.3533881">
    <ele>309</ele>
   </trkpt>
   <trkpt lat="2.0242674" lon="103.3534013">
    <ele>308</ele>
   </trkpt>
   <trkpt lat="2.0242810" lon="103.3534145">
    <ele>308</ele>
   </trkpt>
   <trkpt lat="2.0243211" lon="103.3534548">
    <ele>307</ele>
   </trkpt>
   <trkpt lat="2.0243361" lon="103.3534658">
    <ele>307</ele>
   </trkpt>
   <trkpt lat="2.0243512" lon="103.3534768">
    <ele>306</ele>
   </trkpt>
   <trkpt lat="2.0243663" lon="103.3534878">
    <ele>306</ele>
   </trkpt>
   <trkpt lat="2.0244140" lon="103.3535139">
    <ele>306</ele>
   </trkpt>
   <trkpt lat="2.0244298" lon="103.3535208">
    <ele>306</ele>
   </trkpt>
   <trkpt lat="2.0244456" lon="103.3535277">
    <ele>305</ele>
   </trkpt>
   <trkpt lat="2.0244614" lon="103.3535347">
    <ele>305</ele>
   </trkpt>
   <trkpt lat="2.0245039" lon="103.3535480">
    <ele>305</ele>
   </trkpt>
   <trkpt lat="2.0245166" lon="103.3535506">
    <ele>305</ele>
   </trkpt>
   <trkpt lat="2.0245294" lon="103.3535533">
    <ele>304</ele>
   </trkpt>
   <trkpt lat="2.0245422" lon="103.3535560">
    <ele>304</ele>
   </trkpt>
   <trkpt lat="2.0245766" lon="103.3535515">
    <ele>303</ele>
   </trkpt>
   <trkpt lat="2.0245843" lon="103.3535448">
    <ele>303</ele>
   </trkpt>
   <trkpt lat="2.0245921" lon="103.3535381">
    <ele>302</ele>
   </trkpt>
   <trkpt lat="2.0245999" lon="103.3535314">
    <ele>302</ele>
   </trkpt>
   <trkpt lat="2.0246092" lon="103.3535059">
    <ele>302</ele>
   </trkpt>
   <trkpt lat="2.0246062" lon="103.3534980">
    <ele>302</ele>
   </trkpt>
   <trkpt lat="2.0246032" lon="103.3534901">
    <ele>301</ele>
   </trkpt>
   <trkpt lat="2.0246002" lon="103.3534822">
    <ele>301</ele>
   </trkpt>
   <trkpt lat="2.0245772" lon="103.3534578">
    <ele>301</ele>
   </trkpt>
   <trkpt lat="2.0245687" lon="103.3534508">
    <ele>301</ele>
   </trkpt>
   <trkpt lat="2.0245601" lon="103.3534437">
    <ele>300</ele>
   </trkpt>
   <trkpt lat="2.0245517" lon="103.3534369">
    <ele>300</ele>
   </trkpt>
   <trkpt lat="2.0245255" lon="103.3534180">
    <ele>300</ele>
   </trkpt>
   <trkpt lat="2.0245171" lon="103.3534096">
    <ele>300</ele>
   </trkpt>
   <trkpt lat="2.0245087" lon="103.3534013">
    <ele>299</ele>
   </trkpt>
   <trkpt lat="2.0245003" lon="103.3533930">
    <ele>299</ele>
   </trkpt>
   <trkpt lat="2.0244835" lon="103.3533566">
    <ele>299</ele>
   </trkpt>
   <trkpt lat="2.0244843" lon="103.3533415">
    <ele>299</ele>
   </trkpt>
   <trkpt lat="2.0244851" lon="103.3533264">
    <ele>298</ele>
   </trkpt>
   <trkpt lat="2.0244859" lon="103.3533113">
    <ele>298</ele>
   </trkpt>
   <trkpt lat="2.0245051" lon="103.3532649">
    <ele>298</ele>
   </trkpt>
   <trkpt lat="2.0245136" lon="103.3532514">
    <ele>298</ele>
   </trkpt>
   <trkpt lat="2.0245222" lon="103.3532379">
    <ele>297</ele>
   </trkpt>
   <trkpt lat="2.0245308" lon="103.3532245">
    <ele>297</ele>
   </trkpt>
   <trkpt lat="2.0245603" lon="103.3531950">
    <ele>296</ele>
   </trkpt>
   <trkpt lat="2.0245704" lon="103.3531875">
    <ele>296</ele>
   </trkpt>
   <trkpt lat="2.0245805" lon="103.3531800">
    <ele>295</ele>
   </trkpt>
   <trkpt lat="2.0245907" lon="103.3531725">
    <ele>295</ele>
   </trkpt>
   <trkpt lat="2.0246204" lon="103.3531613">
    <ele>295</ele>
   </trkpt>
   <trkpt lat="2.0246301" lon="103.3531598">
    <ele>295</ele>
   </trkpt>
   <trkpt lat="2.0246398" lon="103.3531584">
    <ele>294</ele>
   </trkpt>
   <trkpt lat="2.0246496" lon="103.3531570">
    <ele>294</ele>
   </trkpt>
   <trkpt lat="2.0246810" lon="103.3531591">
    <ele>293</ele>
   </trkpt>
   <trkpt lat="2.0246864" lon="103.3531601">
    <ele>293</ele>
   </trkpt>
   <trkpt lat="2.0246918" lon="103.3531610">
    <ele>292</ele>
   </trkpt>
   <trkpt lat="2.0246972" lon="103.3531619">
    <ele>292</ele>
   </trkpt>
   <trkpt lat="2.0247232" lon="103.3531648">
    <ele>292</ele>
   </trkpt>
   <trkpt lat="2.0247315" lon="103.3531634">
    <ele>292</ele>
   </trkpt>
   <trkpt lat="2.0247397" lon="103.3531622">
    <ele>291</ele>
   </trkpt>
   <trkpt lat="2.0247479" lon="103.3531610">
    <ele>291</ele>
   </trkpt>
   <trkpt lat="2.0247771" lon="103.3531624">
    <ele>291</ele>
   </trkpt>
   <trkpt lat="2.0247893" lon="103.3531661">
    <ele>291</ele>
   </trkpt>
   <trkpt lat="2.0248016" lon="103.3531698">
    <ele>290</ele>
   </trkpt>
   <trkpt lat="2.0248139" lon="103.3531735">
    <ele>290</ele>
   </trkpt>
   <trkpt lat="2.0248505" lon="103.3531922">
    <ele>290</ele>
   </trkpt>
   <trkpt lat="2.0248624" lon="103.3532000">
    <ele>290</ele>
   </trkpt>
   <trkpt lat="2.0248745" lon="103.3532079">
    <ele>289</ele>
   </trkpt>
   <trkpt lat="2.0248865" lon="103.3532158">
    <ele>289</ele>
   </trkpt>
   <trkpt lat="2.0249237" lon="103.3532362">
    <ele>289</ele>
   </trkpt>
   <trkpt lat="2.0249366" lon="103.3532414">
    <ele>289</ele>
   </trkpt>
   <trkpt lat="2.0249495" lon="103.3532467">
    <ele>288</ele>
   </trkpt>
   <trkpt lat="2.0249624" lon="103.3532520">
    <ele>288</ele>
   </trkpt>
   <trkpt lat="2.0250012" lon="103.3532657">
    <ele>288</ele>
   </trkpt>
   <trkpt lat="2.0250140" lon="103.3532716">
    <ele>288</ele>
   </trkpt>
   <trkpt lat="2.0250268" lon="103.3532777">
    <ele>287</ele>
   </trkpt>
   <trkpt lat="2.0250397" lon="103.3532837">
    <ele>287</ele>
   </trkpt>
   <trkpt lat="2.0250790" lon="103.3533055">
    <ele>286</ele>
   </trkpt>
   <trkpt lat="2.0250927" lon="103.3533108">
    <ele>286</ele>
   </trkpt>
   <trkpt lat="2.0251065" lon="103.3533161">
    <ele>285</ele>
   </trkpt>
   <trkpt lat="2.0251203" lon="103.3533214">
    <ele>285</ele>
   </trkpt>
   <trkpt lat="2.0251624" lon="103.3533266">
    <ele>284</ele>
   </trkpt>
   <trkpt lat="2.0251764" lon="103.3533288">
    <ele>284</ele>
   </trkpt>
   <trkpt lat="2.0251904" lon="103.3533312">
    <ele>283</ele>
   </trkpt>
   <trkpt lat="2.0252045" lon="103.3533336">
    <ele>283</ele>
   </trkpt>
   <trkpt lat="2.0252500" lon="103.3533473">
    <ele>283</ele>
   </trkpt>
   <trkpt lat="2.0252654" lon="103.3533537">
    <ele>283</ele>
   </trkpt>
   <trkpt lat="2.0252809" lon="103.3533601">
    <ele>282</ele>
   </trkpt>
   <trkpt lat="2.0252964" lon="103.3533665">
    <ele>282</ele>
   </trkpt>
   <trkpt lat="2.0253432" lon="103.3533816">
    <ele>281</ele>
   </trkpt>
   <trkpt lat="2.0253595" lon="103.3533823">
    <ele>281</ele>
   </trkpt>
   <trkpt lat="2.0253758" lon="103.3533831">
    <ele>280</ele>
   </trkpt>
   <trkpt lat="2.0253923" lon="103.3533839">
    <ele>280</ele>
   </trkpt>
   <trkpt lat="2.0254385" lon="103.3533748">
    <ele>279</ele>
   </trkpt>
   <trkpt lat="2.0254528" lon="103.3533693">
    <ele>279</ele>
   </trkpt>
   <trkpt lat="2.0254671" lon="103.3533638">
    <ele>278</ele>
   </trkpt>
   <trkpt lat="2.0254814" lon="103.3533584">
    <ele>278</ele>
   </trkpt>
   <trkpt lat="2.0255266" lon="103.3533429">
    <ele>277</ele>
   </trkpt>
   <trkpt lat="2.0255429" lon="103.3533405">
    <ele>277</ele>
   </trkpt>
   <trkpt lat="2.0255592" lon="103.3533382">
    <ele>276</ele>
   </trkpt>
   <trkpt lat="2.0255755" lon="103.3533359">
    <ele>276</ele>
   </trkpt>
   <trkpt lat="2.0256263" lon="103.3533449">
    <ele>275</ele>
   </trkpt>
   <trkpt lat="2.0256427" lon="103.3533522">
    <ele>275</ele>
   </trkpt>
   <trkpt lat="2.0256591" lon="103.3533595">
    <ele>274</ele>
   </trkpt>
   <trkpt lat="2.0256756" lon="103.3533668">
    <ele>274</ele>
   </trkpt>
   <trkpt lat="2.0257246" lon="103.3533836">
    <ele>273</ele>
   </trkpt>
   <trkpt lat="2.0257408" lon="103.3533852">
    <ele>273</ele>
   </trkpt>
   <trkpt lat="2.0257570" lon="103.3533868">
    <ele>272</ele>
   </trkpt>
   <trkpt lat="2.0257733" lon="103.3533884">
    <ele>272</ele>
   </trkpt>
   <trkpt lat="2.0258172" lon="103.3533838">
    <ele>272</ele>
   </trkpt>
   <trkpt lat="2.0258317" lon="103.3533786">
    <ele>272</ele>
   </trkpt>
   <trkpt lat="2.0258462" lon="103.3533736">
    <ele>271</ele>
   </trkpt>
   <trkpt lat="2.0258607" lon="103.3533685">
    <ele>271</ele>
   </trkpt>
   <trkpt lat="2.0259084" lon="103.3533564">
    <ele>270</ele>
   </trkpt>
   <trkpt lat="2.0259263" lon="103.3533568">
    <ele>270</ele>
   </trkpt>
   <trkpt lat="2.0259443" lon="103.3533573">
    <ele>269</ele>
   </trkpt>
   <trkpt lat="2.0259623" lon="103.3533578">
    <ele>269</ele>
   </trkpt>
   <trkpt lat="2.0260241" lon="103.3533643">
    <ele>269</ele>
   </trkpt>
   <trkpt lat="2.0260443" lon="103.3533628">
    <ele>269</ele>
   </trkpt>
   <trkpt lat="2.0260645" lon="103.3533615">
    <ele>269</ele>
   </trkpt>
   <trkpt lat="2.0260847" lon="103.3533602">
    <ele>269</ele>
   </trkpt>
   <trkpt lat="2.0261409" lon="103.3533427">
    <ele>269</ele>
   </trkpt>
   <trkpt lat="2.0261569" lon="103.3533345">
    <ele>269</ele>
   </trkpt>
   <trkpt lat="2.0261729" lon="103.3533262">
    <ele>268</ele>
   </trkpt>
   <trkpt lat="2.0261889" lon="103.3533178">
    <ele>268</ele>
   </trkpt>
   <trkpt lat="2.0262292" lon="103.3532827">
    <ele>268</ele>
   </trkpt>
   <trkpt lat="2.0262416" lon="103.3532666">
    <ele>268</ele>
   </trkpt>
   <trkpt lat="2.0262540" lon="103.3532506">
    <ele>267</ele>
   </trkpt>
   <trkpt lat="2.0262665" lon="103.3532345">
    <ele>267</ele>
   </trkpt>
   <trkpt lat="2.0263024" lon="103.3531859">
    <ele>266</ele>
   </trkpt>
   <trkpt lat="2.0263142" lon="103.3531713">
    <ele>266</ele>
   </trkpt>
   <trkpt lat="2.0263260" lon="103.3531567">
    <ele>265</ele>
   </trkpt>
   <trkpt lat="2.0263379" lon="103.3531421">
    <ele>265</ele>
   </trkpt>
   <trkpt lat="2.0263755" lon="103.3531055">
    <ele>265</ele>
   </trkpt>
   <trkpt lat="2.0263897" lon="103.3530938">
    <ele>265</ele>
   </trkpt>
   <trkpt lat="2.0264039" lon="103.3530821">
    <ele>264</ele>
   </trkpt>
   <trkpt lat="2.0264181" lon="103.3530705">
    <ele>264</ele>
   </trkpt>
   <trkpt lat="2.0264602" lon="103.3530363">
    <ele>264</ele>
   </trkpt>
   <trkpt lat="2.0264747" lon="103.3530272">
    <ele>264</ele>
   </trkpt>
   <trkpt lat="2.0264892" lon="103.3530184">
    <ele>263</ele>
   </trkpt>
   <trkpt lat="2.0265038" lon="103.3530095">
    <ele>263</ele>
   </trkpt>
   <trkpt lat="2.0265436" lon="103.3529858">
    <ele>263</ele>
   </trkpt>
   <trkpt lat="2.0265535" lon="103.3529745">
    <ele>263</ele>
   </trkpt>
   <trkpt lat="2.0265634" lon="103.3529632">
    <ele>262</ele>
   </trkpt>
   <trkpt lat="2.0265733" lon="103.3529520">
    <ele>262</ele>
   </trkpt>
   <trkpt lat="2.0266026" lon="103.3529104">
    <ele>262</ele>
   </trkpt>
   <trkpt lat="2.0266141" lon="103.3528962">
    <ele>262</ele>
   </trkpt>
   <trkpt lat="2.0266256" lon="103.3528819">
    <ele>261</ele>
   </trkpt>
   <trkpt lat="2.0266372" lon="103.3528676">
    <ele>261</ele>
   </trkpt>
   <trkpt lat="2.0266688" lon="103.3528201">
    <ele>260</ele>
   </trkpt>
   <trkpt lat="2.0266755" lon="103.3528022">
    <ele>260</ele>
   </trkpt>
   <trkpt lat="2.0266822" lon="103.3527843">
    <ele>259</ele>
   </trkpt>
   <trkpt lat="2.0266889" lon="103.3527663">
    <ele>259</ele>
   </trkpt>
   <trkpt lat="2.0266991" lon="103.3527074">
    <ele>259</ele>
   </trkpt>
   <trkpt lat="2.0267027" lon="103.3526870">
    <ele>259</ele>
   </trkpt>
   <trkpt lat="2.0267063" lon="103.3526667">
    <ele>258</ele>
   </trkpt>
   <trkpt lat="2.0267099" lon="103.3526464">
    <ele>258</ele>
   </trkpt>
   <trkpt lat="2.0267208" lon="103.3525892">
    <ele>258</ele>
   </trkpt>
   <trkpt lat="2.0267253" lon="103.3525730">
    <ele>258</ele>
   </trkpt>
   <trkpt lat="2.0267298" lon="103.3525568">
    <ele>258</ele>
   </trkpt>
   <trkpt lat="2.0267344" lon="103.3525406">
    <ele>258</ele>
   </trkpt>
   <trkpt lat="2.0267529" lon="103.3525010">
    <ele>258</ele>
   </trkpt>
   <trkpt lat="2.0267588" lon="103.3524913">
    <ele>258</ele>
   </trkpt>
   <trkpt lat="2.0267646" lon="103.3524816">
    <ele>257</ele>
   </trkpt>
   <trkpt lat="2.0267705" lon="103.3524720">
    <ele>257</ele>
   </trkpt>
   <trkpt lat="2.0267807" lon="103.3524474">
    <ele>257</ele>
   </trkpt>
   <trkpt lat="2.0267823" lon="103.3524402">
    <ele>257</ele>
   </trkpt>
   <trkpt lat="2.0267840" lon="103.3524330">
    <ele>257</ele>
   </trkpt>
   <trkpt lat="2.0267857" lon="103.3524258">
    <ele>257</ele>
   </trkpt>
   <trkpt lat="2.0267916" lon="103.3524080">
    <ele>257</ele>
   </trkpt>
   <trkpt lat="2.0267949" lon="103.3524020">
    <ele>257</ele>
   </trkpt>
   <trkpt lat="2.0267983" lon="103.3523961">
    <ele>257</ele>
   </trkpt>
   <trkpt lat="2.0268017" lon="103.3523902">
    <ele>257</ele>
   </trkpt>
   <trkpt lat="2.0268136" lon="103.3523698">
    <ele>257</ele>
   </trkpt>
   <trkpt lat="2.0268173" lon="103.3523615">
    <ele>257</ele>
   </trkpt>
   <trkpt lat="2.0268210" lon="103.3523532">
    <ele>257</ele>
   </trkpt>
   <trkpt lat="2.0268247" lon="103.3523450">
    <ele>257</ele>
   </trkpt>
   <trkpt lat="2.0268340" lon="103.3523182">
    <ele>257</ele>
   </trkpt>
   <trkpt lat="2.0268373" lon="103.3523083">
    <ele>257</ele>
   </trkpt>
   <trkpt lat="2.0268409" lon="103.3522985">
    <ele>257</ele>
   </trkpt>
   <trkpt lat="2.0268444" lon="103.3522887">
    <ele>257</ele>
   </trkpt>
   <trkpt lat="2.0268514" lon="103.3522579">
    <ele>257</ele>
   </trkpt>
   <trkpt lat="2.0268533" lon="103.3522465">
    <ele>257</ele>
   </trkpt>
   <trkpt lat="2.0268552" lon="103.3522351">
    <ele>257</ele>
   </trkpt>
   <trkpt lat="2.0268573" lon="103.3522237">
    <ele>257</ele>
   </trkpt>
   <trkpt lat="2.0268644" lon="103.3521895">
    <ele>257</ele>
   </trkpt>
   <trkpt lat="2.0268668" lon="103.3521799">
    <ele>257</ele>
   </trkpt>
   <trkpt lat="2.0268692" lon="103.3521703">
    <ele>257</ele>
   </trkpt>
   <trkpt lat="2.0268717" lon="103.3521607">
    <ele>257</ele>
   </trkpt>
   <trkpt lat="2.0268787" lon="103.3521370">
    <ele>257</ele>
   </trkpt>
   <trkpt lat="2.0268806" lon="103.3521291">
    <ele>257</ele>
   </trkpt>
   <trkpt lat="2.0268826" lon="103.3521214">
    <ele>257</ele>
   </trkpt>
   <trkpt lat="2.0268846" lon="103.3521136">
    <ele>257</ele>
   </trkpt>
   <trkpt lat="2.0268892" lon="103.3520868">
    <ele>257</ele>
   </trkpt>
   <trkpt lat="2.0268905" lon="103.3520760">
    <ele>257</ele>
   </trkpt>
   <trkpt lat="2.0268918" lon="103.3520652">
    <ele>257</ele>
   </trkpt>
   <trkpt lat="2.0268931" lon="103.3520545">
    <ele>257</ele>
   </trkpt>
   <trkpt lat="2.0268994" lon="103.3520199">
    <ele>257</ele>
   </trkpt>
   <trkpt lat="2.0269018" lon="103.3520081">
    <ele>257</ele>
   </trkpt>
   <trkpt lat="2.0269043" lon="103.3519963">
    <ele>257</ele>
   </trkpt>
   <trkpt lat="2.0269068" lon="103.3519846">
    <ele>257</ele>
   </trkpt>
   <trkpt lat="2.0269133" lon="103.3519533">
    <ele>257</ele>
   </trkpt>
   <trkpt lat="2.0269146" lon="103.3519450">
    <ele>257</ele>
   </trkpt>
   <trkpt lat="2.0269159" lon="103.3519367">
    <ele>257</ele>
   </trkpt>
   <trkpt lat="2.0269172" lon="103.3519284">
    <ele>257</ele>
   </trkpt>
   <trkpt lat="2.0269175" lon="103.3519102">
    <ele>257</ele>
   </trkpt>
   <trkpt lat="2.0269173" lon="103.3519046">
    <ele>257</ele>
   </trkpt>
   <trkpt lat="2.0269171" lon="103.3518991">
    <ele>257</ele>
   </trkpt>
   <trkpt lat="2.0269170" lon="103.3518936">
    <ele>257</ele>
   </trkpt>
   <trkpt lat="2.0269178" lon="103.3518748">
    <ele>257</ele>
   </trkpt>
   <trkpt lat="2.0269180" lon="103.3518656">
    <ele>257</ele>
   </trkpt>
   <trkpt lat="2.0269182" lon="103.3518564">
    <ele>257</ele>
   </trkpt>
   <trkpt lat="2.0269185" lon="103.3518473">
    <ele>257</ele>
   </trkpt>
   <trkpt lat="2.0269229" lon="103.3518159">
    <ele>257</ele>
   </trkpt>
   <trkpt lat="2.0269255" lon="103.3518056">
    <ele>258</ele>
   </trkpt>
   <trkpt lat="2.0269281" lon="103.3517953">
    <ele>257</ele>
   </trkpt>
   <trkpt lat="2.0269307" lon="103.3517850">
    <ele>257</ele>
   </trkpt>
   <trkpt lat="2.0269390" lon="103.3517519">
    <ele>257</ele>
   </trkpt>
   <trkpt lat="2.0269418" lon="103.3517392">
    <ele>257</ele>
   </trkpt>
   <trkpt lat="2.0269446" lon="103.3517265">
    <ele>256</ele>
   </trkpt>
   <trkpt lat="2.0269474" lon="103.3517138">
    <ele>256</ele>
   </trkpt>
   <trkpt lat="2.0269572" lon="103.3516817">
    <ele>256</ele>
   </trkpt>
   <trkpt lat="2.0269621" lon="103.3516733">
    <ele>256</ele>
   </trkpt>
   <trkpt lat="2.0269670" lon="103.3516649">
    <ele>255</ele>
   </trkpt>
   <trkpt lat="2.0269719" lon="103.3516566">
    <ele>255</ele>
   </trkpt>
   <trkpt lat="2.0269883" lon="103.3516346">
    <ele>255</ele>
   </trkpt>
   <trkpt lat="2.0269936" lon="103.3516262">
    <ele>255</ele>
   </trkpt>
   <trkpt lat="2.0269989" lon="103.3516178">
    <ele>254</ele>
   </trkpt>
   <trkpt lat="2.0270043" lon="103.3516096">
    <ele>254</ele>
   </trkpt>
   <trkpt lat="2.0270165" lon="103.3515857">
    <ele>254</ele>
   </trkpt>
   <trkpt lat="2.0270215" lon="103.3515780">
    <ele>254</ele>
   </trkpt>
   <trkpt lat="2.0270266" lon="103.3515704">
    <ele>253</ele>
   </trkpt>
   <trkpt lat="2.0270317" lon="103.3515628">
    <ele>253</ele>
   </trkpt>
   <trkpt lat="2.0270539" lon="103.3515393">
    <ele>253</ele>
   </trkpt>
   <trkpt lat="2.0270606" lon="103.3515288">
    <ele>253</ele>
   </trkpt>
   <trkpt lat="2.0270673" lon="103.3515182">
    <ele>252</ele>
   </trkpt>
   <trkpt lat="2.0270740" lon="103.3515076">
    <ele>252</ele>
   </trkpt>
   <trkpt lat="2.0270910" lon="103.3514665">
    <ele>252</ele>
   </trkpt>
   <trkpt lat="2.0270971" lon="103.3514506">
    <ele>252</ele>
   </trkpt>
   <trkpt lat="2.0271032" lon="103.3514347">
    <ele>251</ele>
   </trkpt>
   <trkpt lat="2.0271092" lon="103.3514188">
    <ele>251</ele>
   </trkpt>
   <trkpt lat="2.0271260" lon="103.3513762">
    <ele>251</ele>
   </trkpt>
   <trkpt lat="2.0271300" lon="103.3513660">
    <ele>251</ele>
   </trkpt>
   <trkpt lat="2.0271341" lon="103.3513559">
    <ele>251</ele>
   </trkpt>
   <trkpt lat="2.0271382" lon="103.3513458">
    <ele>251</ele>
   </trkpt>
   <trkpt lat="2.0271450" lon="103.3513228">
    <ele>251</ele>
   </trkpt>
   <trkpt lat="2.0271442" lon="103.3513162">
    <ele>251</ele>
   </trkpt>
   <trkpt lat="2.0271436" lon="103.3513095">
    <ele>250</ele>
   </trkpt>
   <trkpt lat="2.0271430" lon="103.3513031">
    <ele>250</ele>
   </trkpt>
   <trkpt lat="2.0271340" lon="103.3512878">
    <ele>250</ele>
   </trkpt>
   <trkpt lat="2.0271304" lon="103.3512836">
    <ele>250</ele>
   </trkpt>
   <trkpt lat="2.0271268" lon="103.3512795">
    <ele>249</ele>
   </trkpt>
   <trkpt lat="2.0271232" lon="103.3512754">
    <ele>249</ele>
   </trkpt>
   <trkpt lat="2.0271151" lon="103.3512552">
    <ele>249</ele>
   </trkpt>
   <trkpt lat="2.0271137" lon="103.3512438">
    <ele>249</ele>
   </trkpt>
   <trkpt lat="2.0271123" lon="103.3512324">
    <ele>248</ele>
   </trkpt>
   <trkpt lat="2.0271109" lon="103.3512211">
    <ele>248</ele>
   </trkpt>
   <trkpt lat="2.0271102" lon="103.3511786">
    <ele>247</ele>
   </trkpt>
   <trkpt lat="2.0271109" lon="103.3511644">
    <ele>247</ele>
   </trkpt>
   <trkpt lat="2.0271116" lon="103.3511502">
    <ele>246</ele>
   </trkpt>
   <trkpt lat="2.0271124" lon="103.3511361">
    <ele>246</ele>
   </trkpt>
   <trkpt lat="2.0271103" lon="103.3511021">
    <ele>246</ele>
   </trkpt>
   <trkpt lat="2.0271043" lon="103.3510939">
    <ele>246</ele>
   </trkpt>
   <trkpt lat="2.0270983" lon="103.3510858">
    <ele>245</ele>
   </trkpt>
   <trkpt lat="2.0270923" lon="103.3510777">
    <ele>245</ele>
   </trkpt>
   <trkpt lat="2.0270627" lon="103.3510594">
    <ele>244</ele>
   </trkpt>
   <trkpt lat="2.0270544" lon="103.3510528">
    <ele>244</ele>
   </trkpt>
   <trkpt lat="2.0270462" lon="103.3510462">
    <ele>243</ele>
   </trkpt>
   <trkpt lat="2.0270380" lon="103.3510395">
    <ele>243</ele>
   </trkpt>
   <trkpt lat="2.0270207" lon="103.3510144">
    <ele>243</ele>
   </trkpt>
   <trkpt lat="2.0270159" lon="103.3510049">
    <ele>243</ele>
   </trkpt>
   <trkpt lat="2.0270111" lon="103.3509954">
    <ele>242</ele>
   </trkpt>
   <trkpt lat="2.0270064" lon="103.3509860">
    <ele>242</ele>
   </trkpt>
   <trkpt lat="2.0269952" lon="103.3509590">
    <ele>241</ele>
   </trkpt>
   <trkpt lat="2.0269941" lon="103.3509469">
    <ele>241</ele>
   </trkpt>
   <trkpt lat="2.0269931" lon="103.3509348">
    <ele>240</ele>
   </trkpt>
   <trkpt lat="2.0269921" lon="103.3509228">
    <ele>240</ele>
   </trkpt>
   <trkpt lat="2.0269934" lon="103.3508803">
    <ele>239</ele>
   </trkpt>
   <trkpt lat="2.0269914" lon="103.3508653">
    <ele>239</ele>
   </trkpt>
   <trkpt lat="2.0269895" lon="103.3508504">
    <ele>238</ele>
   </trkpt>
   <trkpt lat="2.0269876" lon="103.3508355">
    <ele>238</ele>
   </trkpt>
   <trkpt lat="2.0269793" lon="103.3507924">
    <ele>238</ele>
   </trkpt>
   <trkpt lat="2.0269776" lon="103.3507781">
    <ele>238</ele>
   </trkpt>
   <trkpt lat="2.0269760" lon="103.3507638">
    <ele>237</ele>
   </trkpt>
   <trkpt lat="2.0269744" lon="103.3507495">
    <ele>237</ele>
   </trkpt>
   <trkpt lat="2.0269735" lon="103.3507110">
    <ele>237</ele>
   </trkpt>
   <trkpt lat="2.0269721" lon="103.3507018">
    <ele>237</ele>
   </trkpt>
   <trkpt lat="2.0269707" lon="103.3506926">
    <ele>236</ele>
   </trkpt>
   <trkpt lat="2.0269693" lon="103.3506835">
    <ele>236</ele>
   </trkpt>
   <trkpt lat="2.0269580" lon="103.3506749">
    <ele>236</ele>
   </trkpt>
   <trkpt lat="2.0269524" lon="103.3506776">
    <ele>236</ele>
   </trkpt>
   <trkpt lat="2.0269468" lon="103.3506802">
    <ele>235</ele>
   </trkpt>
   <trkpt lat="2.0269413" lon="103.3506831">
    <ele>235</ele>
   </trkpt>
   <trkpt lat="2.0269189" lon="103.3506939">
    <ele>234</ele>
   </trkpt>
   <trkpt lat="2.0269113" lon="103.3506948">
    <ele>234</ele>
   </trkpt>
   <trkpt lat="2.0269038" lon="103.3506960">
    <ele>233</ele>
   </trkpt>
   <trkpt lat="2.0268963" lon="103.3506971">
    <ele>233</ele>
   </trkpt>
   <trkpt lat="2.0268769" lon="103.3506951">
    <ele>232</ele>
   </trkpt>
   <trkpt lat="2.0268728" lon="103.3506938">
    <ele>232</ele>
   </trkpt>
   <trkpt lat="2.0268687" lon="103.3506924">
    <ele>231</ele>
   </trkpt>
   <trkpt lat="2.0268646" lon="103.3506912">
    <ele>231</ele>
   </trkpt>
   <trkpt lat="2.0268605" lon="103.3506899">
    <ele>230</ele>
   </trkpt>
   <trkpt lat="2.0268465" lon="103.3506777">
    <ele>230</ele>
   </trkpt>
   <trkpt lat="2.0268411" lon="103.3506721">
    <ele>229</ele>
   </trkpt>
   <trkpt lat="2.0268357" lon="103.3506666">
    <ele>229</ele>
   </trkpt>
   <trkpt lat="2.0268304" lon="103.3506611">
    <ele>228</ele>
   </trkpt>
   <trkpt lat="2.0268192" lon="103.3506450">
    <ele>228</ele>
   </trkpt>
   <trkpt lat="2.0268182" lon="103.3506430">
    <ele>227</ele>
   </trkpt>
   <trkpt lat="2.0268172" lon="103.3506411">
    <ele>227</ele>
   </trkpt>
   <trkpt lat="2.0268162" lon="103.3506391">
    <ele>226</ele>
   </trkpt>
   <trkpt lat="2.0268152" lon="103.3506372">
    <ele>226</ele>
   </trkpt>
   <trkpt lat="2.0268076" lon="103.3506295">
    <ele>225</ele>
   </trkpt>
   <trkpt lat="2.0268029" lon="103.3506288">
    <ele>225</ele>
   </trkpt>
   <trkpt lat="2.0267983" lon="103.3506282">
    <ele>225</ele>
   </trkpt>
   <trkpt lat="2.0267936" lon="103.3506276">
    <ele>225</ele>
   </trkpt>
   <trkpt lat="2.0267805" lon="103.3506217">
    <ele>224</ele>
   </trkpt>
   <trkpt lat="2.0267775" lon="103.3506174">
    <ele>224</ele>
   </trkpt>
   <trkpt lat="2.0267746" lon="103.3506131">
    <ele>224</ele>
   </trkpt>
   <trkpt lat="2.0267717" lon="103.3506088">
    <ele>224</ele>
   </trkpt>
   <trkpt lat="2.0267676" lon="103.3505895">
    <ele>223</ele>
   </trkpt>
   <trkpt lat="2.0267641" lon="103.3505816">
    <ele>223</ele>
   </trkpt>
   <trkpt lat="2.0267605" lon="103.3505738">
    <ele>222</ele>
   </trkpt>
   <trkpt lat="2.0267571" lon="103.3505660">
    <ele>222</ele>
   </trkpt>
   <trkpt lat="2.0267377" lon="103.3505407">
    <ele>221</ele>
   </trkpt>
   <trkpt lat="2.0267310" lon="103.3505327">
    <ele>221</ele>
   </trkpt>
   <trkpt lat="2.0267243" lon="103.3505246">
    <ele>221</ele>
   </trkpt>
   <trkpt lat="2.0267177" lon="103.3505167">
    <ele>221</ele>
   </trkpt>
   <trkpt lat="2.0267032" lon="103.3504996">
    <ele>220</ele>
   </trkpt>
   <trkpt lat="2.0266899" lon="103.3504945">
    <ele>216</ele>
   </trkpt>
   <trkpt lat="2.0266721" lon="103.3504904">
    <ele>216</ele>
   </trkpt>
   <trkpt lat="2.0266669" lon="103.3504889">
    <ele>216</ele>
   </trkpt>
   <trkpt lat="2.0266617" lon="103.3504874">
    <ele>215</ele>
   </trkpt>
   <trkpt lat="2.0266566" lon="103.3504860">
    <ele>215</ele>
   </trkpt>
   <trkpt lat="2.0266391" lon="103.3504774">
    <ele>215</ele>
   </trkpt>
   <trkpt lat="2.0266335" lon="103.3504745">
    <ele>215</ele>
   </trkpt>
   <trkpt lat="2.0266279" lon="103.3504716">
    <ele>214</ele>
   </trkpt>
   <trkpt lat="2.0266224" lon="103.3504686">
    <ele>214</ele>
   </trkpt>
   <trkpt lat="2.0266061" lon="103.3504642">
    <ele>213</ele>
   </trkpt>
   <trkpt lat="2.0266003" lon="103.3504645">
    <ele>213</ele>
   </trkpt>
   <trkpt lat="2.0265946" lon="103.3504648">
    <ele>212</ele>
   </trkpt>
   <trkpt lat="2.0265889" lon="103.3504650">
    <ele>212</ele>
   </trkpt>
   <trkpt lat="2.0265730" lon="103.3504684">
    <ele>211</ele>
   </trkpt>
   <trkpt lat="2.0265703" lon="103.3504693">
    <ele>211</ele>
   </trkpt>
   <trkpt lat="2.0265676" lon="103.3504703">
    <ele>210</ele>
   </trkpt>
   <trkpt lat="2.0265649" lon="103.3504713">
    <ele>210</ele>
   </trkpt>
   <trkpt lat="2.0265622" lon="103.3504723">
    <ele>210</ele>
   </trkpt>
   <trkpt lat="2.0265596" lon="103.3504733">
    <ele>210</ele>
   </trkpt>
   <trkpt lat="2.0265487" lon="103.3504764">
    <ele>209</ele>
   </trkpt>
   <trkpt lat="2.0265441" lon="103.3504762">
    <ele>209</ele>
   </trkpt>
   <trkpt lat="2.0265395" lon="103.3504761">
    <ele>208</ele>
   </trkpt>
   <trkpt lat="2.0265349" lon="103.3504760">
    <ele>208</ele>
   </trkpt>
   <trkpt lat="2.0265198" lon="103.3504729">
    <ele>207</ele>
   </trkpt>
   <trkpt lat="2.0265143" lon="103.3504719">
    <ele>207</ele>
   </trkpt>
   <trkpt lat="2.0265089" lon="103.3504709">
    <ele>207</ele>
   </trkpt>
   <trkpt lat="2.0265035" lon="103.3504698">
    <ele>207</ele>
   </trkpt>
   <trkpt lat="2.0264855" lon="103.3504669">
    <ele>206</ele>
   </trkpt>
   <trkpt lat="2.0264797" lon="103.3504653">
    <ele>206</ele>
   </trkpt>
   <trkpt lat="2.0264740" lon="103.3504637">
    <ele>206</ele>
   </trkpt>
   <trkpt lat="2.0264683" lon="103.3504622">
    <ele>206</ele>
   </trkpt>
   <trkpt lat="2.0264523" lon="103.3504555">
    <ele>205</ele>
   </trkpt>
   <trkpt lat="2.0264368" lon="103.3504449">
    <ele>203</ele>
   </trkpt>
   <trkpt lat="2.0264196" lon="103.3504379">
    <ele>203</ele>
   </trkpt>
   <trkpt lat="2.0264127" lon="103.3504365">
    <ele>203</ele>
   </trkpt>
   <trkpt lat="2.0264059" lon="103.3504352">
    <ele>202</ele>
   </trkpt>
   <trkpt lat="2.0263991" lon="103.3504339">
    <ele>202</ele>
   </trkpt>
   <trkpt lat="2.0263871" lon="103.3504330">
    <ele>202</ele>
   </trkpt>
   <trkpt lat="2.0263814" lon="103.3504331">
    <ele>202</ele>
   </trkpt>
   <trkpt lat="2.0263757" lon="103.3504333">
    <ele>201</ele>
   </trkpt>
   <trkpt lat="2.0263701" lon="103.3504335">
    <ele>201</ele>
   </trkpt>
   <trkpt lat="2.0263564" lon="103.3504378">
    <ele>201</ele>
   </trkpt>
   <trkpt lat="2.0263456" lon="103.3504364">
    <ele>199</ele>
   </trkpt>
   <trkpt lat="2.0263317" lon="103.3504343">
    <ele>198</ele>
   </trkpt>
   <trkpt lat="2.0263272" lon="103.3504344">
    <ele>198</ele>
   </trkpt>
   <trkpt lat="2.0263228" lon="103.3504345">
    <ele>197</ele>
   </trkpt>
   <trkpt lat="2.0263184" lon="103.3504346">
    <ele>197</ele>
   </trkpt>
   <trkpt lat="2.0262978" lon="103.3504352">
    <ele>197</ele>
   </trkpt>
   <trkpt lat="2.0262904" lon="103.3504360">
    <ele>197</ele>
   </trkpt>
   <trkpt lat="2.0262831" lon="103.3504368">
    <ele>196</ele>
   </trkpt>
   <trkpt lat="2.0262758" lon="103.3504377">
    <ele>196</ele>
   </trkpt>
   <trkpt lat="2.0262560" lon="103.3504418">
    <ele>195</ele>
   </trkpt>
   <trkpt lat="2.0262497" lon="103.3504427">
    <ele>195</ele>
   </trkpt>
   <trkpt lat="2.0262433" lon="103.3504436">
    <ele>194</ele>
   </trkpt>
   <trkpt lat="2.0262372" lon="103.3504445">
    <ele>194</ele>
   </trkpt>
   <trkpt lat="2.0262214" lon="103.3504406">
    <ele>193</ele>
   </trkpt>
   <trkpt lat="2.0262171" lon="103.3504379">
    <ele>193</ele>
   </trkpt>
   <trkpt lat="2.0262128" lon="103.3504351">
    <ele>192</ele>
   </trkpt>
   <trkpt lat="2.0262086" lon="103.3504324">
    <ele>192</ele>
   </trkpt>
   <trkpt lat="2.0261972" lon="103.3504231">
    <ele>192</ele>
   </trkpt>
   <trkpt lat="2.0261931" lon="103.3504215">
    <ele>192</ele>
   </trkpt>
   <trkpt lat="2.0261892" lon="103.3504199">
    <ele>191</ele>
   </trkpt>
   <trkpt lat="2.0261853" lon="103.3504184">
    <ele>191</ele>
   </trkpt>
   <trkpt lat="2.0261723" lon="103.3504167">
    <ele>191</ele>
   </trkpt>
   <trkpt lat="2.0261674" lon="103.3504152">
    <ele>191</ele>
   </trkpt>
   <trkpt lat="2.0261625" lon="103.3504137">
    <ele>190</ele>
   </trkpt>
   <trkpt lat="2.0261577" lon="103.3504121">
    <ele>190</ele>
   </trkpt>
   <trkpt lat="2.0261400" lon="103.3504051">
    <ele>189</ele>
   </trkpt>
   <trkpt lat="2.0261320" lon="103.3504019">
    <ele>189</ele>
   </trkpt>
   <trkpt lat="2.0261241" lon="103.3503987">
    <ele>188</ele>
   </trkpt>
   <trkpt lat="2.0261162" lon="103.3503956">
    <ele>188</ele>
   </trkpt>
   <trkpt lat="2.0260854" lon="103.3503743">
    <ele>188</ele>
   </trkpt>
   <trkpt lat="2.0260764" lon="103.3503619">
    <ele>188</ele>
   </trkpt>
   <trkpt lat="2.0260674" lon="103.3503496">
    <ele>187</ele>
   </trkpt>
   <trkpt lat="2.0260584" lon="103.3503373">
    <ele>187</ele>
   </trkpt>
   <trkpt lat="2.0260480" lon="103.3502943">
    <ele>187</ele>
   </trkpt>
   <trkpt lat="2.0260471" lon="103.3502879">
    <ele>187</ele>
   </trkpt>
   <trkpt lat="2.0260463" lon="103.3502815">
    <ele>186</ele>
   </trkpt>
   <trkpt lat="2.0260455" lon="103.3502751">
    <ele>186</ele>
   </trkpt>
   <trkpt lat="2.0260406" lon="103.3502505">
    <ele>186</ele>
   </trkpt>
   <trkpt lat="2.0260390" lon="103.3502420">
    <ele>186</ele>
   </trkpt>
   <trkpt lat="2.0260374" lon="103.3502335">
    <ele>185</ele>
   </trkpt>
   <trkpt lat="2.0260359" lon="103.3502250">
    <ele>185</ele>
   </trkpt>
   <trkpt lat="2.0260397" lon="103.3501956">
    <ele>185</ele>
   </trkpt>
   <trkpt lat="2.0260427" lon="103.3501827">
    <ele>185</ele>
   </trkpt>
   <trkpt lat="2.0260458" lon="103.3501698">
    <ele>184</ele>
   </trkpt>
   <trkpt lat="2.0260489" lon="103.3501569">
    <ele>184</ele>
   </trkpt>
   <trkpt lat="2.0260552" lon="103.3501103">
    <ele>184</ele>
   </trkpt>
   <trkpt lat="2.0260563" lon="103.3500992">
    <ele>184</ele>
   </trkpt>
   <trkpt lat="2.0260575" lon="103.3500882">
    <ele>183</ele>
   </trkpt>
   <trkpt lat="2.0260586" lon="103.3500770">
    <ele>183</ele>
   </trkpt>
   <trkpt lat="2.0260598" lon="103.3500661">
    <ele>183</ele>
   </trkpt>
   <trkpt lat="2.0260606" lon="103.3500405">
    <ele>183</ele>
   </trkpt>
   <trkpt lat="2.0260591" lon="103.3500350">
    <ele>182</ele>
   </trkpt>
   <trkpt lat="2.0260576" lon="103.3500295">
    <ele>182</ele>
   </trkpt>
   <trkpt lat="2.0260562" lon="103.3500240">
    <ele>182</ele>
   </trkpt>
   <trkpt lat="2.0260448" lon="103.3500150">
    <ele>182</ele>
   </trkpt>
   <trkpt lat="2.0260378" lon="103.3500149">
    <ele>181</ele>
   </trkpt>
   <trkpt lat="2.0260309" lon="103.3500149">
    <ele>181</ele>
   </trkpt>
   <trkpt lat="2.0260240" lon="103.3500149">
    <ele>181</ele>
   </trkpt>
   <trkpt lat="2.0260043" lon="103.3500146">
    <ele>181</ele>
   </trkpt>
   <trkpt lat="2.0259987" lon="103.3500123">
    <ele>180</ele>
   </trkpt>
   <trkpt lat="2.0259931" lon="103.3500101">
    <ele>179</ele>
   </trkpt>
   <trkpt lat="2.0259875" lon="103.3500079">
    <ele>178</ele>
   </trkpt>
   <trkpt lat="2.0259709" lon="103.3499950">
    <ele>176</ele>
   </trkpt>
   <trkpt lat="2.0259577" lon="103.3499858">
    <ele>175</ele>
   </trkpt>
   <trkpt lat="2.0259544" lon="103.3499831">
    <ele>175</ele>
   </trkpt>
   <trkpt lat="2.0259512" lon="103.3499804">
    <ele>174</ele>
   </trkpt>
   <trkpt lat="2.0259480" lon="103.3499778">
    <ele>174</ele>
   </trkpt>
   <trkpt lat="2.0259328" lon="103.3499652">
    <ele>172</ele>
   </trkpt>
   <trkpt lat="2.0259169" lon="103.3499538">
    <ele>172</ele>
   </trkpt>
   <trkpt lat="2.0259128" lon="103.3499493">
    <ele>171</ele>
   </trkpt>
   <trkpt lat="2.0259089" lon="103.3499448">
    <ele>171</ele>
   </trkpt>
   <trkpt lat="2.0259049" lon="103.3499403">
    <ele>171</ele>
   </trkpt>
   <trkpt lat="2.0258951" lon="103.3499197">
    <ele>171</ele>
   </trkpt>
   <trkpt lat="2.0258936" lon="103.3499126">
    <ele>170</ele>
   </trkpt>
   <trkpt lat="2.0258921" lon="103.3499055">
    <ele>170</ele>
   </trkpt>
   <trkpt lat="2.0258907" lon="103.3498984">
    <ele>169</ele>
   </trkpt>
   <trkpt lat="2.0258896" lon="103.3498754">
    <ele>169</ele>
   </trkpt>
   <trkpt lat="2.0258887" lon="103.3498687">
    <ele>168</ele>
   </trkpt>
   <trkpt lat="2.0258878" lon="103.3498621">
    <ele>168</ele>
   </trkpt>
   <trkpt lat="2.0258869" lon="103.3498555">
    <ele>167</ele>
   </trkpt>
   <trkpt lat="2.0258821" lon="103.3498396">
    <ele>167</ele>
   </trkpt>
   <trkpt lat="2.0258814" lon="103.3498368">
    <ele>166</ele>
   </trkpt>
   <trkpt lat="2.0258807" lon="103.3498341">
    <ele>166</ele>
   </trkpt>
   <trkpt lat="2.0258800" lon="103.3498313">
    <ele>166</ele>
   </trkpt>
   <trkpt lat="2.0258793" lon="103.3498286">
    <ele>166</ele>
   </trkpt>
   <trkpt lat="2.0258786" lon="103.3498259">
    <ele>165</ele>
   </trkpt>
   <trkpt lat="2.0258816" lon="103.3498137">
    <ele>165</ele>
   </trkpt>
   <trkpt lat="2.0258841" lon="103.3498081">
    <ele>165</ele>
   </trkpt>
   <trkpt lat="2.0258866" lon="103.3498025">
    <ele>165</ele>
   </trkpt>
   <trkpt lat="2.0258892" lon="103.3497969">
    <ele>164</ele>
   </trkpt>
   <trkpt lat="2.0258981" lon="103.3497742">
    <ele>164</ele>
   </trkpt>
   <trkpt lat="2.0259001" lon="103.3497669">
    <ele>163</ele>
   </trkpt>
   <trkpt lat="2.0259021" lon="103.3497597">
    <ele>163</ele>
   </trkpt>
   <trkpt lat="2.0259042" lon="103.3497524">
    <ele>162</ele>
   </trkpt>
   <trkpt lat="2.0259104" lon="103.3497298">
    <ele>162</ele>
   </trkpt>
   <trkpt lat="2.0259138" lon="103.3497201">
    <ele>162</ele>
   </trkpt>
   <trkpt lat="2.0259172" lon="103.3497106">
    <ele>162</ele>
   </trkpt>
   <trkpt lat="2.0259207" lon="103.3497011">
    <ele>161</ele>
   </trkpt>
   <trkpt lat="2.0259313" lon="103.3496725">
    <ele>161</ele>
   </trkpt>
   <trkpt lat="2.0259342" lon="103.3496638">
    <ele>161</ele>
   </trkpt>
   <trkpt lat="2.0259371" lon="103.3496551">
    <ele>161</ele>
   </trkpt>
   <trkpt lat="2.0259400" lon="103.3496464">
    <ele>160</ele>
   </trkpt>
   <trkpt lat="2.0259485" lon="103.3496240">
    <ele>160</ele>
   </trkpt>
   <trkpt lat="2.0259504" lon="103.3496189">
    <ele>160</ele>
   </trkpt>
   <trkpt lat="2.0259523" lon="103.3496138">
    <ele>160</ele>
   </trkpt>
   <trkpt lat="2.0259542" lon="103.3496088">
    <ele>159</ele>
   </trkpt>
   <trkpt lat="2.0259615" lon="103.3495973">
    <ele>159</ele>
   </trkpt>
   <trkpt lat="2.0259649" lon="103.3495931">
    <ele>159</ele>
   </trkpt>
   <trkpt lat="2.0259683" lon="103.3495889">
    <ele>159</ele>
   </trkpt>
   <trkpt lat="2.0259718" lon="103.3495847">
    <ele>158</ele>
   </trkpt>
   <trkpt lat="2.0259776" lon="103.3495685">
    <ele>158</ele>
   </trkpt>
   <trkpt lat="2.0259785" lon="103.3495633">
    <ele>158</ele>
   </trkpt>
   <trkpt lat="2.0259795" lon="103.3495581">
    <ele>158</ele>
   </trkpt>
   <trkpt lat="2.0259805" lon="103.3495530">
    <ele>157</ele>
   </trkpt>
   <trkpt lat="2.0259815" lon="103.3495434">
    <ele>157</ele>
   </trkpt>
   <trkpt lat="2.0259818" lon="103.3495370">
    <ele>157</ele>
   </trkpt>
   <trkpt lat="2.0259822" lon="103.3495306">
    <ele>157</ele>
   </trkpt>
   <trkpt lat="2.0259826" lon="103.3495242">
    <ele>157</ele>
   </trkpt>
   <trkpt lat="2.0259838" lon="103.3495047">
    <ele>157</ele>
   </trkpt>
   <trkpt lat="2.0259812" lon="103.3494994">
    <ele>157</ele>
   </trkpt>
   <trkpt lat="2.0259787" lon="103.3494941">
    <ele>157</ele>
   </trkpt>
   <trkpt lat="2.0259762" lon="103.3494889">
    <ele>156</ele>
   </trkpt>
   <trkpt lat="2.0259649" lon="103.3494762">
    <ele>156</ele>
   </trkpt>
   <trkpt lat="2.0259602" lon="103.3494728">
    <ele>156</ele>
   </trkpt>
   <trkpt lat="2.0259554" lon="103.3494695">
    <ele>156</ele>
   </trkpt>
   <trkpt lat="2.0259508" lon="103.3494662">
    <ele>155</ele>
   </trkpt>
   <trkpt lat="2.0259383" lon="103.3494503">
    <ele>155</ele>
   </trkpt>
   <trkpt lat="2.0259334" lon="103.3494408">
    <ele>154</ele>
   </trkpt>
   <trkpt lat="2.0259286" lon="103.3494313">
    <ele>154</ele>
   </trkpt>
   <trkpt lat="2.0259238" lon="103.3494218">
    <ele>154</ele>
   </trkpt>
   <trkpt lat="2.0259159" lon="103.3493820">
    <ele>154</ele>
   </trkpt>
   <trkpt lat="2.0259159" lon="103.3493697">
    <ele>154</ele>
   </trkpt>
   <trkpt lat="2.0259160" lon="103.3493575">
    <ele>154</ele>
   </trkpt>
   <trkpt lat="2.0259161" lon="103.3493453">
    <ele>153</ele>
   </trkpt>
   <trkpt lat="2.0259168" lon="103.3493177">
    <ele>153</ele>
   </trkpt>
   <trkpt lat="2.0259150" lon="103.3493118">
    <ele>153</ele>
   </trkpt>
   <trkpt lat="2.0259133" lon="103.3493060">
    <ele>153</ele>
   </trkpt>
   <trkpt lat="2.0259116" lon="103.3493002">
    <ele>152</ele>
   </trkpt>
   <trkpt lat="2.0259062" lon="103.3492852">
    <ele>152</ele>
   </trkpt>
   <trkpt lat="2.0259046" lon="103.3492799">
    <ele>152</ele>
   </trkpt>
   <trkpt lat="2.0259030" lon="103.3492746">
    <ele>152</ele>
   </trkpt>
   <trkpt lat="2.0259014" lon="103.3492693">
    <ele>151</ele>
   </trkpt>
   <trkpt lat="2.0258970" lon="103.3492510">
    <ele>151</ele>
   </trkpt>
   <trkpt lat="2.0258983" lon="103.3492215">
    <ele>147</ele>
   </trkpt>
   <trkpt lat="2.0259059" lon="103.3491921">
    <ele>146</ele>
   </trkpt>
   <trkpt lat="2.0259099" lon="103.3491810">
    <ele>146</ele>
   </trkpt>
   <trkpt lat="2.0259139" lon="103.3491700">
    <ele>146</ele>
   </trkpt>
   <trkpt lat="2.0259179" lon="103.3491590">
    <ele>146</ele>
   </trkpt>
   <trkpt lat="2.0259298" lon="103.3491212">
    <ele>145</ele>
   </trkpt>
   <trkpt lat="2.0259318" lon="103.3491119">
    <ele>145</ele>
   </trkpt>
   <trkpt lat="2.0259341" lon="103.3491027">
    <ele>145</ele>
   </trkpt>
   <trkpt lat="2.0259363" lon="103.3490935">
    <ele>145</ele>
   </trkpt>
   <trkpt lat="2.0259437" lon="103.3490681">
    <ele>144</ele>
   </trkpt>
   <trkpt lat="2.0259478" lon="103.3490580">
    <ele>144</ele>
   </trkpt>
   <trkpt lat="2.0259522" lon="103.3490482">
    <ele>144</ele>
   </trkpt>
   <trkpt lat="2.0259565" lon="103.3490383">
    <ele>144</ele>
   </trkpt>
   <trkpt lat="2.0259714" lon="103.3490020">
    <ele>144</ele>
   </trkpt>
   <trkpt lat="2.0259759" lon="103.3489883">
    <ele>144</ele>
   </trkpt>
   <trkpt lat="2.0259804" lon="103.3489746">
    <ele>144</ele>
   </trkpt>
   <trkpt lat="2.0259850" lon="103.3489610">
    <ele>144</ele>
   </trkpt>
   <trkpt lat="2.0259893" lon="103.3489179">
    <ele>143</ele>
   </trkpt>
   <trkpt lat="2.0259875" lon="103.3489015">
    <ele>143</ele>
   </trkpt>
   <trkpt lat="2.0259858" lon="103.3488852">
    <ele>143</ele>
   </trkpt>
   <trkpt lat="2.0259841" lon="103.3488689">
    <ele>143</ele>
   </trkpt>
   <trkpt lat="2.0259790" lon="103.3488153">
    <ele>142</ele>
   </trkpt>
   <trkpt lat="2.0259775" lon="103.3487971">
    <ele>142</ele>
   </trkpt>
   <trkpt lat="2.0259760" lon="103.3487789">
    <ele>142</ele>
   </trkpt>
   <trkpt lat="2.0259744" lon="103.3487607">
    <ele>142</ele>
   </trkpt>
   <trkpt lat="2.0259671" lon="103.3487063">
    <ele>141</ele>
   </trkpt>
   <trkpt lat="2.0259637" lon="103.3486887">
    <ele>141</ele>
   </trkpt>
   <trkpt lat="2.0259604" lon="103.3486711">
    <ele>141</ele>
   </trkpt>
   <trkpt lat="2.0259571" lon="103.3486536">
    <ele>141</ele>
   </trkpt>
   <trkpt lat="2.0259425" lon="103.3486055">
    <ele>140</ele>
   </trkpt>
   <trkpt lat="2.0259360" lon="103.3485898">
    <ele>140</ele>
   </trkpt>
   <trkpt lat="2.0259295" lon="103.3485743">
    <ele>139</ele>
   </trkpt>
   <trkpt lat="2.0259230" lon="103.3485588">
    <ele>139</ele>
   </trkpt>
   <trkpt lat="2.0258981" lon="103.3485136">
    <ele>138</ele>
   </trkpt>
   <trkpt lat="2.0258892" lon="103.3484974">
    <ele>138</ele>
   </trkpt>
   <trkpt lat="2.0258805" lon="103.3484815">
    <ele>137</ele>
   </trkpt>
   <trkpt lat="2.0258718" lon="103.3484655">
    <ele>137</ele>
   </trkpt>
   <trkpt lat="2.0258493" lon="103.3484137">
    <ele>136</ele>
   </trkpt>
   <trkpt lat="2.0258432" lon="103.3483970">
    <ele>136</ele>
   </trkpt>
   <trkpt lat="2.0258371" lon="103.3483804">
    <ele>135</ele>
   </trkpt>
   <trkpt lat="2.0258312" lon="103.3483638">
    <ele>135</ele>
   </trkpt>
   <trkpt lat="2.0258151" lon="103.3483160">
    <ele>134</ele>
   </trkpt>
   <trkpt lat="2.0258085" lon="103.3482990">
    <ele>133</ele>
   </trkpt>
   <trkpt lat="2.0258019" lon="103.3482821">
    <ele>132</ele>
   </trkpt>
   <trkpt lat="2.0257953" lon="103.3482652">
    <ele>132</ele>
   </trkpt>
   <trkpt lat="2.0257695" lon="103.3482127">
    <ele>131</ele>
   </trkpt>
   <trkpt lat="2.0257591" lon="103.3481983">
    <ele>131</ele>
   </trkpt>
   <trkpt lat="2.0257487" lon="103.3481839">
    <ele>130</ele>
   </trkpt>
   <trkpt lat="2.0257383" lon="103.3481696">
    <ele>130</ele>
   </trkpt>
   <trkpt lat="2.0257009" lon="103.3481384">
    <ele>129</ele>
   </trkpt>
   <trkpt lat="2.0256873" lon="103.3481256">
    <ele>129</ele>
   </trkpt>
   <trkpt lat="2.0256740" lon="103.3481128">
    <ele>128</ele>
   </trkpt>
   <trkpt lat="2.0256606" lon="103.3481000">
    <ele>128</ele>
   </trkpt>
   <trkpt lat="2.0256224" lon="103.3480458">
    <ele>127</ele>
   </trkpt>
   <trkpt lat="2.0256124" lon="103.3480238">
    <ele>127</ele>
   </trkpt>
   <trkpt lat="2.0256024" lon="103.3480018">
    <ele>126</ele>
   </trkpt>
   <trkpt lat="2.0255925" lon="103.3479799">
    <ele>126</ele>
   </trkpt>
   <trkpt lat="2.0255700" lon="103.3479095">
    <ele>125</ele>
   </trkpt>
   <trkpt lat="2.0255607" lon="103.3478860">
    <ele>125</ele>
   </trkpt>
   <trkpt lat="2.0255514" lon="103.3478626">
    <ele>124</ele>
   </trkpt>
   <trkpt lat="2.0255422" lon="103.3478392">
    <ele>124</ele>
   </trkpt>
   <trkpt lat="2.0255127" lon="103.3477702">
    <ele>123</ele>
   </trkpt>
   <trkpt lat="2.0255036" lon="103.3477468">
    <ele>123</ele>
   </trkpt>
   <trkpt lat="2.0254945" lon="103.3477234">
    <ele>123</ele>
   </trkpt>
   <trkpt lat="2.0254855" lon="103.3477000">
    <ele>123</ele>
   </trkpt>
   <trkpt lat="2.0254576" lon="103.3476253">
    <ele>122</ele>
   </trkpt>
   <trkpt lat="2.0254464" lon="103.3476003">
    <ele>122</ele>
   </trkpt>
   <trkpt lat="2.0254353" lon="103.3475754">
    <ele>122</ele>
   </trkpt>
   <trkpt lat="2.0254241" lon="103.3475505">
    <ele>122</ele>
   </trkpt>
   <trkpt lat="2.0253880" lon="103.3474818">
    <ele>121</ele>
   </trkpt>
   <trkpt lat="2.0253777" lon="103.3474605">
    <ele>121</ele>
   </trkpt>
   <trkpt lat="2.0253673" lon="103.3474392">
    <ele>121</ele>
   </trkpt>
   <trkpt lat="2.0253570" lon="103.3474179">
    <ele>121</ele>
   </trkpt>
   <trkpt lat="2.0253359" lon="103.3473469">
    <ele>120</ele>
   </trkpt>
   <trkpt lat="2.0253319" lon="103.3473217">
    <ele>120</ele>
   </trkpt>
   <trkpt lat="2.0253280" lon="103.3472965">
    <ele>120</ele>
   </trkpt>
   <trkpt lat="2.0253241" lon="103.3472714">
    <ele>120</ele>
   </trkpt>
   <trkpt lat="2.0253185" lon="103.3471926">
    <ele>119</ele>
   </trkpt>
   <trkpt lat="2.0253186" lon="103.3471674">
    <ele>119</ele>
   </trkpt>
   <trkpt lat="2.0253188" lon="103.3471421">
    <ele>119</ele>
   </trkpt>
   <trkpt lat="2.0253190" lon="103.3471171">
    <ele>119</ele>
   </trkpt>
   <trkpt lat="2.0253240" lon="103.3470451">
    <ele>118</ele>
   </trkpt>
   <trkpt lat="2.0253264" lon="103.3470217">
    <ele>118</ele>
   </trkpt>
   <trkpt lat="2.0253289" lon="103.3469986">
    <ele>118</ele>
   </trkpt>
   <trkpt lat="2.0253313" lon="103.3469754">
    <ele>118</ele>
   </trkpt>
   <trkpt lat="2.0253378" lon="103.3469123">
    <ele>118</ele>
   </trkpt>
   <trkpt lat="2.0253395" lon="103.3468922">
    <ele>118</ele>
   </trkpt>
   <trkpt lat="2.0253412" lon="103.3468720">
    <ele>118</ele>
   </trkpt>
   <trkpt lat="2.0253430" lon="103.3468519">
    <ele>118</ele>
   </trkpt>
   <trkpt lat="2.0253469" lon="103.3467891">
    <ele>117</ele>
   </trkpt>
   <trkpt lat="2.0253454" lon="103.3467673">
    <ele>117</ele>
   </trkpt>
   <trkpt lat="2.0253442" lon="103.3467455">
    <ele>117</ele>
   </trkpt>
   <trkpt lat="2.0253429" lon="103.3467238">
    <ele>117</ele>
   </trkpt>
   <trkpt lat="2.0253299" lon="103.3466569">
    <ele>116</ele>
   </trkpt>
   <trkpt lat="2.0253226" lon="103.3466351">
    <ele>116</ele>
   </trkpt>
   <trkpt lat="2.0253153" lon="103.3466133">
    <ele>115</ele>
   </trkpt>
   <trkpt lat="2.0253080" lon="103.3465915">
    <ele>115</ele>
   </trkpt>
   <trkpt lat="2.0252773" lon="103.3465261">
    <ele>114</ele>
   </trkpt>
   <trkpt lat="2.0252659" lon="103.3465049">
    <ele>114</ele>
   </trkpt>
   <trkpt lat="2.0252545" lon="103.3464836">
    <ele>114</ele>
   </trkpt>
   <trkpt lat="2.0252433" lon="103.3464626">
    <ele>114</ele>
   </trkpt>
   <trkpt lat="2.0252108" lon="103.3464057">
    <ele>113</ele>
   </trkpt>
   <trkpt lat="2.0252007" lon="103.3463876">
    <ele>113</ele>
   </trkpt>
   <trkpt lat="2.0251907" lon="103.3463697">
    <ele>113</ele>
   </trkpt>
   <trkpt lat="2.0251807" lon="103.3463517">
    <ele>113</ele>
   </trkpt>
   <trkpt lat="2.0251544" lon="103.3462921">
    <ele>112</ele>
   </trkpt>
   <trkpt lat="2.0251463" lon="103.3462711">
    <ele>112</ele>
   </trkpt>
   <trkpt lat="2.0251382" lon="103.3462501">
    <ele>112</ele>
   </trkpt>
   <trkpt lat="2.0251302" lon="103.3462291">
    <ele>112</ele>
   </trkpt>
   <trkpt lat="2.0251073" lon="103.3461631">
    <ele>111</ele>
   </trkpt>
   <trkpt lat="2.0251004" lon="103.3461413">
    <ele>111</ele>
   </trkpt>
   <trkpt lat="2.0250935" lon="103.3461197">
    <ele>111</ele>
   </trkpt>
   <trkpt lat="2.0250866" lon="103.3460981">
    <ele>111</ele>
   </trkpt>
   <trkpt lat="2.0250591" lon="103.3460385">
    <ele>110</ele>
   </trkpt>
   <trkpt lat="2.0250480" lon="103.3460202">
    <ele>110</ele>
   </trkpt>
   <trkpt lat="2.0250369" lon="103.3460019">
    <ele>110</ele>
   </trkpt>
   <trkpt lat="2.0250259" lon="103.3459837">
    <ele>110</ele>
   </trkpt>
   <trkpt lat="2.0249918" lon="103.3459299">
    <ele>109</ele>
   </trkpt>
   <trkpt lat="2.0249817" lon="103.3459103">
    <ele>109</ele>
   </trkpt>
   <trkpt lat="2.0249716" lon="103.3458907">
    <ele>108</ele>
   </trkpt>
   <trkpt lat="2.0249616" lon="103.3458712">
    <ele>108</ele>
   </trkpt>
   <trkpt lat="2.0249335" lon="103.3458093">
    <ele>107</ele>
   </trkpt>
   <trkpt lat="2.0249258" lon="103.3457878">
    <ele>107</ele>
   </trkpt>
   <trkpt lat="2.0249180" lon="103.3457664">
    <ele>107</ele>
   </trkpt>
   <trkpt lat="2.0249103" lon="103.3457449">
    <ele>107</ele>
   </trkpt>
   <trkpt lat="2.0248944" lon="103.3456790">
    <ele>106</ele>
   </trkpt>
   <trkpt lat="2.0248901" lon="103.3456565">
    <ele>106</ele>
   </trkpt>
   <trkpt lat="2.0248858" lon="103.3456340">
    <ele>105</ele>
   </trkpt>
   <trkpt lat="2.0248814" lon="103.3456115">
    <ele>105</ele>
   </trkpt>
   <trkpt lat="2.0248670" lon="103.3455434">
    <ele>104</ele>
   </trkpt>
   <trkpt lat="2.0248622" lon="103.3455198">
    <ele>104</ele>
   </trkpt>
   <trkpt lat="2.0248574" lon="103.3454962">
    <ele>104</ele>
   </trkpt>
   <trkpt lat="2.0248527" lon="103.3454728">
    <ele>104</ele>
   </trkpt>
   <trkpt lat="2.0248460" lon="103.3453989">
    <ele>103</ele>
   </trkpt>
   <trkpt lat="2.0248469" lon="103.3453751">
    <ele>103</ele>
   </trkpt>
   <trkpt lat="2.0248478" lon="103.3453513">
    <ele>102</ele>
   </trkpt>
   <trkpt lat="2.0248488" lon="103.3453276">
    <ele>102</ele>
   </trkpt>
   <trkpt lat="2.0248550" lon="103.3452585">
    <ele>101</ele>
   </trkpt>
   <trkpt lat="2.0248535" lon="103.3452368">
    <ele>101</ele>
   </trkpt>
   <trkpt lat="2.0248520" lon="103.3452152">
    <ele>101</ele>
   </trkpt>
   <trkpt lat="2.0248505" lon="103.3451936">
    <ele>101</ele>
   </trkpt>
   <trkpt lat="2.0248293" lon="103.3451283">
    <ele>100</ele>
   </trkpt>
   <trkpt lat="2.0248198" lon="103.3451070">
    <ele>100</ele>
   </trkpt>
   <trkpt lat="2.0248105" lon="103.3450857">
    <ele>100</ele>
   </trkpt>
   <trkpt lat="2.0248011" lon="103.3450644">
    <ele>100</ele>
   </trkpt>
   <trkpt lat="2.0247734" lon="103.3449993">
    <ele>99</ele>
   </trkpt>
   <trkpt lat="2.0247679" lon="103.3449778">
    <ele>99</ele>
   </trkpt>
   <trkpt lat="2.0247623" lon="103.3449563">
    <ele>99</ele>
   </trkpt>
   <trkpt lat="2.0247567" lon="103.3449348">
    <ele>99</ele>
   </trkpt>
   <trkpt lat="2.0247541" lon="103.3448710">
    <ele>99</ele>
   </trkpt>
   <trkpt lat="2.0247584" lon="103.3448492">
    <ele>99</ele>
   </trkpt>
   <trkpt lat="2.0247627" lon="103.3448274">
    <ele>99</ele>
   </trkpt>
   <trkpt lat="2.0247671" lon="103.3448057">
    <ele>99</ele>
   </trkpt>
   <trkpt lat="2.0247878" lon="103.3447485">
    <ele>99</ele>
   </trkpt>
   <trkpt lat="2.0247932" lon="103.3447347">
    <ele>99</ele>
   </trkpt>
   <trkpt lat="2.0247988" lon="103.3447209">
    <ele>99</ele>
   </trkpt>
   <trkpt lat="2.0248044" lon="103.3447070">
    <ele>99</ele>
   </trkpt>
   <trkpt lat="2.0248165" lon="103.3446814">
    <ele>98</ele>
   </trkpt>
   <trkpt lat="2.0248212" lon="103.3446778">
    <ele>98</ele>
   </trkpt>
   <trkpt lat="2.0248259" lon="103.3446742">
    <ele>98</ele>
   </trkpt>
   <trkpt lat="2.0248306" lon="103.3446706">
    <ele>98</ele>
   </trkpt>
   <trkpt lat="2.0248496" lon="103.3446635">
    <ele>98</ele>
   </trkpt>
  </trkseg>
 </trk>
</gpx>
