<?xml version="1.0" encoding="UTF-8"?>
<gpx creator="StravaGPX" version="1.1" xmlns="http://www.topografix.com/GPX/1/1" xmlns:xsi="http://www.w3.org/2001/XMLSchema-instance" xsi:schemaLocation="http://www.topografix.com/GPX/1/1 http://www.topografix.com/GPX/1/1/gpx.xsd">
 <metadata>
  <name>UTSG 60km FINAL REVISED</name>
  <author>
   <name>Edi Huang</name>
   <link href="https://www.strava.com/athletes/37165208"/>
  </author>
  <copyright author="OpenStreetMap contributors">
   <year>2020</year>
   <license>https://www.openstreetmap.org/copyright</license>
  </copyright>
  <link href="https://www.strava.com/routes/3441827663058423822"/>
 </metadata>
 <trk>
  <name>UTSG 60km FINAL REVISED</name>
  <link href="https://www.strava.com/routes/3441827663058423822"/>
  <type>running</type>
  <trkseg>
   <trkpt lat="1.3573300000000001" lon="103.76872">
    <ele>35.57</ele>
   </trkpt>
   <trkpt lat="1.35731" lon="103.76867000000001">
    <ele>35.57</ele>
   </trkpt>
   <trkpt lat="1.35731" lon="103.76856000000001">
    <ele>35.27</ele>
   </trkpt>
   <trkpt lat="1.3573300000000001" lon="103.76847000000001">
    <ele>35.27</ele>
   </trkpt>
   <trkpt lat="1.3574000000000002" lon="103.76839000000001">
    <ele>35.14</ele>
   </trkpt>
   <trkpt lat="1.35746" lon="103.76830000000001">
    <ele>34.4</ele>
   </trkpt>
   <trkpt lat="1.35748" lon="103.76821000000001">
    <ele>34.010000000000005</ele>
   </trkpt>
   <trkpt lat="1.3576300000000001" lon="103.76806">
    <ele>33.03</ele>
   </trkpt>
   <trkpt lat="1.3581500000000002" lon="103.76767000000001">
    <ele>30.230000000000004</ele>
   </trkpt>
   <trkpt lat="1.35833" lon="103.76763000000001">
    <ele>29.810000000000002</ele>
   </trkpt>
   <trkpt lat="1.35847" lon="103.7676">
    <ele>29.540000000000003</ele>
   </trkpt>
   <trkpt lat="1.35846" lon="103.76757">
    <ele>29.34</ele>
   </trkpt>
   <trkpt lat="1.3589150000724333" lon="103.76752000000153">
    <ele>29.120000000000005</ele>
   </trkpt>
   <trkpt lat="1.3593700000000002" lon="103.76747">
    <ele>28.87</ele>
   </trkpt>
   <trkpt lat="1.3600950000415353" lon="103.76738000002209">
    <ele>28.76</ele>
   </trkpt>
   <trkpt lat="1.3608200000000001" lon="103.76729">
    <ele>28.78</ele>
   </trkpt>
   <trkpt lat="1.3611000000000002" lon="103.76729">
    <ele>28.39</ele>
   </trkpt>
   <trkpt lat="1.36159" lon="103.76734">
    <ele>28.090000000000003</ele>
   </trkpt>
   <trkpt lat="1.3621100000000002" lon="103.76753000000001">
    <ele>27.51</ele>
   </trkpt>
   <trkpt lat="1.3622400000000001" lon="103.76754000000001">
    <ele>27.4</ele>
   </trkpt>
   <trkpt lat="1.3625200000000002" lon="103.76763000000001">
    <ele>27.42</ele>
   </trkpt>
   <trkpt lat="1.36251" lon="103.76763000000001">
    <ele>27.42</ele>
   </trkpt>
   <trkpt lat="1.3626200000000002" lon="103.76767000000001">
    <ele>27.46</ele>
   </trkpt>
   <trkpt lat="1.3627500000000001" lon="103.76775">
    <ele>27.470000000000002</ele>
   </trkpt>
   <trkpt lat="1.36315" lon="103.76785000000001">
    <ele>27.44</ele>
   </trkpt>
   <trkpt lat="1.36325" lon="103.76793">
    <ele>27.540000000000003</ele>
   </trkpt>
   <trkpt lat="1.3633000000000002" lon="103.76802">
    <ele>27.540000000000003</ele>
   </trkpt>
   <trkpt lat="1.3633933335017874" lon="103.76864666665442">
    <ele>30.900000000000002</ele>
   </trkpt>
   <trkpt lat="1.3634866668405383" lon="103.76927333335745">
    <ele>35.09</ele>
   </trkpt>
   <trkpt lat="1.36358" lon="103.7699">
    <ele>38.12</ele>
   </trkpt>
   <trkpt lat="1.36373" lon="103.77041000000001">
    <ele>39.540000000000006</ele>
   </trkpt>
   <trkpt lat="1.364075000160209" lon="103.77121499994438">
    <ele>42.24000000000001</ele>
   </trkpt>
   <trkpt lat="1.3644200000000002" lon="103.77202000000001">
    <ele>45.31</ele>
   </trkpt>
   <trkpt lat="1.3645200000000002" lon="103.77236">
    <ele>46.410000000000004</ele>
   </trkpt>
   <trkpt lat="1.36454" lon="103.77243000000001">
    <ele>46.61000000000001</ele>
   </trkpt>
   <trkpt lat="1.36463" lon="103.77291000000001">
    <ele>47.99</ele>
   </trkpt>
   <trkpt lat="1.3646600000000002" lon="103.77337000000001">
    <ele>47.57</ele>
   </trkpt>
   <trkpt lat="1.3646550000429332" lon="103.77383000009584">
    <ele>46.510000000000005</ele>
   </trkpt>
   <trkpt lat="1.3646500000000001" lon="103.77429000000001">
    <ele>44.52</ele>
   </trkpt>
   <trkpt lat="1.3646600000865916" lon="103.77493500000723">
    <ele>42.97</ele>
   </trkpt>
   <trkpt lat="1.36467" lon="103.77558">
    <ele>42.32</ele>
   </trkpt>
   <trkpt lat="1.36491" lon="103.77557">
    <ele>41.660000000000004</ele>
   </trkpt>
   <trkpt lat="1.3649900000000001" lon="103.77560000000001">
    <ele>41.550000000000004</ele>
   </trkpt>
   <trkpt lat="1.36505" lon="103.77569000000001">
    <ele>41.52</ele>
   </trkpt>
   <trkpt lat="1.3649600000000002" lon="103.77582000000001">
    <ele>41.75</ele>
   </trkpt>
   <trkpt lat="1.3649900000683126" lon="103.77638500003009">
    <ele>42.13</ele>
   </trkpt>
   <trkpt lat="1.3650200000000001" lon="103.77695000000001">
    <ele>42.440000000000005</ele>
   </trkpt>
   <trkpt lat="1.36515" lon="103.77777">
    <ele>43.13</ele>
   </trkpt>
   <trkpt lat="1.3652500000977912" lon="103.77822500023024">
    <ele>43.31</ele>
   </trkpt>
   <trkpt lat="1.36535" lon="103.77868000000001">
    <ele>43.4</ele>
   </trkpt>
   <trkpt lat="1.3654300000000001" lon="103.77866">
    <ele>44.18</ele>
   </trkpt>
   <trkpt lat="1.3659800000000002" lon="103.77867">
    <ele>52.11</ele>
   </trkpt>
   <trkpt lat="1.3659700000000001" lon="103.77867">
    <ele>52.07000000000001</ele>
   </trkpt>
   <trkpt lat="1.36667" lon="103.77858">
    <ele>60.230000000000004</ele>
   </trkpt>
   <trkpt lat="1.36708" lon="103.77847000000001">
    <ele>58.32</ele>
   </trkpt>
   <trkpt lat="1.36738" lon="103.77848">
    <ele>56.650000000000006</ele>
   </trkpt>
   <trkpt lat="1.36749" lon="103.77845">
    <ele>56.410000000000004</ele>
   </trkpt>
   <trkpt lat="1.3676000000000001" lon="103.77839">
    <ele>56.39</ele>
   </trkpt>
   <trkpt lat="1.36776" lon="103.77836">
    <ele>57.11000000000001</ele>
   </trkpt>
   <trkpt lat="1.36827" lon="103.77836">
    <ele>58.82</ele>
   </trkpt>
   <trkpt lat="1.368720000150668" lon="103.77843500001084">
    <ele>47.03</ele>
   </trkpt>
   <trkpt lat="1.3691700000000002" lon="103.77851000000001">
    <ele>52.64000000000001</ele>
   </trkpt>
   <trkpt lat="1.3697700000000002" lon="103.77829000000001">
    <ele>55.39</ele>
   </trkpt>
   <trkpt lat="1.3704300000231064" lon="103.77794000009776">
    <ele>48.440000000000005</ele>
   </trkpt>
   <trkpt lat="1.3710900000000001" lon="103.77759">
    <ele>48.63</ele>
   </trkpt>
   <trkpt lat="1.3716250000711243" lon="103.77729500003677">
    <ele>46.96</ele>
   </trkpt>
   <trkpt lat="1.37216" lon="103.77700000000002">
    <ele>52.52</ele>
   </trkpt>
   <trkpt lat="1.372895000044744" lon="103.77679250018645">
    <ele>49.74</ele>
   </trkpt>
   <trkpt lat="1.373630000071488" lon="103.7765850002453">
    <ele>48.64</ele>
   </trkpt>
   <trkpt lat="1.3743650000802234" lon="103.7763775001765">
    <ele>45.26</ele>
   </trkpt>
   <trkpt lat="1.3751000000000002" lon="103.77617000000001">
    <ele>30.310000000000002</ele>
   </trkpt>
   <trkpt lat="1.37518" lon="103.77617000000001">
    <ele>31.310000000000002</ele>
   </trkpt>
   <trkpt lat="1.3752000000000002" lon="103.77624000000002">
    <ele>30.890000000000004</ele>
   </trkpt>
   <trkpt lat="1.3752300000000002" lon="103.77626000000001">
    <ele>30.890000000000004</ele>
   </trkpt>
   <trkpt lat="1.37522" lon="103.77626000000001">
    <ele>30.94</ele>
   </trkpt>
   <trkpt lat="1.37524" lon="103.77627000000001">
    <ele>30.94</ele>
   </trkpt>
   <trkpt lat="1.37532" lon="103.7762">
    <ele>30.37</ele>
   </trkpt>
   <trkpt lat="1.37566" lon="103.77612">
    <ele>31.090000000000003</ele>
   </trkpt>
   <trkpt lat="1.3760100000000002" lon="103.77637000000001">
    <ele>39.970000000000006</ele>
   </trkpt>
   <trkpt lat="1.376820000064519" lon="103.7761342861969">
    <ele>37.3</ele>
   </trkpt>
   <trkpt lat="1.3776300001057442" lon="103.77589857223361">
    <ele>40.99</ele>
   </trkpt>
   <trkpt lat="1.378440000123662" lon="103.77566285811004">
    <ele>45.28</ele>
   </trkpt>
   <trkpt lat="1.379250000118259" lon="103.7754271438261">
    <ele>46.96</ele>
   </trkpt>
   <trkpt lat="1.3800600000895213" lon="103.77519142938166">
    <ele>49.28</ele>
   </trkpt>
   <trkpt lat="1.3808700000374352" lon="103.7749557147767">
    <ele>46.17</ele>
   </trkpt>
   <trkpt lat="1.38168" lon="103.77472">
    <ele>43.83</ele>
   </trkpt>
   <trkpt lat="1.3825254545604453" lon="103.77463636393475">
    <ele>42.60000000000001</ele>
   </trkpt>
   <trkpt lat="1.3833709091179458" lon="103.7745527278099">
    <ele>43.03000000000001</ele>
   </trkpt>
   <trkpt lat="1.3842163636725" lon="103.77446909162548">
    <ele>40.36</ele>
   </trkpt>
   <trkpt lat="1.3850618182241055" lon="103.77438545538139">
    <ele>37.68000000000001</ele>
   </trkpt>
   <trkpt lat="1.3859072727727606" lon="103.77430181907764">
    <ele>34.910000000000004</ele>
   </trkpt>
   <trkpt lat="1.3867527273184643" lon="103.77421818271415">
    <ele>38.09</ele>
   </trkpt>
   <trkpt lat="1.3875981818612142" lon="103.77413454629092">
    <ele>32.580000000000005</ele>
   </trkpt>
   <trkpt lat="1.3884436364010084" lon="103.7740509098079">
    <ele>34.03</ele>
   </trkpt>
   <trkpt lat="1.3892890909378448" lon="103.77396727326506">
    <ele>37.230000000000004</ele>
   </trkpt>
   <trkpt lat="1.3901345454717227" lon="103.77388363666236">
    <ele>36.49</ele>
   </trkpt>
   <trkpt lat="1.39098" lon="103.77380000000001">
    <ele>33.68</ele>
   </trkpt>
   <trkpt lat="1.39098" lon="103.77378">
    <ele>32.38</ele>
   </trkpt>
   <trkpt lat="1.3916900000197496" lon="103.77371666670321">
    <ele>31.51</ele>
   </trkpt>
   <trkpt lat="1.3924000000378" lon="103.77365333336829">
    <ele>33.300000000000004</ele>
   </trkpt>
   <trkpt lat="1.39311" lon="103.77359000000001">
    <ele>35.26</ele>
   </trkpt>
   <trkpt lat="1.39342" lon="103.77349000000001">
    <ele>36.19</ele>
   </trkpt>
   <trkpt lat="1.3938000000000001" lon="103.77342">
    <ele>38.06</ele>
   </trkpt>
   <trkpt lat="1.3939700000000002" lon="103.77341000000001">
    <ele>39.650000000000006</ele>
   </trkpt>
   <trkpt lat="1.39467" lon="103.77332000000001">
    <ele>45.03</ele>
   </trkpt>
   <trkpt lat="1.3953866666346757" lon="103.7732700000328">
    <ele>47.49</ele>
   </trkpt>
   <trkpt lat="1.3961033332682888" lon="103.77322000003511">
    <ele>54.050000000000004</ele>
   </trkpt>
   <trkpt lat="1.3968200000000002" lon="103.77317000000001">
    <ele>58.260000000000005</ele>
   </trkpt>
   <trkpt lat="1.39707" lon="103.77314000000001">
    <ele>60.77</ele>
   </trkpt>
   <trkpt lat="1.3978733333436428" lon="103.77303333351621">
    <ele>70.16</ele>
   </trkpt>
   <trkpt lat="1.398676666682443" lon="103.77292666695939">
    <ele>65.79</ele>
   </trkpt>
   <trkpt lat="1.3994800000163976" lon="103.77282000032956">
    <ele>57.59</ele>
   </trkpt>
   <trkpt lat="1.4002833333455036" lon="103.77271333362667">
    <ele>67.67</ele>
   </trkpt>
   <trkpt lat="1.4010866666697581" lon="103.77260666685063">
    <ele>60.08</ele>
   </trkpt>
   <trkpt lat="1.40189" lon="103.77250000000001">
    <ele>53.27</ele>
   </trkpt>
   <trkpt lat="1.40229" lon="103.77256000000001">
    <ele>54.59</ele>
   </trkpt>
   <trkpt lat="1.40247" lon="103.77261000000001">
    <ele>56.43000000000001</ele>
   </trkpt>
   <trkpt lat="1.4027900000000002" lon="103.77266">
    <ele>56.43000000000001</ele>
   </trkpt>
   <trkpt lat="1.4034766666570535" lon="103.77290333317804">
    <ele>56.43000000000001</ele>
   </trkpt>
   <trkpt lat="1.4041633332888026" lon="103.77314666649897">
    <ele>56.43000000000001</ele>
   </trkpt>
   <trkpt lat="1.4048500000000002" lon="103.77339">
    <ele>56.43000000000001</ele>
   </trkpt>
   <trkpt lat="1.4055700000000002" lon="103.7733">
    <ele>56.43000000000001</ele>
   </trkpt>
   <trkpt lat="1.40575" lon="103.7733">
    <ele>56.43000000000001</ele>
   </trkpt>
   <trkpt lat="1.40581" lon="103.77326000000001">
    <ele>56.43000000000001</ele>
   </trkpt>
   <trkpt lat="1.40596" lon="103.77328000000001">
    <ele>30.09</ele>
   </trkpt>
   <trkpt lat="1.40606" lon="103.7732">
    <ele>30.09</ele>
   </trkpt>
   <trkpt lat="1.4061400000000002" lon="103.7732">
    <ele>30.09</ele>
   </trkpt>
   <trkpt lat="1.40619" lon="103.77316">
    <ele>30.09</ele>
   </trkpt>
   <trkpt lat="1.4062400000000002" lon="103.77316">
    <ele>30.09</ele>
   </trkpt>
   <trkpt lat="1.4063800000000002" lon="103.77310000000001">
    <ele>30.09</ele>
   </trkpt>
   <trkpt lat="1.4066800000000002" lon="103.77304000000001">
    <ele>30.09</ele>
   </trkpt>
   <trkpt lat="1.40677" lon="103.77298">
    <ele>30.09</ele>
   </trkpt>
   <trkpt lat="1.4071200000000001" lon="103.77291000000001">
    <ele>30.09</ele>
   </trkpt>
   <trkpt lat="1.4072600000000002" lon="103.77285">
    <ele>30.09</ele>
   </trkpt>
   <trkpt lat="1.40735" lon="103.77286000000001">
    <ele>30.09</ele>
   </trkpt>
   <trkpt lat="1.40744" lon="103.77285">
    <ele>30.09</ele>
   </trkpt>
   <trkpt lat="1.40751" lon="103.77278000000001">
    <ele>30.09</ele>
   </trkpt>
   <trkpt lat="1.40761" lon="103.77274000000001">
    <ele>30.09</ele>
   </trkpt>
   <trkpt lat="1.40771" lon="103.77273000000001">
    <ele>30.09</ele>
   </trkpt>
   <trkpt lat="1.4077700000000002" lon="103.77281">
    <ele>30.09</ele>
   </trkpt>
   <trkpt lat="1.40785" lon="103.77286000000001">
    <ele>30.09</ele>
   </trkpt>
   <trkpt lat="1.40822" lon="103.77283000000001">
    <ele>30.09</ele>
   </trkpt>
   <trkpt lat="1.4084400000000001" lon="103.77277000000001">
    <ele>30.09</ele>
   </trkpt>
   <trkpt lat="1.40849" lon="103.77273000000001">
    <ele>30.09</ele>
   </trkpt>
   <trkpt lat="1.4085800000000002" lon="103.77272">
    <ele>30.09</ele>
   </trkpt>
   <trkpt lat="1.40867" lon="103.77273000000001">
    <ele>30.09</ele>
   </trkpt>
   <trkpt lat="1.4088100000000001" lon="103.77278000000001">
    <ele>30.09</ele>
   </trkpt>
   <trkpt lat="1.4089600000000002" lon="103.77272">
    <ele>30.09</ele>
   </trkpt>
   <trkpt lat="1.4091900000000002" lon="103.77268000000001">
    <ele>30.09</ele>
   </trkpt>
   <trkpt lat="1.40928" lon="103.77267">
    <ele>30.130000000000003</ele>
   </trkpt>
   <trkpt lat="1.4094300000000002" lon="103.77273000000001">
    <ele>30.130000000000003</ele>
   </trkpt>
   <trkpt lat="1.40951" lon="103.77273000000001">
    <ele>27.96</ele>
   </trkpt>
   <trkpt lat="1.4096000000000002" lon="103.77268000000001">
    <ele>27.96</ele>
   </trkpt>
   <trkpt lat="1.4096400000000002" lon="103.77253">
    <ele>27.96</ele>
   </trkpt>
   <trkpt lat="1.4096000000000002" lon="103.77249">
    <ele>27.990000000000002</ele>
   </trkpt>
   <trkpt lat="1.4096300000000002" lon="103.77245">
    <ele>27.990000000000002</ele>
   </trkpt>
   <trkpt lat="1.4104650000069936" lon="103.7723650001527">
    <ele>31.970000000000006</ele>
   </trkpt>
   <trkpt lat="1.4113000000108837" lon="103.77228000024441">
    <ele>36.51</ele>
   </trkpt>
   <trkpt lat="1.4121350000116695" lon="103.77219500027508">
    <ele>26.500000000000004</ele>
   </trkpt>
   <trkpt lat="1.4129700000093484" lon="103.77211000024467">
    <ele>33.84</ele>
   </trkpt>
   <trkpt lat="1.4138050000039186" lon="103.77202500015315">
    <ele>29.580000000000002</ele>
   </trkpt>
   <trkpt lat="1.4146400000000001" lon="103.77194000000001">
    <ele>17.75</ele>
   </trkpt>
   <trkpt lat="1.4146" lon="103.77157000000001">
    <ele>19.55</ele>
   </trkpt>
   <trkpt lat="1.415344999894577" lon="103.77152500002086">
    <ele>16.470000000000002</ele>
   </trkpt>
   <trkpt lat="1.41609" lon="103.77148000000001">
    <ele>15.38</ele>
   </trkpt>
   <trkpt lat="1.41649" lon="103.77195">
    <ele>21.18</ele>
   </trkpt>
   <trkpt lat="1.4166400000000001" lon="103.77192000000001">
    <ele>24.96</ele>
   </trkpt>
   <trkpt lat="1.4169800000000001" lon="103.77191">
    <ele>29.200000000000003</ele>
   </trkpt>
   <trkpt lat="1.4177650001053437" lon="103.7718900000041">
    <ele>39.339999999999996</ele>
   </trkpt>
   <trkpt lat="1.4185500000000002" lon="103.77187">
    <ele>34.870000000000005</ele>
   </trkpt>
   <trkpt lat="1.4190900001189957" lon="103.77186000000015">
    <ele>36.11</ele>
   </trkpt>
   <trkpt lat="1.4196300000000002" lon="103.77185000000001">
    <ele>32.269999999999996</ele>
   </trkpt>
   <trkpt lat="1.42023" lon="103.77173">
    <ele>31.34</ele>
   </trkpt>
   <trkpt lat="1.4206500000000002" lon="103.77177">
    <ele>35.39</ele>
   </trkpt>
   <trkpt lat="1.42111000010054" lon="103.77174499999953">
    <ele>38.68000000000001</ele>
   </trkpt>
   <trkpt lat="1.4215700000000002" lon="103.77172">
    <ele>34.38</ele>
   </trkpt>
   <trkpt lat="1.4222700000000001" lon="103.77167000000001">
    <ele>24.690000000000005</ele>
   </trkpt>
   <trkpt lat="1.4223500000000002" lon="103.77163">
    <ele>23.91</ele>
   </trkpt>
   <trkpt lat="1.42252" lon="103.77161000000001">
    <ele>23.160000000000004</ele>
   </trkpt>
   <trkpt lat="1.4232500000000001" lon="103.77159">
    <ele>22.36</ele>
   </trkpt>
   <trkpt lat="1.42391" lon="103.77182">
    <ele>21.810000000000002</ele>
   </trkpt>
   <trkpt lat="1.4246333334257584" lon="103.77180666667334">
    <ele>20.990000000000002</ele>
   </trkpt>
   <trkpt lat="1.42535666685144" lon="103.77179333333832">
    <ele>18.94</ele>
   </trkpt>
   <trkpt lat="1.42608" lon="103.77178">
    <ele>25.96</ele>
   </trkpt>
   <trkpt lat="1.4268366666749666" lon="103.77176000001295">
    <ele>32.13</ele>
   </trkpt>
   <trkpt lat="1.4275933333497595" lon="103.77174000001271">
    <ele>30.560000000000002</ele>
   </trkpt>
   <trkpt lat="1.42835" lon="103.77172">
    <ele>25.380000000000003</ele>
   </trkpt>
   <trkpt lat="1.4284000000000001" lon="103.77179000000001">
    <ele>24.91</ele>
   </trkpt>
   <trkpt lat="1.4284000000000001" lon="103.77178">
    <ele>24.94</ele>
   </trkpt>
   <trkpt lat="1.4285400000000001" lon="103.77196">
    <ele>24.400000000000002</ele>
   </trkpt>
   <trkpt lat="1.42774" lon="103.77197000000001">
    <ele>25.68</ele>
   </trkpt>
   <trkpt lat="1.4276300000000002" lon="103.77203000000002">
    <ele>25.800000000000004</ele>
   </trkpt>
   <trkpt lat="1.4275900000000001" lon="103.77207000000001">
    <ele>25.800000000000004</ele>
   </trkpt>
   <trkpt lat="1.42747" lon="103.77203000000002">
    <ele>25.79</ele>
   </trkpt>
   <trkpt lat="1.4270150001412925" lon="103.77203499999945">
    <ele>26.820000000000004</ele>
   </trkpt>
   <trkpt lat="1.42656" lon="103.77204">
    <ele>28.93</ele>
   </trkpt>
   <trkpt lat="1.4262800000000002" lon="103.77188000000001">
    <ele>27.21</ele>
   </trkpt>
   <trkpt lat="1.4255299999630235" lon="103.77189333334269">
    <ele>27.21</ele>
   </trkpt>
   <trkpt lat="1.4247799999259694" lon="103.77190666667667">
    <ele>21.560000000000002</ele>
   </trkpt>
   <trkpt lat="1.4240300000000001" lon="103.77192000000001">
    <ele>21.560000000000002</ele>
   </trkpt>
   <trkpt lat="1.4247800000371316" lon="103.7719066666747">
    <ele>21.54</ele>
   </trkpt>
   <trkpt lat="1.4255300000741853" lon="103.77189333334071">
    <ele>27.21</ele>
   </trkpt>
   <trkpt lat="1.4262800000000002" lon="103.77188000000001">
    <ele>27.21</ele>
   </trkpt>
   <trkpt lat="1.42656" lon="103.77204">
    <ele>28.93</ele>
   </trkpt>
   <trkpt lat="1.4270149998587185" lon="103.77203500000256">
    <ele>26.820000000000004</ele>
   </trkpt>
   <trkpt lat="1.42747" lon="103.77203000000002">
    <ele>25.79</ele>
   </trkpt>
   <trkpt lat="1.4275900000000001" lon="103.77207000000001">
    <ele>25.800000000000004</ele>
   </trkpt>
   <trkpt lat="1.4276300000000002" lon="103.77203000000002">
    <ele>25.800000000000004</ele>
   </trkpt>
   <trkpt lat="1.42774" lon="103.77197000000001">
    <ele>25.68</ele>
   </trkpt>
   <trkpt lat="1.4285400000000001" lon="103.77196">
    <ele>24.400000000000002</ele>
   </trkpt>
   <trkpt lat="1.42835" lon="103.77172">
    <ele>25.380000000000003</ele>
   </trkpt>
   <trkpt lat="1.4274733333566436" lon="103.77174333335051">
    <ele>31.03</ele>
   </trkpt>
   <trkpt lat="1.4265966667130507" lon="103.77176666668323">
    <ele>31.39</ele>
   </trkpt>
   <trkpt lat="1.42572" lon="103.77179000000001">
    <ele>20.740000000000002</ele>
   </trkpt>
   <trkpt lat="1.4251166666182484" lon="103.77180000000604">
    <ele>19.53</ele>
   </trkpt>
   <trkpt lat="1.4245133332364528" lon="103.77181000000685">
    <ele>21.23</ele>
   </trkpt>
   <trkpt lat="1.42391" lon="103.77182">
    <ele>21.810000000000002</ele>
   </trkpt>
   <trkpt lat="1.4232500000000001" lon="103.77159">
    <ele>22.36</ele>
   </trkpt>
   <trkpt lat="1.42252" lon="103.77161000000001">
    <ele>23.160000000000004</ele>
   </trkpt>
   <trkpt lat="1.4223500000000002" lon="103.77163">
    <ele>23.91</ele>
   </trkpt>
   <trkpt lat="1.4222700000000001" lon="103.77167000000001">
    <ele>24.690000000000005</ele>
   </trkpt>
   <trkpt lat="1.4217499999104817" lon="103.77171000001593">
    <ele>32.25</ele>
   </trkpt>
   <trkpt lat="1.4212300000000002" lon="103.77175000000001">
    <ele>38.06</ele>
   </trkpt>
   <trkpt lat="1.4206500000000002" lon="103.77177">
    <ele>35.39</ele>
   </trkpt>
   <trkpt lat="1.42023" lon="103.77173">
    <ele>31.34</ele>
   </trkpt>
   <trkpt lat="1.4201300000000001" lon="103.77174000000001">
    <ele>30.55</ele>
   </trkpt>
   <trkpt lat="1.4193959999902315" lon="103.77178200005395">
    <ele>34.85000000000001</ele>
   </trkpt>
   <trkpt lat="1.4186619999796997" lon="103.77182400008124">
    <ele>34.65</ele>
   </trkpt>
   <trkpt lat="1.4179279999684062" lon="103.77186600008187">
    <ele>36.730000000000004</ele>
   </trkpt>
   <trkpt lat="1.4171939999563514" lon="103.77190800005586">
    <ele>27.470000000000002</ele>
   </trkpt>
   <trkpt lat="1.41646" lon="103.77195">
    <ele>21.18</ele>
   </trkpt>
   <trkpt lat="1.41613" lon="103.77142">
    <ele>15.93</ele>
   </trkpt>
   <trkpt lat="1.4153249999423847" lon="103.77147500002309">
    <ele>16.85</ele>
   </trkpt>
   <trkpt lat="1.4145200000000002" lon="103.77153000000001">
    <ele>19.23</ele>
   </trkpt>
   <trkpt lat="1.4146" lon="103.77196">
    <ele>18.12</ele>
   </trkpt>
   <trkpt lat="1.4145200000000002" lon="103.77196">
    <ele>20.32</ele>
   </trkpt>
   <trkpt lat="1.41382" lon="103.77198000000001">
    <ele>26.71</ele>
   </trkpt>
   <trkpt lat="1.41354" lon="103.772">
    <ele>29.26</ele>
   </trkpt>
   <trkpt lat="1.4130200000000002" lon="103.77208">
    <ele>30.860000000000003</ele>
   </trkpt>
   <trkpt lat="1.412540000000747" lon="103.77219500002425">
    <ele>28.46</ele>
   </trkpt>
   <trkpt lat="1.41206" lon="103.77231">
    <ele>28.91</ele>
   </trkpt>
   <trkpt lat="1.41206" lon="103.77232000000001">
    <ele>28.98</ele>
   </trkpt>
   <trkpt lat="1.4114466666353176" lon="103.77247333342459">
    <ele>39.25</ele>
   </trkpt>
   <trkpt lat="1.4108333332605307" lon="103.77262666676826">
    <ele>44.52</ele>
   </trkpt>
   <trkpt lat="1.41022" lon="103.77278000000001">
    <ele>34.06</ele>
   </trkpt>
   <trkpt lat="1.4100000000000001" lon="103.77279000000001">
    <ele>28.380000000000003</ele>
   </trkpt>
   <trkpt lat="1.4101400000000002" lon="103.77278000000001">
    <ele>31.89</ele>
   </trkpt>
   <trkpt lat="1.4100000000000001" lon="103.77279000000001">
    <ele>28.380000000000003</ele>
   </trkpt>
   <trkpt lat="1.41002" lon="103.77268000000001">
    <ele>28.380000000000003</ele>
   </trkpt>
   <trkpt lat="1.4101400000000002" lon="103.77241000000001">
    <ele>28.68</ele>
   </trkpt>
   <trkpt lat="1.41006" lon="103.77231">
    <ele>28.64</ele>
   </trkpt>
   <trkpt lat="1.40999" lon="103.77231">
    <ele>27.98</ele>
   </trkpt>
   <trkpt lat="1.4097400000000002" lon="103.77233000000001">
    <ele>28.0</ele>
   </trkpt>
   <trkpt lat="1.4096000000000002" lon="103.77249">
    <ele>27.990000000000002</ele>
   </trkpt>
   <trkpt lat="1.4096400000000002" lon="103.77253">
    <ele>27.96</ele>
   </trkpt>
   <trkpt lat="1.4096000000000002" lon="103.77268000000001">
    <ele>27.96</ele>
   </trkpt>
   <trkpt lat="1.40951" lon="103.77273000000001">
    <ele>27.96</ele>
   </trkpt>
   <trkpt lat="1.4094300000000002" lon="103.77273000000001">
    <ele>27.96</ele>
   </trkpt>
   <trkpt lat="1.40928" lon="103.77267">
    <ele>27.96</ele>
   </trkpt>
   <trkpt lat="1.4089600000000002" lon="103.77272">
    <ele>27.96</ele>
   </trkpt>
   <trkpt lat="1.4088100000000001" lon="103.77278000000001">
    <ele>27.96</ele>
   </trkpt>
   <trkpt lat="1.40867" lon="103.77273000000001">
    <ele>27.96</ele>
   </trkpt>
   <trkpt lat="1.4085800000000002" lon="103.77272">
    <ele>27.96</ele>
   </trkpt>
   <trkpt lat="1.40849" lon="103.77273000000001">
    <ele>37.12</ele>
   </trkpt>
   <trkpt lat="1.4084400000000001" lon="103.77277000000001">
    <ele>37.12</ele>
   </trkpt>
   <trkpt lat="1.40822" lon="103.77283000000001">
    <ele>37.12</ele>
   </trkpt>
   <trkpt lat="1.40785" lon="103.77286000000001">
    <ele>37.12</ele>
   </trkpt>
   <trkpt lat="1.4077700000000002" lon="103.77281">
    <ele>37.12</ele>
   </trkpt>
   <trkpt lat="1.40771" lon="103.77273000000001">
    <ele>37.12</ele>
   </trkpt>
   <trkpt lat="1.40761" lon="103.77274000000001">
    <ele>37.12</ele>
   </trkpt>
   <trkpt lat="1.40751" lon="103.77278000000001">
    <ele>37.12</ele>
   </trkpt>
   <trkpt lat="1.40744" lon="103.77284">
    <ele>37.12</ele>
   </trkpt>
   <trkpt lat="1.40735" lon="103.77286000000001">
    <ele>37.09</ele>
   </trkpt>
   <trkpt lat="1.4072600000000002" lon="103.77285">
    <ele>37.09</ele>
   </trkpt>
   <trkpt lat="1.4071200000000001" lon="103.77291000000001">
    <ele>37.09</ele>
   </trkpt>
   <trkpt lat="1.40677" lon="103.77298">
    <ele>40.99</ele>
   </trkpt>
   <trkpt lat="1.4066800000000002" lon="103.77304000000001">
    <ele>40.99</ele>
   </trkpt>
   <trkpt lat="1.4064400000000001" lon="103.77308000000001">
    <ele>40.99</ele>
   </trkpt>
   <trkpt lat="1.4062400000000002" lon="103.77316">
    <ele>40.980000000000004</ele>
   </trkpt>
   <trkpt lat="1.40619" lon="103.77316">
    <ele>40.980000000000004</ele>
   </trkpt>
   <trkpt lat="1.4061400000000002" lon="103.7732">
    <ele>40.980000000000004</ele>
   </trkpt>
   <trkpt lat="1.40606" lon="103.7732">
    <ele>40.980000000000004</ele>
   </trkpt>
   <trkpt lat="1.40596" lon="103.77328000000001">
    <ele>40.980000000000004</ele>
   </trkpt>
   <trkpt lat="1.40581" lon="103.77326000000001">
    <ele>40.980000000000004</ele>
   </trkpt>
   <trkpt lat="1.40575" lon="103.7733">
    <ele>40.980000000000004</ele>
   </trkpt>
   <trkpt lat="1.4055700000000002" lon="103.7733">
    <ele>40.980000000000004</ele>
   </trkpt>
   <trkpt lat="1.4048500000000002" lon="103.77339">
    <ele>40.980000000000004</ele>
   </trkpt>
   <trkpt lat="1.4041633333935675" lon="103.77314666653609">
    <ele>56.43000000000001</ele>
   </trkpt>
   <trkpt lat="1.4034766667618184" lon="103.77290333321514">
    <ele>56.43000000000001</ele>
   </trkpt>
   <trkpt lat="1.4027900000000002" lon="103.77266">
    <ele>56.43000000000001</ele>
   </trkpt>
   <trkpt lat="1.40247" lon="103.77261000000001">
    <ele>56.43000000000001</ele>
   </trkpt>
   <trkpt lat="1.40229" lon="103.77256000000001">
    <ele>54.59</ele>
   </trkpt>
   <trkpt lat="1.40189" lon="103.77250000000001">
    <ele>53.27</ele>
   </trkpt>
   <trkpt lat="1.4010450000064236" lon="103.7726116668688">
    <ele>60.08</ele>
   </trkpt>
   <trkpt lat="1.400200000007527" lon="103.77272333365704">
    <ele>66.66000000000001</ele>
   </trkpt>
   <trkpt lat="1.3993550000033144" lon="103.77283500036478">
    <ele>57.77</ele>
   </trkpt>
   <trkpt lat="1.3985099999937884" lon="103.77294666699206">
    <ele>67.07000000000001</ele>
   </trkpt>
   <trkpt lat="1.3976649999789523" lon="103.77305833353893">
    <ele>69.03</ele>
   </trkpt>
   <trkpt lat="1.3968200000000002" lon="103.77317000000001">
    <ele>58.260000000000005</ele>
   </trkpt>
   <trkpt lat="1.3975066666421754" lon="103.7730800000563">
    <ele>67.44</ele>
   </trkpt>
   <trkpt lat="1.398193333280904" lon="103.77299000005998">
    <ele>68.76</ele>
   </trkpt>
   <trkpt lat="1.3988800000000001" lon="103.7729">
    <ele>63.22</ele>
   </trkpt>
   <trkpt lat="1.39819333336472" lon="103.77299000004898">
    <ele>68.76</ele>
   </trkpt>
   <trkpt lat="1.3975066667259917" lon="103.77308000004531">
    <ele>67.44</ele>
   </trkpt>
   <trkpt lat="1.3968200000000002" lon="103.77317000000001">
    <ele>58.260000000000005</ele>
   </trkpt>
   <trkpt lat="1.3961033333674497" lon="103.77322000002818">
    <ele>54.050000000000004</ele>
   </trkpt>
   <trkpt lat="1.3953866667338366" lon="103.77327000002586">
    <ele>47.49</ele>
   </trkpt>
   <trkpt lat="1.39467" lon="103.77332000000001">
    <ele>44.050000000000004</ele>
   </trkpt>
   <trkpt lat="1.3944400000000001" lon="103.77335000000001">
    <ele>43.49</ele>
   </trkpt>
   <trkpt lat="1.3935506250357759" lon="103.77345562559644">
    <ele>41.54</ele>
   </trkpt>
   <trkpt lat="1.3926612500668178" lon="103.77356125111314">
    <ele>34.75</ele>
   </trkpt>
   <trkpt lat="1.3917718750931283" lon="103.77366687655011">
    <ele>30.36</ele>
   </trkpt>
   <trkpt lat="1.3908825001147107" lon="103.7737725019074">
    <ele>34.82</ele>
   </trkpt>
   <trkpt lat="1.3899931251315683" lon="103.77387812718509">
    <ele>34.940000000000005</ele>
   </trkpt>
   <trkpt lat="1.3891037501437036" lon="103.77398375238317">
    <ele>37.83</ele>
   </trkpt>
   <trkpt lat="1.3882143751511196" lon="103.77408937750178">
    <ele>32.29</ele>
   </trkpt>
   <trkpt lat="1.3873250001538202" lon="103.7741950025409">
    <ele>35.68</ele>
   </trkpt>
   <trkpt lat="1.3864356251518073" lon="103.77430062750062">
    <ele>35.83</ele>
   </trkpt>
   <trkpt lat="1.3855462501450848" lon="103.77440625238096">
    <ele>37.660000000000004</ele>
   </trkpt>
   <trkpt lat="1.3846568751336552" lon="103.77451187718201">
    <ele>39.81</ele>
   </trkpt>
   <trkpt lat="1.3837675001175216" lon="103.77461750190376">
    <ele>42.150000000000006</ele>
   </trkpt>
   <trkpt lat="1.3828781250966868" lon="103.77472312654633">
    <ele>44.26</ele>
   </trkpt>
   <trkpt lat="1.3819887500711552" lon="103.77482875110974">
    <ele>42.11</ele>
   </trkpt>
   <trkpt lat="1.3810993750409277" lon="103.77493437559404">
    <ele>47.120000000000005</ele>
   </trkpt>
   <trkpt lat="1.3802100000000002" lon="103.77504">
    <ele>46.540000000000006</ele>
   </trkpt>
   <trkpt lat="1.3793580000620718" lon="103.77529000035501">
    <ele>46.98</ele>
   </trkpt>
   <trkpt lat="1.3785060000978926" lon="103.77554000053101">
    <ele>45.660000000000004</ele>
   </trkpt>
   <trkpt lat="1.3776540001074786" lon="103.77579000052809">
    <ele>38.50000000000001</ele>
   </trkpt>
   <trkpt lat="1.3768020000908463" lon="103.77604000034634">
    <ele>38.25000000000001</ele>
   </trkpt>
   <trkpt lat="1.37595" lon="103.77629">
    <ele>40.03</ele>
   </trkpt>
   <trkpt lat="1.37514" lon="103.77594">
    <ele>40.220000000000006</ele>
   </trkpt>
   <trkpt lat="1.3743937501360033" lon="103.77625125068249">
    <ele>44.2</ele>
   </trkpt>
   <trkpt lat="1.373647500231463" lon="103.77656250117047">
    <ele>48.190000000000005</ele>
   </trkpt>
   <trkpt lat="1.3729012502864013" lon="103.77687375146401">
    <ele>47.790000000000006</ele>
   </trkpt>
   <trkpt lat="1.372155000300841" lon="103.77718500156324">
    <ele>50.230000000000004</ele>
   </trkpt>
   <trkpt lat="1.3714087502748027" lon="103.77749625146829">
    <ele>45.8</ele>
   </trkpt>
   <trkpt lat="1.3706625002083097" lon="103.77780750117921">
    <ele>48.81</ele>
   </trkpt>
   <trkpt lat="1.369916250101383" lon="103.77811875069615">
    <ele>51.52</ele>
   </trkpt>
   <trkpt lat="1.3691700000000002" lon="103.77843000000001">
    <ele>53.38</ele>
   </trkpt>
   <trkpt lat="1.368495000077623" lon="103.77834499998569">
    <ele>45.45</ele>
   </trkpt>
   <trkpt lat="1.36782" lon="103.77826">
    <ele>58.49000000000001</ele>
   </trkpt>
   <trkpt lat="1.3678100000000002" lon="103.77836">
    <ele>57.440000000000005</ele>
   </trkpt>
   <trkpt lat="1.3676000000000001" lon="103.77839">
    <ele>56.39</ele>
   </trkpt>
   <trkpt lat="1.36749" lon="103.77845">
    <ele>56.35</ele>
   </trkpt>
   <trkpt lat="1.36738" lon="103.77848">
    <ele>56.650000000000006</ele>
   </trkpt>
   <trkpt lat="1.36708" lon="103.77847000000001">
    <ele>58.32</ele>
   </trkpt>
   <trkpt lat="1.36667" lon="103.77858">
    <ele>60.35000000000001</ele>
   </trkpt>
   <trkpt lat="1.3660400000000001" lon="103.77867">
    <ele>53.11000000000001</ele>
   </trkpt>
   <trkpt lat="1.3654300000000001" lon="103.77866">
    <ele>43.56</ele>
   </trkpt>
   <trkpt lat="1.3653700000000002" lon="103.7784">
    <ele>40.86</ele>
   </trkpt>
   <trkpt lat="1.36511" lon="103.77844">
    <ele>38.81</ele>
   </trkpt>
   <trkpt lat="1.3649" lon="103.77860000000001">
    <ele>38.650000000000006</ele>
   </trkpt>
   <trkpt lat="1.3647600000000002" lon="103.77865000000001">
    <ele>39.040000000000006</ele>
   </trkpt>
   <trkpt lat="1.36461" lon="103.77867">
    <ele>39.89</ele>
   </trkpt>
   <trkpt lat="1.3645200000000002" lon="103.77870000000001">
    <ele>40.620000000000005</ele>
   </trkpt>
   <trkpt lat="1.3644200000000002" lon="103.77876">
    <ele>41.74</ele>
   </trkpt>
   <trkpt lat="1.3643500000000002" lon="103.77882000000001">
    <ele>42.64</ele>
   </trkpt>
   <trkpt lat="1.3642100000000001" lon="103.77887000000001">
    <ele>43.13</ele>
   </trkpt>
   <trkpt lat="1.3633600000000001" lon="103.77905000000001">
    <ele>44.7</ele>
   </trkpt>
   <trkpt lat="1.3631900000000001" lon="103.77913000000001">
    <ele>44.52</ele>
   </trkpt>
   <trkpt lat="1.3629600000000002" lon="103.77931000000001">
    <ele>45.550000000000004</ele>
   </trkpt>
   <trkpt lat="1.3626500000000001" lon="103.77946000000001">
    <ele>45.71</ele>
   </trkpt>
   <trkpt lat="1.3626200000000002" lon="103.77939">
    <ele>44.76</ele>
   </trkpt>
   <trkpt lat="1.36263" lon="103.77912">
    <ele>43.25</ele>
   </trkpt>
   <trkpt lat="1.3619100000000002" lon="103.77946000000001">
    <ele>46.18000000000001</ele>
   </trkpt>
   <trkpt lat="1.3613600001184567" lon="103.7797250000104">
    <ele>51.74</ele>
   </trkpt>
   <trkpt lat="1.36081" lon="103.77999000000001">
    <ele>53.35</ele>
   </trkpt>
   <trkpt lat="1.3603300000823328" lon="103.78024500001415">
    <ele>49.330000000000005</ele>
   </trkpt>
   <trkpt lat="1.35985" lon="103.7805">
    <ele>47.21</ele>
   </trkpt>
   <trkpt lat="1.3596700000000002" lon="103.7806">
    <ele>47.13</ele>
   </trkpt>
   <trkpt lat="1.35928" lon="103.78072">
    <ele>47.99</ele>
   </trkpt>
   <trkpt lat="1.3590200000000001" lon="103.78092000000001">
    <ele>50.260000000000005</ele>
   </trkpt>
   <trkpt lat="1.3583900000000002" lon="103.78125000000001">
    <ele>52.53000000000001</ele>
   </trkpt>
   <trkpt lat="1.3582900000000002" lon="103.78128000000001">
    <ele>52.52</ele>
   </trkpt>
   <trkpt lat="1.3575700000000002" lon="103.78169000000001">
    <ele>50.79</ele>
   </trkpt>
   <trkpt lat="1.3568500000000001" lon="103.78208000000001">
    <ele>50.56</ele>
   </trkpt>
   <trkpt lat="1.3567600000000002" lon="103.78214000000001">
    <ele>50.330000000000005</ele>
   </trkpt>
   <trkpt lat="1.3566500000000001" lon="103.78228000000001">
    <ele>50.45</ele>
   </trkpt>
   <trkpt lat="1.35657" lon="103.78232000000001">
    <ele>50.9</ele>
   </trkpt>
   <trkpt lat="1.3562800000000002" lon="103.78239">
    <ele>56.1</ele>
   </trkpt>
   <trkpt lat="1.3557100000000002" lon="103.78264000000001">
    <ele>63.55000000000001</ele>
   </trkpt>
   <trkpt lat="1.35505" lon="103.78297">
    <ele>55.50000000000001</ele>
   </trkpt>
   <trkpt lat="1.3547300000000002" lon="103.78319">
    <ele>53.13</ele>
   </trkpt>
   <trkpt lat="1.35454" lon="103.78324">
    <ele>53.75000000000001</ele>
   </trkpt>
   <trkpt lat="1.3539599999689325" lon="103.7835200000898">
    <ele>54.3</ele>
   </trkpt>
   <trkpt lat="1.35338" lon="103.78380000000001">
    <ele>49.330000000000005</ele>
   </trkpt>
   <trkpt lat="1.3532600000000001" lon="103.78391">
    <ele>48.150000000000006</ele>
   </trkpt>
   <trkpt lat="1.3531700000000002" lon="103.78401000000001">
    <ele>48.03</ele>
   </trkpt>
   <trkpt lat="1.35288" lon="103.78420000000001">
    <ele>51.84</ele>
   </trkpt>
   <trkpt lat="1.35301" lon="103.78464000000001">
    <ele>56.49</ele>
   </trkpt>
   <trkpt lat="1.35312" lon="103.78485">
    <ele>57.67</ele>
   </trkpt>
   <trkpt lat="1.35328" lon="103.78500000000001">
    <ele>59.13</ele>
   </trkpt>
   <trkpt lat="1.35328" lon="103.78508000000001">
    <ele>59.13</ele>
   </trkpt>
   <trkpt lat="1.35321" lon="103.78518000000001">
    <ele>60.81</ele>
   </trkpt>
   <trkpt lat="1.35335" lon="103.78539">
    <ele>60.35000000000001</ele>
   </trkpt>
   <trkpt lat="1.35345" lon="103.78563000000001">
    <ele>59.480000000000004</ele>
   </trkpt>
   <trkpt lat="1.35346" lon="103.78600000000002">
    <ele>59.34</ele>
   </trkpt>
   <trkpt lat="1.35345" lon="103.78628">
    <ele>59.24000000000001</ele>
   </trkpt>
   <trkpt lat="1.35338" lon="103.78658000000001">
    <ele>58.470000000000006</ele>
   </trkpt>
   <trkpt lat="1.3531700000000002" lon="103.78714000000001">
    <ele>58.32</ele>
   </trkpt>
   <trkpt lat="1.3531600000000001" lon="103.7873">
    <ele>58.13000000000001</ele>
   </trkpt>
   <trkpt lat="1.3532000000000002" lon="103.78760000000001">
    <ele>57.5</ele>
   </trkpt>
   <trkpt lat="1.3534700000000002" lon="103.78836000000001">
    <ele>57.89</ele>
   </trkpt>
   <trkpt lat="1.35348" lon="103.78844000000001">
    <ele>58.27</ele>
   </trkpt>
   <trkpt lat="1.353395000075537" lon="103.78902999999426">
    <ele>62.730000000000004</ele>
   </trkpt>
   <trkpt lat="1.35331" lon="103.78962000000001">
    <ele>65.17</ele>
   </trkpt>
   <trkpt lat="1.35331" lon="103.78998000000001">
    <ele>65.47</ele>
   </trkpt>
   <trkpt lat="1.3534850001211607" lon="103.79069500001303">
    <ele>63.87000000000001</ele>
   </trkpt>
   <trkpt lat="1.35366" lon="103.79141000000001">
    <ele>60.95</ele>
   </trkpt>
   <trkpt lat="1.3536700000000002" lon="103.79176000000001">
    <ele>58.34</ele>
   </trkpt>
   <trkpt lat="1.35365" lon="103.79211000000001">
    <ele>56.550000000000004</ele>
   </trkpt>
   <trkpt lat="1.3536700000000002" lon="103.79229000000001">
    <ele>55.900000000000006</ele>
   </trkpt>
   <trkpt lat="1.3537550000536254" lon="103.7927450000427">
    <ele>57.25</ele>
   </trkpt>
   <trkpt lat="1.3538400000000002" lon="103.79320000000001">
    <ele>59.940000000000005</ele>
   </trkpt>
   <trkpt lat="1.3540400002210382" lon="103.79387999999108">
    <ele>58.480000000000004</ele>
   </trkpt>
   <trkpt lat="1.3542400002514237" lon="103.79456000009435">
    <ele>53.42</ele>
   </trkpt>
   <trkpt lat="1.35444" lon="103.79524">
    <ele>47.36000000000001</ele>
   </trkpt>
   <trkpt lat="1.3546000001467946" lon="103.79582333327974">
    <ele>40.75</ele>
   </trkpt>
   <trkpt lat="1.3547600001532307" lon="103.79640666663651">
    <ele>38.61000000000001</ele>
   </trkpt>
   <trkpt lat="1.3549200000000001" lon="103.79699000000001">
    <ele>39.18000000000001</ele>
   </trkpt>
   <trkpt lat="1.35491" lon="103.79697">
    <ele>39.120000000000005</ele>
   </trkpt>
   <trkpt lat="1.3546750001467582" lon="103.79610499988827">
    <ele>39.32</ele>
   </trkpt>
   <trkpt lat="1.35444" lon="103.79524">
    <ele>47.36000000000001</ele>
   </trkpt>
   <trkpt lat="1.354240000160295" lon="103.79455999978448">
    <ele>53.42</ele>
   </trkpt>
   <trkpt lat="1.3540400001299089" lon="103.79387999968122">
    <ele>58.480000000000004</ele>
   </trkpt>
   <trkpt lat="1.3538400000000002" lon="103.79320000000001">
    <ele>59.940000000000005</ele>
   </trkpt>
   <trkpt lat="1.3537550000317153" lon="103.7927449999254">
    <ele>57.25</ele>
   </trkpt>
   <trkpt lat="1.3536700000000002" lon="103.79229000000001">
    <ele>55.900000000000006</ele>
   </trkpt>
   <trkpt lat="1.35365" lon="103.79211000000001">
    <ele>56.550000000000004</ele>
   </trkpt>
   <trkpt lat="1.3536700000000002" lon="103.79176000000001">
    <ele>58.34</ele>
   </trkpt>
   <trkpt lat="1.35366" lon="103.79141000000001">
    <ele>60.95</ele>
   </trkpt>
   <trkpt lat="1.3534850000895366" lon="103.79069499988381">
    <ele>63.87000000000001</ele>
   </trkpt>
   <trkpt lat="1.35331" lon="103.78998000000001">
    <ele>65.47</ele>
   </trkpt>
   <trkpt lat="1.35331" lon="103.78962000000001">
    <ele>65.17</ele>
   </trkpt>
   <trkpt lat="1.3533950000679198" lon="103.78903000004713">
    <ele>62.730000000000004</ele>
   </trkpt>
   <trkpt lat="1.35348" lon="103.78844000000001">
    <ele>58.27</ele>
   </trkpt>
   <trkpt lat="1.3534700000000002" lon="103.78836000000001">
    <ele>57.89</ele>
   </trkpt>
   <trkpt lat="1.3532000000000002" lon="103.78760000000001">
    <ele>57.5</ele>
   </trkpt>
   <trkpt lat="1.3531600000000001" lon="103.7873">
    <ele>58.13000000000001</ele>
   </trkpt>
   <trkpt lat="1.3531700000000002" lon="103.78714000000001">
    <ele>58.32</ele>
   </trkpt>
   <trkpt lat="1.35338" lon="103.78658000000001">
    <ele>58.470000000000006</ele>
   </trkpt>
   <trkpt lat="1.35345" lon="103.78628">
    <ele>59.24000000000001</ele>
   </trkpt>
   <trkpt lat="1.35346" lon="103.78600000000002">
    <ele>59.34</ele>
   </trkpt>
   <trkpt lat="1.35345" lon="103.78563000000001">
    <ele>59.480000000000004</ele>
   </trkpt>
   <trkpt lat="1.35335" lon="103.78539">
    <ele>60.35000000000001</ele>
   </trkpt>
   <trkpt lat="1.35321" lon="103.78518000000001">
    <ele>60.81</ele>
   </trkpt>
   <trkpt lat="1.35312" lon="103.78508000000001">
    <ele>61.18000000000001</ele>
   </trkpt>
   <trkpt lat="1.35311" lon="103.78508000000001">
    <ele>61.22</ele>
   </trkpt>
   <trkpt lat="1.35278" lon="103.78478000000001">
    <ele>61.190000000000005</ele>
   </trkpt>
   <trkpt lat="1.3525" lon="103.78460000000001">
    <ele>57.830000000000005</ele>
   </trkpt>
   <trkpt lat="1.35236" lon="103.78457">
    <ele>56.940000000000005</ele>
   </trkpt>
   <trkpt lat="1.3520100000000002" lon="103.78462">
    <ele>54.77</ele>
   </trkpt>
   <trkpt lat="1.35196" lon="103.78467">
    <ele>56.53</ele>
   </trkpt>
   <trkpt lat="1.35192" lon="103.78467">
    <ele>56.53</ele>
   </trkpt>
   <trkpt lat="1.3515600000324464" lon="103.78494000002696">
    <ele>61.56</ele>
   </trkpt>
   <trkpt lat="1.3512000000000002" lon="103.78521">
    <ele>62.07000000000001</ele>
   </trkpt>
   <trkpt lat="1.3511300000000002" lon="103.78523000000001">
    <ele>61.71000000000001</ele>
   </trkpt>
   <trkpt lat="1.3509900000000001" lon="103.78525">
    <ele>61.09</ele>
   </trkpt>
   <trkpt lat="1.35084" lon="103.78524">
    <ele>60.75000000000001</ele>
   </trkpt>
   <trkpt lat="1.35057" lon="103.78517000000001">
    <ele>60.95</ele>
   </trkpt>
   <trkpt lat="1.3504200000000002" lon="103.78516">
    <ele>61.02</ele>
   </trkpt>
   <trkpt lat="1.35041" lon="103.7852">
    <ele>61.02</ele>
   </trkpt>
   <trkpt lat="1.35026" lon="103.78521">
    <ele>60.480000000000004</ele>
   </trkpt>
   <trkpt lat="1.3498400000626263" lon="103.78540500000824">
    <ele>58.18</ele>
   </trkpt>
   <trkpt lat="1.34942" lon="103.7856">
    <ele>57.85</ele>
   </trkpt>
   <trkpt lat="1.3489900000142188" lon="103.78580500003358">
    <ele>61.45</ele>
   </trkpt>
   <trkpt lat="1.3485600000000002" lon="103.78601">
    <ele>61.99</ele>
   </trkpt>
   <trkpt lat="1.3478566668026366" lon="103.78653333361804">
    <ele>51.92</ele>
   </trkpt>
   <trkpt lat="1.3471533334928651" lon="103.78705666693378">
    <ele>47.550000000000004</ele>
   </trkpt>
   <trkpt lat="1.3464500000000001" lon="103.78758">
    <ele>50.93</ele>
   </trkpt>
   <trkpt lat="1.3459400000000001" lon="103.78795000000001">
    <ele>42.60000000000001</ele>
   </trkpt>
   <trkpt lat="1.34613" lon="103.78805000000001">
    <ele>44.57000000000001</ele>
   </trkpt>
   <trkpt lat="1.34633" lon="103.78805000000001">
    <ele>46.86000000000001</ele>
   </trkpt>
   <trkpt lat="1.3468900001990123" lon="103.78797999999136">
    <ele>53.370000000000005</ele>
   </trkpt>
   <trkpt lat="1.34745" lon="103.78791000000001">
    <ele>55.63</ele>
   </trkpt>
   <trkpt lat="1.34758" lon="103.78786000000001">
    <ele>55.760000000000005</ele>
   </trkpt>
   <trkpt lat="1.3479950000872991" lon="103.78760999999776">
    <ele>55.27</ele>
   </trkpt>
   <trkpt lat="1.34841" lon="103.78736">
    <ele>55.120000000000005</ele>
   </trkpt>
   <trkpt lat="1.34851" lon="103.78734000000001">
    <ele>55.23</ele>
   </trkpt>
   <trkpt lat="1.34861" lon="103.78737000000001">
    <ele>55.540000000000006</ele>
   </trkpt>
   <trkpt lat="1.3487" lon="103.78742000000001">
    <ele>55.540000000000006</ele>
   </trkpt>
   <trkpt lat="1.3487900000000002" lon="103.78750000000001">
    <ele>56.34</ele>
   </trkpt>
   <trkpt lat="1.34884" lon="103.78758">
    <ele>56.45</ele>
   </trkpt>
   <trkpt lat="1.3488300000000002" lon="103.78756000000001">
    <ele>56.370000000000005</ele>
   </trkpt>
   <trkpt lat="1.3487900000000002" lon="103.78750000000001">
    <ele>56.370000000000005</ele>
   </trkpt>
   <trkpt lat="1.3487" lon="103.78742000000001">
    <ele>55.540000000000006</ele>
   </trkpt>
   <trkpt lat="1.34861" lon="103.78737000000001">
    <ele>55.540000000000006</ele>
   </trkpt>
   <trkpt lat="1.34851" lon="103.78734000000001">
    <ele>55.32</ele>
   </trkpt>
   <trkpt lat="1.34841" lon="103.78736">
    <ele>55.09</ele>
   </trkpt>
   <trkpt lat="1.3479949999383556" lon="103.78761000008747">
    <ele>55.27</ele>
   </trkpt>
   <trkpt lat="1.34758" lon="103.78786000000001">
    <ele>55.760000000000005</ele>
   </trkpt>
   <trkpt lat="1.34745" lon="103.78791000000001">
    <ele>55.63</ele>
   </trkpt>
   <trkpt lat="1.3468899998029973" lon="103.78798000004085">
    <ele>53.370000000000005</ele>
   </trkpt>
   <trkpt lat="1.34633" lon="103.78805000000001">
    <ele>46.86000000000001</ele>
   </trkpt>
   <trkpt lat="1.34613" lon="103.78805000000001">
    <ele>44.57000000000001</ele>
   </trkpt>
   <trkpt lat="1.3459400000000001" lon="103.78795000000001">
    <ele>42.60000000000001</ele>
   </trkpt>
   <trkpt lat="1.3457000000000001" lon="103.78810000000001">
    <ele>38.62</ele>
   </trkpt>
   <trkpt lat="1.3452150000365324" lon="103.78846000006416">
    <ele>34.0</ele>
   </trkpt>
   <trkpt lat="1.3447300000000002" lon="103.78882000000002">
    <ele>29.620000000000005</ele>
   </trkpt>
   <trkpt lat="1.34444" lon="103.78917000000001">
    <ele>41.21</ele>
   </trkpt>
   <trkpt lat="1.3444900000000002" lon="103.78915">
    <ele>36.02</ele>
   </trkpt>
   <trkpt lat="1.3446300000000002" lon="103.78919">
    <ele>36.33</ele>
   </trkpt>
   <trkpt lat="1.3451800000435916" lon="103.78924999999116">
    <ele>36.13</ele>
   </trkpt>
   <trkpt lat="1.34573" lon="103.78931000000001">
    <ele>35.85</ele>
   </trkpt>
   <trkpt lat="1.34572" lon="103.78931000000001">
    <ele>35.82000000000001</ele>
   </trkpt>
   <trkpt lat="1.3459500000000002" lon="103.78934000000001">
    <ele>37.08</ele>
   </trkpt>
   <trkpt lat="1.346770000026618" lon="103.78970499987688">
    <ele>45.33</ele>
   </trkpt>
   <trkpt lat="1.34759" lon="103.79007000000001">
    <ele>51.190000000000005</ele>
   </trkpt>
   <trkpt lat="1.3477800000000002" lon="103.79020000000001">
    <ele>52.79</ele>
   </trkpt>
   <trkpt lat="1.34807" lon="103.79052000000001">
    <ele>55.46</ele>
   </trkpt>
   <trkpt lat="1.34813" lon="103.79063000000001">
    <ele>57.0</ele>
   </trkpt>
   <trkpt lat="1.3483200000000002" lon="103.79109000000001">
    <ele>59.97</ele>
   </trkpt>
   <trkpt lat="1.34837" lon="103.79124">
    <ele>60.54</ele>
   </trkpt>
   <trkpt lat="1.3483500000000002" lon="103.7913">
    <ele>60.89000000000001</ele>
   </trkpt>
   <trkpt lat="1.3486200000000002" lon="103.79128000000001">
    <ele>61.42</ele>
   </trkpt>
   <trkpt lat="1.34861" lon="103.79122000000001">
    <ele>61.33</ele>
   </trkpt>
   <trkpt lat="1.34843" lon="103.79125">
    <ele>60.72</ele>
   </trkpt>
   <trkpt lat="1.34841" lon="103.79122000000001">
    <ele>60.72</ele>
   </trkpt>
   <trkpt lat="1.3484" lon="103.79122000000001">
    <ele>60.690000000000005</ele>
   </trkpt>
   <trkpt lat="1.34843" lon="103.79125">
    <ele>60.95</ele>
   </trkpt>
   <trkpt lat="1.34861" lon="103.79122000000001">
    <ele>61.39000000000001</ele>
   </trkpt>
   <trkpt lat="1.3486300000000002" lon="103.79134">
    <ele>61.42</ele>
   </trkpt>
   <trkpt lat="1.34816" lon="103.79142">
    <ele>66.96000000000001</ele>
   </trkpt>
   <trkpt lat="1.34806" lon="103.79142">
    <ele>66.96000000000001</ele>
   </trkpt>
   <trkpt lat="1.34796" lon="103.79132000000001">
    <ele>66.96000000000001</ele>
   </trkpt>
   <trkpt lat="1.348" lon="103.79124">
    <ele>63.08000000000001</ele>
   </trkpt>
   <trkpt lat="1.3481200000000002" lon="103.79129">
    <ele>62.45</ele>
   </trkpt>
   <trkpt lat="1.3482900000000002" lon="103.79126000000001">
    <ele>60.230000000000004</ele>
   </trkpt>
   <trkpt lat="1.3483" lon="103.79123000000001">
    <ele>60.230000000000004</ele>
   </trkpt>
   <trkpt lat="1.3480500000000002" lon="103.79063000000001">
    <ele>56.24</ele>
   </trkpt>
   <trkpt lat="1.3477000000000001" lon="103.79020000000001">
    <ele>50.400000000000006</ele>
   </trkpt>
   <trkpt lat="1.3475700000000002" lon="103.79013">
    <ele>50.400000000000006</ele>
   </trkpt>
   <trkpt lat="1.34705" lon="103.78993000000001">
    <ele>46.38</ele>
   </trkpt>
   <trkpt lat="1.34704" lon="103.78993000000001">
    <ele>46.46</ele>
   </trkpt>
   <trkpt lat="1.3468600000000002" lon="103.78986">
    <ele>44.67</ele>
   </trkpt>
   <trkpt lat="1.3462200000000002" lon="103.78954">
    <ele>40.74</ele>
   </trkpt>
   <trkpt lat="1.34592" lon="103.78943000000001">
    <ele>37.34</ele>
   </trkpt>
   <trkpt lat="1.3450600000000001" lon="103.78934000000001">
    <ele>38.05</ele>
   </trkpt>
   <trkpt lat="1.3448900000000001" lon="103.78943000000001">
    <ele>38.50000000000001</ele>
   </trkpt>
   <trkpt lat="1.3448600000000002" lon="103.78938000000001">
    <ele>38.19</ele>
   </trkpt>
   <trkpt lat="1.3452166668226861" lon="103.79000666647491">
    <ele>44.79</ele>
   </trkpt>
   <trkpt lat="1.3455733334845075" lon="103.79063333313302">
    <ele>46.900000000000006</ele>
   </trkpt>
   <trkpt lat="1.34593" lon="103.79126000000001">
    <ele>50.85000000000001</ele>
   </trkpt>
   <trkpt lat="1.34592" lon="103.79126000000001">
    <ele>50.77</ele>
   </trkpt>
   <trkpt lat="1.346" lon="103.79138">
    <ele>51.75</ele>
   </trkpt>
   <trkpt lat="1.3460800000000002" lon="103.79139">
    <ele>52.15</ele>
   </trkpt>
   <trkpt lat="1.34658" lon="103.79112">
    <ele>62.19</ele>
   </trkpt>
   <trkpt lat="1.3466500000000001" lon="103.79110000000001">
    <ele>63.76000000000001</ele>
   </trkpt>
   <trkpt lat="1.3467200000000001" lon="103.79112">
    <ele>63.76000000000001</ele>
   </trkpt>
   <trkpt lat="1.3467600000000002" lon="103.79115">
    <ele>63.76000000000001</ele>
   </trkpt>
   <trkpt lat="1.34694" lon="103.79149000000001">
    <ele>71.95</ele>
   </trkpt>
   <trkpt lat="1.3469200000000001" lon="103.79158000000001">
    <ele>73.01</ele>
   </trkpt>
   <trkpt lat="1.34678" lon="103.79172000000001">
    <ele>75.00000000000001</ele>
   </trkpt>
   <trkpt lat="1.346415000008425" lon="103.79205000006199">
    <ele>77.71</ele>
   </trkpt>
   <trkpt lat="1.3460500000000002" lon="103.79238000000001">
    <ele>82.01</ele>
   </trkpt>
   <trkpt lat="1.34603" lon="103.79241">
    <ele>82.01</ele>
   </trkpt>
   <trkpt lat="1.34606" lon="103.79252000000001">
    <ele>87.18</ele>
   </trkpt>
   <trkpt lat="1.34597" lon="103.79273">
    <ele>87.65</ele>
   </trkpt>
   <trkpt lat="1.34597" lon="103.79279000000001">
    <ele>87.77</ele>
   </trkpt>
   <trkpt lat="1.3455800000000002" lon="103.79292000000001">
    <ele>85.94</ele>
   </trkpt>
   <trkpt lat="1.34538" lon="103.79282">
    <ele>84.53</ele>
   </trkpt>
   <trkpt lat="1.34546" lon="103.79265000000001">
    <ele>84.04</ele>
   </trkpt>
   <trkpt lat="1.34538" lon="103.79282">
    <ele>84.53</ele>
   </trkpt>
   <trkpt lat="1.3455800000000002" lon="103.79292000000001">
    <ele>85.94</ele>
   </trkpt>
   <trkpt lat="1.34597" lon="103.79279000000001">
    <ele>87.77</ele>
   </trkpt>
   <trkpt lat="1.34597" lon="103.79273">
    <ele>87.65</ele>
   </trkpt>
   <trkpt lat="1.34606" lon="103.79252000000001">
    <ele>87.18</ele>
   </trkpt>
   <trkpt lat="1.34603" lon="103.79241">
    <ele>82.01</ele>
   </trkpt>
   <trkpt lat="1.3460500000000002" lon="103.79238000000001">
    <ele>82.01</ele>
   </trkpt>
   <trkpt lat="1.3464150000362232" lon="103.79205000003687">
    <ele>77.71</ele>
   </trkpt>
   <trkpt lat="1.34678" lon="103.79172000000001">
    <ele>75.00000000000001</ele>
   </trkpt>
   <trkpt lat="1.3469200000000001" lon="103.79158000000001">
    <ele>73.01</ele>
   </trkpt>
   <trkpt lat="1.34694" lon="103.79149000000001">
    <ele>71.95</ele>
   </trkpt>
   <trkpt lat="1.3467600000000002" lon="103.79115">
    <ele>63.76000000000001</ele>
   </trkpt>
   <trkpt lat="1.3467200000000001" lon="103.79112">
    <ele>63.76000000000001</ele>
   </trkpt>
   <trkpt lat="1.3466500000000001" lon="103.79110000000001">
    <ele>63.76000000000001</ele>
   </trkpt>
   <trkpt lat="1.34658" lon="103.79112">
    <ele>62.19</ele>
   </trkpt>
   <trkpt lat="1.3460800000000002" lon="103.79139">
    <ele>52.15</ele>
   </trkpt>
   <trkpt lat="1.346" lon="103.79138">
    <ele>51.75</ele>
   </trkpt>
   <trkpt lat="1.3456600000454995" lon="103.79078499986976">
    <ele>47.61000000000001</ele>
   </trkpt>
   <trkpt lat="1.34532" lon="103.79019000000001">
    <ele>46.06</ele>
   </trkpt>
   <trkpt lat="1.3452700000000002" lon="103.79022">
    <ele>46.760000000000005</ele>
   </trkpt>
   <trkpt lat="1.34485" lon="103.78949000000001">
    <ele>39.86000000000001</ele>
   </trkpt>
   <trkpt lat="1.3448300000000002" lon="103.78944000000001">
    <ele>39.400000000000006</ele>
   </trkpt>
   <trkpt lat="1.3447500000000001" lon="103.78930000000001">
    <ele>37.77</ele>
   </trkpt>
   <trkpt lat="1.3446300000000002" lon="103.78923">
    <ele>36.33</ele>
   </trkpt>
   <trkpt lat="1.3446300000000002" lon="103.78919">
    <ele>36.33</ele>
   </trkpt>
   <trkpt lat="1.34386" lon="103.78899000000001">
    <ele>32.879999999999995</ele>
   </trkpt>
   <trkpt lat="1.3435800000000002" lon="103.78899000000001">
    <ele>32.0</ele>
   </trkpt>
   <trkpt lat="1.34298" lon="103.78912000000001">
    <ele>30.53</ele>
   </trkpt>
   <trkpt lat="1.3427900000000002" lon="103.78912000000001">
    <ele>29.240000000000002</ele>
   </trkpt>
   <trkpt lat="1.34267" lon="103.7891">
    <ele>28.700000000000003</ele>
   </trkpt>
   <trkpt lat="1.3424" lon="103.78899000000001">
    <ele>28.3</ele>
   </trkpt>
   <trkpt lat="1.3421850000933515" lon="103.78943999993082">
    <ele>32.81</ele>
   </trkpt>
   <trkpt lat="1.34197" lon="103.78989000000001">
    <ele>36.62</ele>
   </trkpt>
   <trkpt lat="1.3414699999847812" lon="103.78981999998342">
    <ele>38.27</ele>
   </trkpt>
   <trkpt lat="1.3409700000000002" lon="103.78975000000001">
    <ele>39.510000000000005</ele>
   </trkpt>
   <trkpt lat="1.3403566666973386" lon="103.78983000003642">
    <ele>37.76</ele>
   </trkpt>
   <trkpt lat="1.339743333392065" lon="103.78991000003275">
    <ele>35.15</ele>
   </trkpt>
   <trkpt lat="1.3391300000000002" lon="103.78999">
    <ele>33.68</ele>
   </trkpt>
   <trkpt lat="1.3384466666568677" lon="103.79006333337549">
    <ele>33.620000000000005</ele>
   </trkpt>
   <trkpt lat="1.3377633333115433" lon="103.7901366667101">
    <ele>35.09</ele>
   </trkpt>
   <trkpt lat="1.33708" lon="103.79021">
    <ele>35.68</ele>
   </trkpt>
   <trkpt lat="1.3363200001221498" lon="103.79027000000899">
    <ele>33.88</ele>
   </trkpt>
   <trkpt lat="1.33556" lon="103.79033000000001">
    <ele>28.93</ele>
   </trkpt>
   <trkpt lat="1.33521" lon="103.79038000000001">
    <ele>27.15</ele>
   </trkpt>
   <trkpt lat="1.3349000000000002" lon="103.79054000000001">
    <ele>24.34</ele>
   </trkpt>
   <trkpt lat="1.3346" lon="103.79076">
    <ele>22.580000000000002</ele>
   </trkpt>
   <trkpt lat="1.3340800000000002" lon="103.7912">
    <ele>17.53</ele>
   </trkpt>
   <trkpt lat="1.3337500000000002" lon="103.79114000000001">
    <ele>16.91</ele>
   </trkpt>
   <trkpt lat="1.33355" lon="103.79111">
    <ele>16.91</ele>
   </trkpt>
   <trkpt lat="1.33346" lon="103.79136000000001">
    <ele>16.75</ele>
   </trkpt>
   <trkpt lat="1.3329300000000002" lon="103.79116">
    <ele>16.77</ele>
   </trkpt>
   <trkpt lat="1.3331900001290784" lon="103.7904699999868">
    <ele>16.39</ele>
   </trkpt>
   <trkpt lat="1.33345" lon="103.78978000000001">
    <ele>16.76</ele>
   </trkpt>
   <trkpt lat="1.3335800000000002" lon="103.78937">
    <ele>16.84</ele>
   </trkpt>
   <trkpt lat="1.3330699999547349" lon="103.78918499994275">
    <ele>16.66</ele>
   </trkpt>
   <trkpt lat="1.3325600000000002" lon="103.789">
    <ele>16.560000000000002</ele>
   </trkpt>
   <trkpt lat="1.3324500000000001" lon="103.78894000000001">
    <ele>16.560000000000002</ele>
   </trkpt>
   <trkpt lat="1.33224" lon="103.78872000000001">
    <ele>16.650000000000002</ele>
   </trkpt>
   <trkpt lat="1.332" lon="103.78859000000001">
    <ele>16.650000000000002</ele>
   </trkpt>
   <trkpt lat="1.3314500001028642" lon="103.78828499997854">
    <ele>17.6</ele>
   </trkpt>
   <trkpt lat="1.3309000000000002" lon="103.78798">
    <ele>20.16</ele>
   </trkpt>
   <trkpt lat="1.33109" lon="103.78748">
    <ele>24.66</ele>
   </trkpt>
   <trkpt lat="1.33132" lon="103.78677">
    <ele>26.3</ele>
   </trkpt>
   <trkpt lat="1.3313100000000002" lon="103.78661000000001">
    <ele>26.12</ele>
   </trkpt>
   <trkpt lat="1.3311700000000002" lon="103.78642">
    <ele>25.7</ele>
   </trkpt>
   <trkpt lat="1.33094" lon="103.78612000000001">
    <ele>26.580000000000002</ele>
   </trkpt>
   <trkpt lat="1.3306300000000002" lon="103.78589000000001">
    <ele>29.78</ele>
   </trkpt>
   <trkpt lat="1.3297800000000002" lon="103.78592">
    <ele>33.96</ele>
   </trkpt>
   <trkpt lat="1.32969" lon="103.78592">
    <ele>33.940000000000005</ele>
   </trkpt>
   <trkpt lat="1.32982" lon="103.78548">
    <ele>33.67</ele>
   </trkpt>
   <trkpt lat="1.3299400000000001" lon="103.78523000000001">
    <ele>33.010000000000005</ele>
   </trkpt>
   <trkpt lat="1.33026" lon="103.78473000000001">
    <ele>32.150000000000006</ele>
   </trkpt>
   <trkpt lat="1.33047" lon="103.78449">
    <ele>31.8</ele>
   </trkpt>
   <trkpt lat="1.3308300000000002" lon="103.78420000000001">
    <ele>31.700000000000006</ele>
   </trkpt>
   <trkpt lat="1.33112" lon="103.78401000000001">
    <ele>31.76</ele>
   </trkpt>
   <trkpt lat="1.3317" lon="103.78373">
    <ele>31.87</ele>
   </trkpt>
   <trkpt lat="1.33199" lon="103.78352000000001">
    <ele>31.86</ele>
   </trkpt>
   <trkpt lat="1.3321900000000002" lon="103.78328">
    <ele>31.71</ele>
   </trkpt>
   <trkpt lat="1.3325300000000002" lon="103.78274">
    <ele>31.53</ele>
   </trkpt>
   <trkpt lat="1.3328300000000002" lon="103.78239">
    <ele>31.48</ele>
   </trkpt>
   <trkpt lat="1.3332300000000001" lon="103.78231000000001">
    <ele>30.97</ele>
   </trkpt>
   <trkpt lat="1.3334100000000002" lon="103.78231000000001">
    <ele>30.29</ele>
   </trkpt>
   <trkpt lat="1.33369" lon="103.78234">
    <ele>28.860000000000003</ele>
   </trkpt>
   <trkpt lat="1.33424" lon="103.78269">
    <ele>24.64</ele>
   </trkpt>
   <trkpt lat="1.33434" lon="103.78277000000001">
    <ele>24.14</ele>
   </trkpt>
   <trkpt lat="1.3348750000738823" lon="103.78308999996213">
    <ele>21.37</ele>
   </trkpt>
   <trkpt lat="1.3354100000000002" lon="103.78341">
    <ele>19.14</ele>
   </trkpt>
   <trkpt lat="1.33548" lon="103.78329000000001">
    <ele>19.21</ele>
   </trkpt>
   <trkpt lat="1.33566" lon="103.78335000000001">
    <ele>19.01</ele>
   </trkpt>
   <trkpt lat="1.33569" lon="103.78332">
    <ele>19.01</ele>
   </trkpt>
   <trkpt lat="1.335920000075624" lon="103.7827950000045">
    <ele>19.16</ele>
   </trkpt>
   <trkpt lat="1.3361500000000002" lon="103.78227000000001">
    <ele>19.19</ele>
   </trkpt>
   <trkpt lat="1.3363400000473737" lon="103.7817900000359">
    <ele>19.44</ele>
   </trkpt>
   <trkpt lat="1.3365300000000002" lon="103.78131">
    <ele>19.970000000000002</ele>
   </trkpt>
   <trkpt lat="1.3367650000617115" lon="103.78062500016406">
    <ele>20.12</ele>
   </trkpt>
   <trkpt lat="1.3370000000000002" lon="103.77994000000001">
    <ele>20.96</ele>
   </trkpt>
   <trkpt lat="1.33692" lon="103.77991000000002">
    <ele>20.96</ele>
   </trkpt>
   <trkpt lat="1.3369300000000002" lon="103.77988">
    <ele>20.96</ele>
   </trkpt>
   <trkpt lat="1.33671" lon="103.77980000000001">
    <ele>21.130000000000003</ele>
   </trkpt>
   <trkpt lat="1.3366500000000001" lon="103.77972000000001">
    <ele>21.34</ele>
   </trkpt>
   <trkpt lat="1.3360800000000002" lon="103.77954000000001">
    <ele>22.8</ele>
   </trkpt>
   <trkpt lat="1.33583" lon="103.77980000000001">
    <ele>25.45</ele>
   </trkpt>
   <trkpt lat="1.3358" lon="103.77986000000001">
    <ele>25.45</ele>
   </trkpt>
   <trkpt lat="1.3356700000000001" lon="103.78019">
    <ele>27.720000000000002</ele>
   </trkpt>
   <trkpt lat="1.33538" lon="103.78042">
    <ele>30.8</ele>
   </trkpt>
   <trkpt lat="1.3349900000000001" lon="103.78044000000001">
    <ele>33.410000000000004</ele>
   </trkpt>
   <trkpt lat="1.3349900000000001" lon="103.78047000000001">
    <ele>32.86</ele>
   </trkpt>
   <trkpt lat="1.334529999982935" lon="103.78047000000001">
    <ele>35.77</ele>
   </trkpt>
   <trkpt lat="1.33407" lon="103.78047000000001">
    <ele>38.23</ele>
   </trkpt>
   <trkpt lat="1.33407" lon="103.78046">
    <ele>38.91</ele>
   </trkpt>
   <trkpt lat="1.3339800000000002" lon="103.78044000000001">
    <ele>39.13</ele>
   </trkpt>
   <trkpt lat="1.3338800000000002" lon="103.78036">
    <ele>39.35</ele>
   </trkpt>
   <trkpt lat="1.33382" lon="103.78026000000001">
    <ele>39.43</ele>
   </trkpt>
   <trkpt lat="1.3338" lon="103.78020000000001">
    <ele>39.43</ele>
   </trkpt>
   <trkpt lat="1.33379" lon="103.77977000000001">
    <ele>40.290000000000006</ele>
   </trkpt>
   <trkpt lat="1.33346" lon="103.77978">
    <ele>40.230000000000004</ele>
   </trkpt>
   <trkpt lat="1.3331000000000002" lon="103.77969">
    <ele>40.400000000000006</ele>
   </trkpt>
   <trkpt lat="1.33315" lon="103.77949000000001">
    <ele>40.21</ele>
   </trkpt>
   <trkpt lat="1.33332" lon="103.77885">
    <ele>36.71</ele>
   </trkpt>
   <trkpt lat="1.33311" lon="103.77812000000002">
    <ele>31.450000000000006</ele>
   </trkpt>
   <trkpt lat="1.33275" lon="103.77811000000001">
    <ele>29.35</ele>
   </trkpt>
   <trkpt lat="1.3324" lon="103.77807000000001">
    <ele>28.17</ele>
   </trkpt>
   <trkpt lat="1.3321800000000001" lon="103.77809">
    <ele>26.1</ele>
   </trkpt>
   <trkpt lat="1.3315700000000001" lon="103.77805000000001">
    <ele>23.630000000000003</ele>
   </trkpt>
   <trkpt lat="1.3315000000000001" lon="103.778">
    <ele>22.88</ele>
   </trkpt>
   <trkpt lat="1.33129" lon="103.77801000000001">
    <ele>22.38</ele>
   </trkpt>
   <trkpt lat="1.3311600000000001" lon="103.77804">
    <ele>22.22</ele>
   </trkpt>
   <trkpt lat="1.33075" lon="103.77802000000001">
    <ele>22.17</ele>
   </trkpt>
   <trkpt lat="1.33078" lon="103.77803000000002">
    <ele>22.140000000000004</ele>
   </trkpt>
   <trkpt lat="1.3306900000000002" lon="103.778">
    <ele>22.26</ele>
   </trkpt>
   <trkpt lat="1.3299800000000002" lon="103.77794000000002">
    <ele>24.73</ele>
   </trkpt>
   <trkpt lat="1.32972" lon="103.77789000000001">
    <ele>26.28</ele>
   </trkpt>
   <trkpt lat="1.3294100000000002" lon="103.77780000000001">
    <ele>26.94</ele>
   </trkpt>
   <trkpt lat="1.32912" lon="103.77768">
    <ele>27.540000000000003</ele>
   </trkpt>
   <trkpt lat="1.3286" lon="103.77738000000001">
    <ele>27.250000000000004</ele>
   </trkpt>
   <trkpt lat="1.3282800000000001" lon="103.7771">
    <ele>25.900000000000002</ele>
   </trkpt>
   <trkpt lat="1.3281200000000002" lon="103.77700000000002">
    <ele>25.23</ele>
   </trkpt>
   <trkpt lat="1.32807" lon="103.77700000000002">
    <ele>25.23</ele>
   </trkpt>
   <trkpt lat="1.3279100000000001" lon="103.77725000000001">
    <ele>43.440000000000005</ele>
   </trkpt>
   <trkpt lat="1.3273649999285186" lon="103.77694499988228">
    <ele>43.89000000000001</ele>
   </trkpt>
   <trkpt lat="1.32682" lon="103.77664000000001">
    <ele>41.38</ele>
   </trkpt>
   <trkpt lat="1.3262800000000001" lon="103.77659000000001">
    <ele>38.31</ele>
   </trkpt>
   <trkpt lat="1.3267500005128436" lon="103.77730166599194">
    <ele>44.660000000000004</ele>
   </trkpt>
   <trkpt lat="1.3272200008210702" lon="103.77801333225428">
    <ele>41.300000000000004</ele>
   </trkpt>
   <trkpt lat="1.327690000924607" lon="103.77872499878713">
    <ele>40.260000000000005</ele>
   </trkpt>
   <trkpt lat="1.3281600008233827" lon="103.77943666559055">
    <ele>41.660000000000004</ele>
   </trkpt>
   <trkpt lat="1.3286300005173235" lon="103.78014833266471">
    <ele>32.17</ele>
   </trkpt>
   <trkpt lat="1.3291000000000002" lon="103.78086">
    <ele>29.07</ele>
   </trkpt>
   <trkpt lat="1.328687143376575" lon="103.78020428505363">
    <ele>31.67</ele>
   </trkpt>
   <trkpt lat="1.3282742865791892" lon="103.77954857032644">
    <ele>38.74</ele>
   </trkpt>
   <trkpt lat="1.3278614296078965" lon="103.77889285581834">
    <ele>43.510000000000005</ele>
   </trkpt>
   <trkpt lat="1.3274485724627514" lon="103.77823714152932">
    <ele>36.81</ele>
   </trkpt>
   <trkpt lat="1.3270357151438072" lon="103.77758142745924">
    <ele>44.050000000000004</ele>
   </trkpt>
   <trkpt lat="1.3266228576511192" lon="103.77692571360808">
    <ele>42.2</ele>
   </trkpt>
   <trkpt lat="1.32621" lon="103.77627000000001">
    <ele>45.6</ele>
   </trkpt>
   <trkpt lat="1.3263433335579555" lon="103.77550666681032">
    <ele>35.410000000000004</ele>
   </trkpt>
   <trkpt lat="1.3264766668805774" lon="103.77474333353837">
    <ele>37.58</ele>
   </trkpt>
   <trkpt lat="1.32661" lon="103.77398000000001">
    <ele>51.29</ele>
   </trkpt>
   <trkpt lat="1.326635000115816" lon="103.77320000022854">
    <ele>53.07000000000001</ele>
   </trkpt>
   <trkpt lat="1.3266600000000002" lon="103.77242000000001">
    <ele>49.230000000000004</ele>
   </trkpt>
   <trkpt lat="1.3262500002485647" lon="103.77180499972364">
    <ele>50.28</ele>
   </trkpt>
   <trkpt lat="1.3258400003443807" lon="103.77118999965106">
    <ele>40.53</ele>
   </trkpt>
   <trkpt lat="1.3254300002874966" lon="103.77057499978217">
    <ele>31.790000000000006</ele>
   </trkpt>
   <trkpt lat="1.32502" lon="103.76996000000001">
    <ele>37.6</ele>
   </trkpt>
   <trkpt lat="1.32501" lon="103.76998">
    <ele>37.00000000000001</ele>
   </trkpt>
   <trkpt lat="1.32474" lon="103.76989">
    <ele>37.00000000000001</ele>
   </trkpt>
   <trkpt lat="1.32458" lon="103.76974000000001">
    <ele>25.080000000000002</ele>
   </trkpt>
   <trkpt lat="1.3244900000000002" lon="103.76976">
    <ele>25.080000000000002</ele>
   </trkpt>
   <trkpt lat="1.3243900000000002" lon="103.76973000000001">
    <ele>25.080000000000002</ele>
   </trkpt>
   <trkpt lat="1.3243200000000002" lon="103.76966">
    <ele>25.080000000000002</ele>
   </trkpt>
   <trkpt lat="1.32417" lon="103.76941000000001">
    <ele>20.84</ele>
   </trkpt>
   <trkpt lat="1.3240100000000001" lon="103.76926">
    <ele>18.320000000000004</ele>
   </trkpt>
   <trkpt lat="1.32389" lon="103.76906000000001">
    <ele>17.01</ele>
   </trkpt>
   <trkpt lat="1.32355" lon="103.76865000000001">
    <ele>14.96</ele>
   </trkpt>
   <trkpt lat="1.32349" lon="103.76858000000001">
    <ele>14.63</ele>
   </trkpt>
   <trkpt lat="1.32362" lon="103.76804000000001">
    <ele>14.15</ele>
   </trkpt>
   <trkpt lat="1.3238100000000002" lon="103.76762000000001">
    <ele>14.030000000000001</ele>
   </trkpt>
   <trkpt lat="1.32376" lon="103.7676">
    <ele>14.030000000000001</ele>
   </trkpt>
   <trkpt lat="1.3238200000000002" lon="103.76747">
    <ele>13.850000000000001</ele>
   </trkpt>
   <trkpt lat="1.3237800000000002" lon="103.76744000000001">
    <ele>13.790000000000001</ele>
   </trkpt>
   <trkpt lat="1.3238100000000002" lon="103.76738">
    <ele>13.74</ele>
   </trkpt>
   <trkpt lat="1.3230600000000001" lon="103.76705000000001">
    <ele>13.49</ele>
   </trkpt>
   <trkpt lat="1.3230000000000002" lon="103.76721">
    <ele>13.450000000000001</ele>
   </trkpt>
   <trkpt lat="1.3229300000000002" lon="103.76746000000001">
    <ele>13.23</ele>
   </trkpt>
   <trkpt lat="1.3228900000000001" lon="103.76750000000001">
    <ele>13.240000000000002</ele>
   </trkpt>
   <trkpt lat="1.32278" lon="103.76755000000001">
    <ele>13.280000000000001</ele>
   </trkpt>
   <trkpt lat="1.3227000000000002" lon="103.76762000000001">
    <ele>13.330000000000002</ele>
   </trkpt>
   <trkpt lat="1.3224500000000001" lon="103.7681">
    <ele>13.680000000000001</ele>
   </trkpt>
   <trkpt lat="1.32241" lon="103.76815">
    <ele>13.590000000000002</ele>
   </trkpt>
   <trkpt lat="1.32213" lon="103.76834000000001">
    <ele>12.940000000000001</ele>
   </trkpt>
   <trkpt lat="1.322" lon="103.76836000000002">
    <ele>12.790000000000001</ele>
   </trkpt>
   <trkpt lat="1.3218100000000002" lon="103.76851">
    <ele>14.32</ele>
   </trkpt>
   <trkpt lat="1.3218100000000002" lon="103.76854">
    <ele>14.32</ele>
   </trkpt>
   <trkpt lat="1.3218400000000001" lon="103.76854">
    <ele>14.32</ele>
   </trkpt>
   <trkpt lat="1.32199" lon="103.76842">
    <ele>15.63</ele>
   </trkpt>
   <trkpt lat="1.3220100000000001" lon="103.76843000000001">
    <ele>15.63</ele>
   </trkpt>
   <trkpt lat="1.322" lon="103.76846">
    <ele>15.63</ele>
   </trkpt>
   <trkpt lat="1.32186" lon="103.76857000000001">
    <ele>16.78</ele>
   </trkpt>
   <trkpt lat="1.3218800000000002" lon="103.76863">
    <ele>16.94</ele>
   </trkpt>
   <trkpt lat="1.3218100000000002" lon="103.76869">
    <ele>17.300000000000004</ele>
   </trkpt>
   <trkpt lat="1.3218200000000002" lon="103.76880000000001">
    <ele>17.76</ele>
   </trkpt>
   <trkpt lat="1.3217800000000002" lon="103.76885000000001">
    <ele>17.76</ele>
   </trkpt>
   <trkpt lat="1.3213800000464633" lon="103.7684299999439">
    <ele>17.990000000000002</ele>
   </trkpt>
   <trkpt lat="1.32098" lon="103.76801">
    <ele>18.55</ele>
   </trkpt>
   <trkpt lat="1.32101" lon="103.76798000000001">
    <ele>18.570000000000004</ele>
   </trkpt>
   <trkpt lat="1.3210300000000001" lon="103.76801">
    <ele>18.570000000000004</ele>
   </trkpt>
   <trkpt lat="1.3210700000000002" lon="103.76801">
    <ele>18.09</ele>
   </trkpt>
   <trkpt lat="1.3212100000000002" lon="103.76788">
    <ele>16.94</ele>
   </trkpt>
   <trkpt lat="1.32126" lon="103.76788">
    <ele>16.94</ele>
   </trkpt>
   <trkpt lat="1.3213300000000001" lon="103.76792">
    <ele>15.98</ele>
   </trkpt>
   <trkpt lat="1.3211700000000002" lon="103.76808000000001">
    <ele>15.360000000000001</ele>
   </trkpt>
   <trkpt lat="1.3212400000000002" lon="103.7681">
    <ele>14.93</ele>
   </trkpt>
   <trkpt lat="1.3214000000000001" lon="103.76805">
    <ele>13.110000000000001</ele>
   </trkpt>
   <trkpt lat="1.32145" lon="103.76807000000001">
    <ele>12.32</ele>
   </trkpt>
   <trkpt lat="1.322070000073453" lon="103.76759000009893">
    <ele>11.88</ele>
   </trkpt>
   <trkpt lat="1.3226900000000001" lon="103.76711">
    <ele>11.74</ele>
   </trkpt>
   <trkpt lat="1.32277" lon="103.76696000000001">
    <ele>11.9</ele>
   </trkpt>
   <trkpt lat="1.32281" lon="103.76663">
    <ele>12.13</ele>
   </trkpt>
   <trkpt lat="1.3229700000000002" lon="103.76618">
    <ele>12.110000000000001</ele>
   </trkpt>
   <trkpt lat="1.3232300001155084" lon="103.76534000017415">
    <ele>12.31</ele>
   </trkpt>
   <trkpt lat="1.32349" lon="103.76450000000001">
    <ele>12.47</ele>
   </trkpt>
   <trkpt lat="1.3235100000000002" lon="103.76422000000001">
    <ele>12.74</ele>
   </trkpt>
   <trkpt lat="1.3235800000000002" lon="103.76410000000001">
    <ele>12.690000000000001</ele>
   </trkpt>
   <trkpt lat="1.32352" lon="103.76408">
    <ele>12.690000000000001</ele>
   </trkpt>
   <trkpt lat="1.3235000000000001" lon="103.76403">
    <ele>14.040000000000001</ele>
   </trkpt>
   <trkpt lat="1.3235100000000002" lon="103.76397000000001">
    <ele>14.040000000000001</ele>
   </trkpt>
   <trkpt lat="1.3235000000000001" lon="103.76408">
    <ele>22.04</ele>
   </trkpt>
   <trkpt lat="1.3230600000000001" lon="103.76407">
    <ele>22.320000000000004</ele>
   </trkpt>
   <trkpt lat="1.32299" lon="103.76407">
    <ele>14.46</ele>
   </trkpt>
   <trkpt lat="1.3230500001127379" lon="103.76481000001206">
    <ele>14.260000000000002</ele>
   </trkpt>
   <trkpt lat="1.32311" lon="103.76555">
    <ele>15.1</ele>
   </trkpt>
   <trkpt lat="1.3229400000347136" lon="103.7661400001633">
    <ele>15.1</ele>
   </trkpt>
   <trkpt lat="1.32277" lon="103.76673000000001">
    <ele>14.42</ele>
   </trkpt>
   <trkpt lat="1.3223150000798463" lon="103.76720500005115">
    <ele>7.36</ele>
   </trkpt>
   <trkpt lat="1.32186" lon="103.76768000000001">
    <ele>16.630000000000003</ele>
   </trkpt>
   <trkpt lat="1.3214899999827103" lon="103.76796500006837">
    <ele>21.23</ele>
   </trkpt>
   <trkpt lat="1.32112" lon="103.76825000000001">
    <ele>17.51</ele>
   </trkpt>
   <trkpt lat="1.3217500000000002" lon="103.76880000000001">
    <ele>20.14</ele>
   </trkpt>
   <trkpt lat="1.3220699999466305" lon="103.76847000012019">
    <ele>19.610000000000003</ele>
   </trkpt>
   <trkpt lat="1.3223900000000002" lon="103.76814">
    <ele>9.23</ele>
   </trkpt>
   <trkpt lat="1.3226999999613427" lon="103.76765500019519">
    <ele>7.710000000000001</ele>
   </trkpt>
   <trkpt lat="1.32301" lon="103.76717000000001">
    <ele>10.75</ele>
   </trkpt>
   <trkpt lat="1.3237400000000001" lon="103.76744000000001">
    <ele>10.3</ele>
   </trkpt>
   <trkpt lat="1.3236400000548683" lon="103.76798500004921">
    <ele>14.110000000000001</ele>
   </trkpt>
   <trkpt lat="1.3235400000000002" lon="103.76853000000001">
    <ele>19.76</ele>
   </trkpt>
   <trkpt lat="1.3238100001442146" lon="103.76894500012311">
    <ele>27.62</ele>
   </trkpt>
   <trkpt lat="1.3240800000000001" lon="103.76936">
    <ele>25.19</ele>
   </trkpt>
   <trkpt lat="1.3244850000141148" lon="103.76966499994668">
    <ele>23.42</ele>
   </trkpt>
   <trkpt lat="1.3248900000000001" lon="103.76997000000001">
    <ele>35.28000000000001</ele>
   </trkpt>
   <trkpt lat="1.325285000227371" lon="103.7705999996779">
    <ele>28.560000000000002</ele>
   </trkpt>
   <trkpt lat="1.3256800002945688" lon="103.77122999955671">
    <ele>40.150000000000006</ele>
   </trkpt>
   <trkpt lat="1.3260750002015458" lon="103.77185999963656">
    <ele>49.42</ele>
   </trkpt>
   <trkpt lat="1.32647" lon="103.77249">
    <ele>45.71</ele>
   </trkpt>
   <trkpt lat="1.3265100001106804" lon="103.7732349999616">
    <ele>50.36</ele>
   </trkpt>
   <trkpt lat="1.3265500000000001" lon="103.77398000000001">
    <ele>49.830000000000005</ele>
   </trkpt>
   <trkpt lat="1.3263333335835614" lon="103.77476000012031">
    <ele>37.88</ele>
   </trkpt>
   <trkpt lat="1.326116666921402" lon="103.77554000010403">
    <ele>36.38</ele>
   </trkpt>
   <trkpt lat="1.3259" lon="103.77632000000001">
    <ele>52.660000000000004</ele>
   </trkpt>
   <trkpt lat="1.326516666736061" lon="103.7766499998491">
    <ele>38.2</ele>
   </trkpt>
   <trkpt lat="1.3271333334281337" lon="103.77697999986266">
    <ele>46.55</ele>
   </trkpt>
   <trkpt lat="1.3277500000000002" lon="103.77731000000001">
    <ele>46.09</ele>
   </trkpt>
   <trkpt lat="1.32807" lon="103.77700000000002">
    <ele>36.08</ele>
   </trkpt>
   <trkpt lat="1.3279" lon="103.77724">
    <ele>43.440000000000005</ele>
   </trkpt>
   <trkpt lat="1.328590000024556" lon="103.77747249980234">
    <ele>28.98</ele>
   </trkpt>
   <trkpt lat="1.3292800000272424" lon="103.77770499973454">
    <ele>28.580000000000002</ele>
   </trkpt>
   <trkpt lat="1.3299700000080485" lon="103.7779374997967">
    <ele>30.12</ele>
   </trkpt>
   <trkpt lat="1.3306600000000002" lon="103.77817">
    <ele>27.51</ele>
   </trkpt>
   <trkpt lat="1.33078" lon="103.77803000000002">
    <ele>22.140000000000004</ele>
   </trkpt>
   <trkpt lat="1.3311600000000001" lon="103.77804">
    <ele>22.22</ele>
   </trkpt>
   <trkpt lat="1.33129" lon="103.77801000000001">
    <ele>22.38</ele>
   </trkpt>
   <trkpt lat="1.3315000000000001" lon="103.778">
    <ele>22.88</ele>
   </trkpt>
   <trkpt lat="1.3315700000000001" lon="103.77805000000001">
    <ele>23.630000000000003</ele>
   </trkpt>
   <trkpt lat="1.3321800000000001" lon="103.77809">
    <ele>26.1</ele>
   </trkpt>
   <trkpt lat="1.3324" lon="103.77807000000001">
    <ele>28.17</ele>
   </trkpt>
   <trkpt lat="1.3329300000000002" lon="103.77811000000001">
    <ele>30.46</ele>
   </trkpt>
   <trkpt lat="1.33292" lon="103.77811000000001">
    <ele>30.430000000000003</ele>
   </trkpt>
   <trkpt lat="1.33311" lon="103.77812000000002">
    <ele>31.450000000000006</ele>
   </trkpt>
   <trkpt lat="1.33332" lon="103.77885">
    <ele>36.71</ele>
   </trkpt>
   <trkpt lat="1.33321" lon="103.77928000000001">
    <ele>39.589999999999996</ele>
   </trkpt>
   <trkpt lat="1.3331000000000002" lon="103.77969">
    <ele>40.400000000000006</ele>
   </trkpt>
   <trkpt lat="1.3330300000000002" lon="103.77967000000001">
    <ele>39.470000000000006</ele>
   </trkpt>
   <trkpt lat="1.33298" lon="103.77979">
    <ele>39.31</ele>
   </trkpt>
   <trkpt lat="1.3330300000000002" lon="103.77969">
    <ele>39.21</ele>
   </trkpt>
   <trkpt lat="1.33345" lon="103.77979">
    <ele>39.650000000000006</ele>
   </trkpt>
   <trkpt lat="1.33379" lon="103.77979">
    <ele>40.24</ele>
   </trkpt>
   <trkpt lat="1.33379" lon="103.78009000000002">
    <ele>39.63</ele>
   </trkpt>
   <trkpt lat="1.33379" lon="103.78008000000001">
    <ele>39.64</ele>
   </trkpt>
   <trkpt lat="1.3338" lon="103.78020000000001">
    <ele>39.43</ele>
   </trkpt>
   <trkpt lat="1.33382" lon="103.78026000000001">
    <ele>39.43</ele>
   </trkpt>
   <trkpt lat="1.3338800000000002" lon="103.78036">
    <ele>39.35</ele>
   </trkpt>
   <trkpt lat="1.3339800000000002" lon="103.78044000000001">
    <ele>39.13</ele>
   </trkpt>
   <trkpt lat="1.3341100000000001" lon="103.78048000000001">
    <ele>38.760000000000005</ele>
   </trkpt>
   <trkpt lat="1.3349900000000001" lon="103.78044000000001">
    <ele>33.410000000000004</ele>
   </trkpt>
   <trkpt lat="1.33538" lon="103.78042">
    <ele>30.8</ele>
   </trkpt>
   <trkpt lat="1.33552" lon="103.78031000000001">
    <ele>29.1</ele>
   </trkpt>
   <trkpt lat="1.3356700000000001" lon="103.78019">
    <ele>27.720000000000002</ele>
   </trkpt>
   <trkpt lat="1.33583" lon="103.77980000000001">
    <ele>24.91</ele>
   </trkpt>
   <trkpt lat="1.3360800000000002" lon="103.77954000000001">
    <ele>22.8</ele>
   </trkpt>
   <trkpt lat="1.3364200000000002" lon="103.77966">
    <ele>21.95</ele>
   </trkpt>
   <trkpt lat="1.33675" lon="103.77973000000001">
    <ele>21.290000000000003</ele>
   </trkpt>
   <trkpt lat="1.3369600000000001" lon="103.77980000000001">
    <ele>20.990000000000002</ele>
   </trkpt>
   <trkpt lat="1.33692" lon="103.77991000000002">
    <ele>20.96</ele>
   </trkpt>
   <trkpt lat="1.3370000000000002" lon="103.77994000000001">
    <ele>20.96</ele>
   </trkpt>
   <trkpt lat="1.336765000129289" lon="103.7806249999671">
    <ele>20.12</ele>
   </trkpt>
   <trkpt lat="1.3365300000000002" lon="103.78131">
    <ele>19.970000000000002</ele>
   </trkpt>
   <trkpt lat="1.3363600000436937" lon="103.78174500001684">
    <ele>19.44</ele>
   </trkpt>
   <trkpt lat="1.3361900000000002" lon="103.78218000000001">
    <ele>19.340000000000003</ele>
   </trkpt>
   <trkpt lat="1.3359700000482304" lon="103.7826950000595">
    <ele>19.16</ele>
   </trkpt>
   <trkpt lat="1.3357500000000002" lon="103.78321000000001">
    <ele>18.94</ele>
   </trkpt>
   <trkpt lat="1.33565" lon="103.78317000000001">
    <ele>19.020000000000003</ele>
   </trkpt>
   <trkpt lat="1.33562" lon="103.78326000000001">
    <ele>22.54</ele>
   </trkpt>
   <trkpt lat="1.3361200000000002" lon="103.78366000000001">
    <ele>19.790000000000003</ele>
   </trkpt>
   <trkpt lat="1.33597" lon="103.78411000000001">
    <ele>19.39</ele>
   </trkpt>
   <trkpt lat="1.3358500000000002" lon="103.78413">
    <ele>19.12</ele>
   </trkpt>
   <trkpt lat="1.3356100000000002" lon="103.78482000000001">
    <ele>18.64</ele>
   </trkpt>
   <trkpt lat="1.3354100000000002" lon="103.78537000000001">
    <ele>18.56</ele>
   </trkpt>
   <trkpt lat="1.3358" lon="103.78550000000001">
    <ele>18.88</ele>
   </trkpt>
   <trkpt lat="1.3360400000000001" lon="103.78547">
    <ele>19.48</ele>
   </trkpt>
   <trkpt lat="1.33617" lon="103.78539">
    <ele>20.16</ele>
   </trkpt>
   <trkpt lat="1.33623" lon="103.78539">
    <ele>20.67</ele>
   </trkpt>
   <trkpt lat="1.3362200000000002" lon="103.78539">
    <ele>20.630000000000003</ele>
   </trkpt>
   <trkpt lat="1.3366200000000001" lon="103.78540000000001">
    <ele>23.24</ele>
   </trkpt>
   <trkpt lat="1.33661" lon="103.78543">
    <ele>22.990000000000002</ele>
   </trkpt>
   <trkpt lat="1.3374000000000001" lon="103.78548">
    <ele>26.340000000000003</ele>
   </trkpt>
   <trkpt lat="1.33738" lon="103.78548">
    <ele>26.19</ele>
   </trkpt>
   <trkpt lat="1.33704" lon="103.78546000000001">
    <ele>24.84</ele>
   </trkpt>
   <trkpt lat="1.33704" lon="103.78543">
    <ele>25.210000000000004</ele>
   </trkpt>
   <trkpt lat="1.3373700000000002" lon="103.78545000000001">
    <ele>26.35</ele>
   </trkpt>
   <trkpt lat="1.33738" lon="103.78536000000001">
    <ele>26.430000000000003</ele>
   </trkpt>
   <trkpt lat="1.33763" lon="103.78538">
    <ele>26.990000000000002</ele>
   </trkpt>
   <trkpt lat="1.3377500000000002" lon="103.78532000000001">
    <ele>27.67</ele>
   </trkpt>
   <trkpt lat="1.33779" lon="103.78518000000001">
    <ele>27.98</ele>
   </trkpt>
   <trkpt lat="1.33868" lon="103.78508000000001">
    <ele>26.680000000000003</ele>
   </trkpt>
   <trkpt lat="1.3395500000991316" lon="103.78498500002311">
    <ele>26.320000000000004</ele>
   </trkpt>
   <trkpt lat="1.3404200000000002" lon="103.78489">
    <ele>28.770000000000003</ele>
   </trkpt>
   <trkpt lat="1.3410200000447166" lon="103.78481000003363">
    <ele>32.370000000000005</ele>
   </trkpt>
   <trkpt lat="1.341620000086819" lon="103.78473000002805">
    <ele>36.50000000000001</ele>
   </trkpt>
   <trkpt lat="1.3422200000000002" lon="103.78465000000001">
    <ele>39.550000000000004</ele>
   </trkpt>
   <trkpt lat="1.3423" lon="103.78453">
    <ele>40.019999999999996</ele>
   </trkpt>
   <trkpt lat="1.34234" lon="103.78448">
    <ele>40.14</ele>
   </trkpt>
   <trkpt lat="1.3425" lon="103.78433000000001">
    <ele>40.81</ele>
   </trkpt>
   <trkpt lat="1.34257" lon="103.78423000000001">
    <ele>40.89</ele>
   </trkpt>
   <trkpt lat="1.3426300000000002" lon="103.78407000000001">
    <ele>40.89</ele>
   </trkpt>
   <trkpt lat="1.3426500000000001" lon="103.78393000000001">
    <ele>40.830000000000005</ele>
   </trkpt>
   <trkpt lat="1.34264" lon="103.78383000000001">
    <ele>40.68</ele>
   </trkpt>
   <trkpt lat="1.34247" lon="103.7835">
    <ele>39.800000000000004</ele>
   </trkpt>
   <trkpt lat="1.34241" lon="103.78335000000001">
    <ele>39.24</ele>
   </trkpt>
   <trkpt lat="1.34223" lon="103.78248">
    <ele>33.64</ele>
   </trkpt>
   <trkpt lat="1.34223" lon="103.78225">
    <ele>31.42</ele>
   </trkpt>
   <trkpt lat="1.3421500000000002" lon="103.78205000000001">
    <ele>30.1</ele>
   </trkpt>
   <trkpt lat="1.34206" lon="103.78195000000001">
    <ele>29.080000000000002</ele>
   </trkpt>
   <trkpt lat="1.34186" lon="103.78179000000002">
    <ele>28.860000000000003</ele>
   </trkpt>
   <trkpt lat="1.34189" lon="103.78168000000001">
    <ele>29.32</ele>
   </trkpt>
   <trkpt lat="1.3418800000000002" lon="103.78155000000001">
    <ele>29.76</ele>
   </trkpt>
   <trkpt lat="1.34186" lon="103.78150000000001">
    <ele>30.09</ele>
   </trkpt>
   <trkpt lat="1.34182" lon="103.78146000000001">
    <ele>30.09</ele>
   </trkpt>
   <trkpt lat="1.3418100000000002" lon="103.78137000000001">
    <ele>30.55</ele>
   </trkpt>
   <trkpt lat="1.34173" lon="103.78112000000002">
    <ele>32.220000000000006</ele>
   </trkpt>
   <trkpt lat="1.3416800000000002" lon="103.78082">
    <ele>32.269999999999996</ele>
   </trkpt>
   <trkpt lat="1.3416400000000002" lon="103.78073">
    <ele>32.14</ele>
   </trkpt>
   <trkpt lat="1.3415700000000002" lon="103.78066000000001">
    <ele>31.87</ele>
   </trkpt>
   <trkpt lat="1.34155" lon="103.78053000000001">
    <ele>31.37</ele>
   </trkpt>
   <trkpt lat="1.3413700000000002" lon="103.77987">
    <ele>26.26</ele>
   </trkpt>
   <trkpt lat="1.34131" lon="103.77986000000001">
    <ele>26.26</ele>
   </trkpt>
   <trkpt lat="1.3413400000000002" lon="103.77978">
    <ele>25.800000000000004</ele>
   </trkpt>
   <trkpt lat="1.34148" lon="103.77980000000001">
    <ele>25.69</ele>
   </trkpt>
   <trkpt lat="1.34189" lon="103.77971000000001">
    <ele>26.340000000000003</ele>
   </trkpt>
   <trkpt lat="1.34217" lon="103.77967000000001">
    <ele>26.87</ele>
   </trkpt>
   <trkpt lat="1.34233" lon="103.77967000000001">
    <ele>27.580000000000002</ele>
   </trkpt>
   <trkpt lat="1.34253" lon="103.77972000000001">
    <ele>28.75</ele>
   </trkpt>
   <trkpt lat="1.3428300000000002" lon="103.77975">
    <ele>29.900000000000002</ele>
   </trkpt>
   <trkpt lat="1.34321" lon="103.77974">
    <ele>30.770000000000003</ele>
   </trkpt>
   <trkpt lat="1.34322" lon="103.77974">
    <ele>30.8</ele>
   </trkpt>
   <trkpt lat="1.3432600000000001" lon="103.77971000000001">
    <ele>31.080000000000002</ele>
   </trkpt>
   <trkpt lat="1.3435700000000002" lon="103.77972000000001">
    <ele>32.5</ele>
   </trkpt>
   <trkpt lat="1.34433" lon="103.78003000000001">
    <ele>35.53000000000001</ele>
   </trkpt>
   <trkpt lat="1.3448200000000001" lon="103.78025000000001">
    <ele>37.660000000000004</ele>
   </trkpt>
   <trkpt lat="1.34546" lon="103.78073">
    <ele>42.2</ele>
   </trkpt>
   <trkpt lat="1.34576" lon="103.78107000000001">
    <ele>44.57000000000001</ele>
   </trkpt>
   <trkpt lat="1.3458800000000002" lon="103.78126">
    <ele>47.11000000000001</ele>
   </trkpt>
   <trkpt lat="1.34583" lon="103.78129000000001">
    <ele>46.940000000000005</ele>
   </trkpt>
   <trkpt lat="1.34606" lon="103.78163">
    <ele>48.71</ele>
   </trkpt>
   <trkpt lat="1.3461900000000002" lon="103.78176">
    <ele>50.78</ele>
   </trkpt>
   <trkpt lat="1.3467500000000001" lon="103.78221">
    <ele>52.800000000000004</ele>
   </trkpt>
   <trkpt lat="1.34702" lon="103.78246000000001">
    <ele>51.36</ele>
   </trkpt>
   <trkpt lat="1.34728" lon="103.7826">
    <ele>51.980000000000004</ele>
   </trkpt>
   <trkpt lat="1.34742" lon="103.78271000000001">
    <ele>53.08</ele>
   </trkpt>
   <trkpt lat="1.34746" lon="103.78281000000001">
    <ele>54.17</ele>
   </trkpt>
   <trkpt lat="1.34756" lon="103.78336">
    <ele>58.760000000000005</ele>
   </trkpt>
   <trkpt lat="1.3476100000000002" lon="103.78344000000001">
    <ele>59.65</ele>
   </trkpt>
   <trkpt lat="1.34769" lon="103.78348000000001">
    <ele>60.15</ele>
   </trkpt>
   <trkpt lat="1.3479500000000002" lon="103.7835">
    <ele>61.09</ele>
   </trkpt>
   <trkpt lat="1.3480400000000001" lon="103.78355">
    <ele>61.85</ele>
   </trkpt>
   <trkpt lat="1.34823" lon="103.78371000000001">
    <ele>63.61</ele>
   </trkpt>
   <trkpt lat="1.3486900000000002" lon="103.78387000000001">
    <ele>66.28</ele>
   </trkpt>
   <trkpt lat="1.3491300000000002" lon="103.78394000000002">
    <ele>68.57000000000001</ele>
   </trkpt>
   <trkpt lat="1.3492300000000002" lon="103.78394000000002">
    <ele>68.67</ele>
   </trkpt>
   <trkpt lat="1.34922" lon="103.78394000000002">
    <ele>68.66</ele>
   </trkpt>
   <trkpt lat="1.3499550000931126" lon="103.78395999999648">
    <ele>65.88000000000001</ele>
   </trkpt>
   <trkpt lat="1.3506900000000002" lon="103.78398000000001">
    <ele>60.10000000000001</ele>
   </trkpt>
   <trkpt lat="1.3508900000000001" lon="103.78403000000002">
    <ele>59.5</ele>
   </trkpt>
   <trkpt lat="1.3513700000000002" lon="103.78437000000001">
    <ele>55.470000000000006</ele>
   </trkpt>
   <trkpt lat="1.3518000000000001" lon="103.78460000000001">
    <ele>53.77</ele>
   </trkpt>
   <trkpt lat="1.35224" lon="103.78436">
    <ele>52.45</ele>
   </trkpt>
   <trkpt lat="1.35253" lon="103.78423000000001">
    <ele>52.45</ele>
   </trkpt>
   <trkpt lat="1.3526200000000002" lon="103.78421">
    <ele>52.25000000000001</ele>
   </trkpt>
   <trkpt lat="1.35288" lon="103.78420000000001">
    <ele>51.84</ele>
   </trkpt>
   <trkpt lat="1.3531700000000002" lon="103.78401000000001">
    <ele>48.03</ele>
   </trkpt>
   <trkpt lat="1.35338" lon="103.78380000000001">
    <ele>49.330000000000005</ele>
   </trkpt>
   <trkpt lat="1.35393" lon="103.78352000000001">
    <ele>54.81</ele>
   </trkpt>
   <trkpt lat="1.35454" lon="103.78324">
    <ele>53.75000000000001</ele>
   </trkpt>
   <trkpt lat="1.3547300000000002" lon="103.78319">
    <ele>53.13</ele>
   </trkpt>
   <trkpt lat="1.35505" lon="103.78297">
    <ele>56.06</ele>
   </trkpt>
   <trkpt lat="1.3557100000000002" lon="103.78264000000001">
    <ele>63.55000000000001</ele>
   </trkpt>
   <trkpt lat="1.3562800000000002" lon="103.78239">
    <ele>56.1</ele>
   </trkpt>
   <trkpt lat="1.35657" lon="103.78232000000001">
    <ele>50.9</ele>
   </trkpt>
   <trkpt lat="1.3566500000000001" lon="103.78228000000001">
    <ele>50.45</ele>
   </trkpt>
   <trkpt lat="1.3567600000000002" lon="103.78214000000001">
    <ele>50.330000000000005</ele>
   </trkpt>
   <trkpt lat="1.3568500000000001" lon="103.78208000000001">
    <ele>50.56</ele>
   </trkpt>
   <trkpt lat="1.3574300000000001" lon="103.78176">
    <ele>50.730000000000004</ele>
   </trkpt>
   <trkpt lat="1.3578600001478702" lon="103.78151999996682">
    <ele>50.92000000000001</ele>
   </trkpt>
   <trkpt lat="1.3582900000000002" lon="103.78128000000001">
    <ele>52.52</ele>
   </trkpt>
   <trkpt lat="1.3583900000000002" lon="103.78125000000001">
    <ele>52.53000000000001</ele>
   </trkpt>
   <trkpt lat="1.3590200000000001" lon="103.78092000000001">
    <ele>50.260000000000005</ele>
   </trkpt>
   <trkpt lat="1.35928" lon="103.78072">
    <ele>47.99</ele>
   </trkpt>
   <trkpt lat="1.3596700000000002" lon="103.7806">
    <ele>47.13</ele>
   </trkpt>
   <trkpt lat="1.3602400000679888" lon="103.780295000046">
    <ele>48.730000000000004</ele>
   </trkpt>
   <trkpt lat="1.36081" lon="103.77999000000001">
    <ele>53.35</ele>
   </trkpt>
   <trkpt lat="1.3616000000000001" lon="103.77961">
    <ele>49.42</ele>
   </trkpt>
   <trkpt lat="1.362114999995638" lon="103.77936500006038">
    <ele>44.89000000000001</ele>
   </trkpt>
   <trkpt lat="1.36263" lon="103.77912">
    <ele>43.25</ele>
   </trkpt>
   <trkpt lat="1.3626200000000002" lon="103.77939">
    <ele>44.76</ele>
   </trkpt>
   <trkpt lat="1.3626500000000001" lon="103.77946000000001">
    <ele>45.71</ele>
   </trkpt>
   <trkpt lat="1.3629600000000002" lon="103.77931000000001">
    <ele>45.550000000000004</ele>
   </trkpt>
   <trkpt lat="1.3631900000000001" lon="103.77913000000001">
    <ele>44.52</ele>
   </trkpt>
   <trkpt lat="1.3633600000000001" lon="103.77905000000001">
    <ele>44.7</ele>
   </trkpt>
   <trkpt lat="1.3642100000000001" lon="103.77887000000001">
    <ele>43.13</ele>
   </trkpt>
   <trkpt lat="1.3643500000000002" lon="103.77882000000001">
    <ele>42.330000000000005</ele>
   </trkpt>
   <trkpt lat="1.3645200000000002" lon="103.77870000000001">
    <ele>40.620000000000005</ele>
   </trkpt>
   <trkpt lat="1.36461" lon="103.77867">
    <ele>39.89</ele>
   </trkpt>
   <trkpt lat="1.3647600000000002" lon="103.77865000000001">
    <ele>39.040000000000006</ele>
   </trkpt>
   <trkpt lat="1.3649" lon="103.77860000000001">
    <ele>38.650000000000006</ele>
   </trkpt>
   <trkpt lat="1.36511" lon="103.77844">
    <ele>38.81</ele>
   </trkpt>
   <trkpt lat="1.3653700000000002" lon="103.7784">
    <ele>40.86</ele>
   </trkpt>
   <trkpt lat="1.3654300000000001" lon="103.77866">
    <ele>43.56</ele>
   </trkpt>
   <trkpt lat="1.36602" lon="103.77868000000001">
    <ele>51.79</ele>
   </trkpt>
   <trkpt lat="1.36667" lon="103.77858">
    <ele>60.230000000000004</ele>
   </trkpt>
   <trkpt lat="1.36708" lon="103.77847000000001">
    <ele>58.32</ele>
   </trkpt>
   <trkpt lat="1.3673600000000001" lon="103.77847000000001">
    <ele>56.720000000000006</ele>
   </trkpt>
   <trkpt lat="1.36735" lon="103.77847000000001">
    <ele>56.800000000000004</ele>
   </trkpt>
   <trkpt lat="1.36749" lon="103.77845">
    <ele>56.410000000000004</ele>
   </trkpt>
   <trkpt lat="1.3676000000000001" lon="103.77839">
    <ele>56.39</ele>
   </trkpt>
   <trkpt lat="1.36776" lon="103.77836">
    <ele>57.11000000000001</ele>
   </trkpt>
   <trkpt lat="1.3682499998787152" lon="103.77836">
    <ele>58.900000000000006</ele>
   </trkpt>
   <trkpt lat="1.36874" lon="103.77836">
    <ele>54.410000000000004</ele>
   </trkpt>
   <trkpt lat="1.3688" lon="103.77838000000001">
    <ele>54.07000000000001</ele>
   </trkpt>
   <trkpt lat="1.36898" lon="103.77849">
    <ele>52.9</ele>
   </trkpt>
   <trkpt lat="1.36907" lon="103.77852000000001">
    <ele>52.6</ele>
   </trkpt>
   <trkpt lat="1.36945" lon="103.77847000000001">
    <ele>50.59</ele>
   </trkpt>
   <trkpt lat="1.3698100000000002" lon="103.77834000000001">
    <ele>50.85000000000001</ele>
   </trkpt>
   <trkpt lat="1.36992" lon="103.77826">
    <ele>50.85000000000001</ele>
   </trkpt>
   <trkpt lat="1.37" lon="103.77815000000001">
    <ele>50.45</ele>
   </trkpt>
   <trkpt lat="1.3700500000000002" lon="103.77803000000002">
    <ele>49.84</ele>
   </trkpt>
   <trkpt lat="1.3702" lon="103.77802000000001">
    <ele>50.03</ele>
   </trkpt>
   <trkpt lat="1.3706200000000002" lon="103.77793000000001">
    <ele>51.760000000000005</ele>
   </trkpt>
   <trkpt lat="1.37088" lon="103.77780000000001">
    <ele>52.17</ele>
   </trkpt>
   <trkpt lat="1.3710200000000001" lon="103.77776000000001">
    <ele>52.02</ele>
   </trkpt>
   <trkpt lat="1.3708300000000002" lon="103.77697">
    <ele>49.27</ele>
   </trkpt>
   <trkpt lat="1.3708200000000001" lon="103.77696">
    <ele>49.25</ele>
   </trkpt>
   <trkpt lat="1.37078" lon="103.77682000000001">
    <ele>49.25</ele>
   </trkpt>
   <trkpt lat="1.3706900000000002" lon="103.77668000000001">
    <ele>48.150000000000006</ele>
   </trkpt>
   <trkpt lat="1.370385000007325" lon="103.77626499990824">
    <ele>45.87</ele>
   </trkpt>
   <trkpt lat="1.3700800000000002" lon="103.77585">
    <ele>43.57</ele>
   </trkpt>
   <trkpt lat="1.3700400000000001" lon="103.77575">
    <ele>41.2</ele>
   </trkpt>
   <trkpt lat="1.37" lon="103.7754">
    <ele>40.24</ele>
   </trkpt>
   <trkpt lat="1.36989" lon="103.7754">
    <ele>39.85</ele>
   </trkpt>
   <trkpt lat="1.3698800000000002" lon="103.77513">
    <ele>38.470000000000006</ele>
   </trkpt>
   <trkpt lat="1.36995" lon="103.77510000000001">
    <ele>38.41</ele>
   </trkpt>
   <trkpt lat="1.3699800000000002" lon="103.77505000000001">
    <ele>38.41</ele>
   </trkpt>
   <trkpt lat="1.37017" lon="103.77436">
    <ele>33.95</ele>
   </trkpt>
   <trkpt lat="1.37017" lon="103.77425000000001">
    <ele>33.54</ele>
   </trkpt>
   <trkpt lat="1.3701500000000002" lon="103.77415">
    <ele>33.2</ele>
   </trkpt>
   <trkpt lat="1.36999" lon="103.77382000000001">
    <ele>33.14</ele>
   </trkpt>
   <trkpt lat="1.36995" lon="103.77365">
    <ele>34.2</ele>
   </trkpt>
   <trkpt lat="1.36999" lon="103.77314000000001">
    <ele>36.910000000000004</ele>
   </trkpt>
   <trkpt lat="1.37003" lon="103.77313000000001">
    <ele>37.00000000000001</ele>
   </trkpt>
   <trkpt lat="1.3700700000000001" lon="103.77281">
    <ele>38.12</ele>
   </trkpt>
   <trkpt lat="1.3701100000000002" lon="103.77275">
    <ele>38.52</ele>
   </trkpt>
   <trkpt lat="1.3701100000000002" lon="103.77281">
    <ele>38.35</ele>
   </trkpt>
   <trkpt lat="1.37017" lon="103.77277000000001">
    <ele>38.35</ele>
   </trkpt>
   <trkpt lat="1.3703500000000002" lon="103.77267">
    <ele>41.190000000000005</ele>
   </trkpt>
   <trkpt lat="1.370905000045211" lon="103.77239000005035">
    <ele>47.120000000000005</ele>
   </trkpt>
   <trkpt lat="1.3714600000000001" lon="103.77211000000001">
    <ele>53.4</ele>
   </trkpt>
   <trkpt lat="1.3719000001178498" lon="103.77188499998653">
    <ele>54.09</ele>
   </trkpt>
   <trkpt lat="1.3723400000000001" lon="103.77166000000001">
    <ele>53.09</ele>
   </trkpt>
   <trkpt lat="1.37271" lon="103.77145">
    <ele>52.15</ele>
   </trkpt>
   <trkpt lat="1.37277" lon="103.77139000000001">
    <ele>52.15</ele>
   </trkpt>
   <trkpt lat="1.37281" lon="103.77119">
    <ele>51.92</ele>
   </trkpt>
   <trkpt lat="1.3727900000000002" lon="103.77094000000001">
    <ele>51.64000000000001</ele>
   </trkpt>
   <trkpt lat="1.3727900000000002" lon="103.77093">
    <ele>51.67000000000001</ele>
   </trkpt>
   <trkpt lat="1.3727800000000001" lon="103.77066">
    <ele>51.550000000000004</ele>
   </trkpt>
   <trkpt lat="1.37271" lon="103.77053000000001">
    <ele>51.480000000000004</ele>
   </trkpt>
   <trkpt lat="1.37243" lon="103.77027000000001">
    <ele>51.34</ele>
   </trkpt>
   <trkpt lat="1.3724200000000002" lon="103.77027000000001">
    <ele>51.36</ele>
   </trkpt>
   <trkpt lat="1.3720700000000001" lon="103.76994">
    <ele>51.24</ele>
   </trkpt>
   <trkpt lat="1.3720100000000002" lon="103.76991000000001">
    <ele>51.18</ele>
   </trkpt>
   <trkpt lat="1.37192" lon="103.7699">
    <ele>51.18</ele>
   </trkpt>
   <trkpt lat="1.3718800000000002" lon="103.76992000000001">
    <ele>51.080000000000005</ele>
   </trkpt>
   <trkpt lat="1.37168" lon="103.77011">
    <ele>50.67000000000001</ele>
   </trkpt>
   <trkpt lat="1.3712600000000001" lon="103.77053000000001">
    <ele>44.04</ele>
   </trkpt>
   <trkpt lat="1.37118" lon="103.77054000000001">
    <ele>44.04</ele>
   </trkpt>
   <trkpt lat="1.3707600000000002" lon="103.77035000000001">
    <ele>41.39</ele>
   </trkpt>
   <trkpt lat="1.37071" lon="103.77035000000001">
    <ele>40.900000000000006</ele>
   </trkpt>
   <trkpt lat="1.3704800000000001" lon="103.77057">
    <ele>43.47</ele>
   </trkpt>
   <trkpt lat="1.3703100000000001" lon="103.77073000000001">
    <ele>45.52</ele>
   </trkpt>
   <trkpt lat="1.37036" lon="103.77076000000001">
    <ele>45.62</ele>
   </trkpt>
   <trkpt lat="1.3703" lon="103.77084">
    <ele>45.69</ele>
   </trkpt>
   <trkpt lat="1.37033" lon="103.77086000000001">
    <ele>45.89000000000001</ele>
   </trkpt>
   <trkpt lat="1.3703100000000001" lon="103.77089000000001">
    <ele>45.89000000000001</ele>
   </trkpt>
   <trkpt lat="1.3702300001380079" lon="103.77167499993348">
    <ele>42.78</ele>
   </trkpt>
   <trkpt lat="1.3701500000000002" lon="103.77246000000001">
    <ele>39.13</ele>
   </trkpt>
   <trkpt lat="1.3701100000000002" lon="103.77275">
    <ele>38.52</ele>
   </trkpt>
   <trkpt lat="1.3700700000000001" lon="103.77281">
    <ele>38.12</ele>
   </trkpt>
   <trkpt lat="1.37003" lon="103.77313000000001">
    <ele>37.00000000000001</ele>
   </trkpt>
   <trkpt lat="1.36999" lon="103.77314000000001">
    <ele>36.910000000000004</ele>
   </trkpt>
   <trkpt lat="1.36996" lon="103.77350000000001">
    <ele>34.96</ele>
   </trkpt>
   <trkpt lat="1.3699100000000002" lon="103.77349000000001">
    <ele>34.760000000000005</ele>
   </trkpt>
   <trkpt lat="1.3697800000000002" lon="103.77353000000001">
    <ele>33.690000000000005</ele>
   </trkpt>
   <trkpt lat="1.36975" lon="103.77351">
    <ele>33.690000000000005</ele>
   </trkpt>
   <trkpt lat="1.36966" lon="103.77353000000001">
    <ele>33.120000000000005</ele>
   </trkpt>
   <trkpt lat="1.36966" lon="103.77359000000001">
    <ele>33.120000000000005</ele>
   </trkpt>
   <trkpt lat="1.3695400000000002" lon="103.7736">
    <ele>32.28</ele>
   </trkpt>
   <trkpt lat="1.36949" lon="103.77369">
    <ele>31.48</ele>
   </trkpt>
   <trkpt lat="1.3694600000000001" lon="103.77369">
    <ele>31.05</ele>
   </trkpt>
   <trkpt lat="1.36945" lon="103.77369">
    <ele>31.17</ele>
   </trkpt>
   <trkpt lat="1.3694400000000002" lon="103.77369">
    <ele>31.17</ele>
   </trkpt>
   <trkpt lat="1.36921" lon="103.77354000000001">
    <ele>30.070000000000004</ele>
   </trkpt>
   <trkpt lat="1.36901" lon="103.77353000000001">
    <ele>29.67</ele>
   </trkpt>
   <trkpt lat="1.3689900000000002" lon="103.77345000000001">
    <ele>29.67</ele>
   </trkpt>
   <trkpt lat="1.3690300000000002" lon="103.77337000000001">
    <ele>29.16</ele>
   </trkpt>
   <trkpt lat="1.36891" lon="103.77262">
    <ele>28.55</ele>
   </trkpt>
   <trkpt lat="1.36867" lon="103.77232000000001">
    <ele>28.46</ele>
   </trkpt>
   <trkpt lat="1.3686600000000002" lon="103.77231">
    <ele>28.430000000000003</ele>
   </trkpt>
   <trkpt lat="1.3683400001191282" lon="103.77192500005482">
    <ele>28.240000000000002</ele>
   </trkpt>
   <trkpt lat="1.36802" lon="103.77154">
    <ele>27.98</ele>
   </trkpt>
   <trkpt lat="1.3677400000000002" lon="103.77126000000001">
    <ele>27.810000000000002</ele>
   </trkpt>
   <trkpt lat="1.36762" lon="103.77111000000001">
    <ele>27.6</ele>
   </trkpt>
   <trkpt lat="1.3671900000000001" lon="103.77079">
    <ele>27.380000000000003</ele>
   </trkpt>
   <trkpt lat="1.36701" lon="103.77111000000001">
    <ele>31.22</ele>
   </trkpt>
   <trkpt lat="1.3667500000000001" lon="103.77142">
    <ele>35.57</ele>
   </trkpt>
   <trkpt lat="1.3665500000000002" lon="103.77159">
    <ele>37.12</ele>
   </trkpt>
   <trkpt lat="1.3661400000000001" lon="103.77189000000001">
    <ele>39.290000000000006</ele>
   </trkpt>
   <trkpt lat="1.3658000000000001" lon="103.77201000000001">
    <ele>41.160000000000004</ele>
   </trkpt>
   <trkpt lat="1.3656400000000002" lon="103.77204">
    <ele>41.620000000000005</ele>
   </trkpt>
   <trkpt lat="1.3648500000000001" lon="103.77217">
    <ele>44.88</ele>
   </trkpt>
   <trkpt lat="1.3647300000000002" lon="103.77215000000001">
    <ele>45.01</ele>
   </trkpt>
   <trkpt lat="1.3647" lon="103.77211000000001">
    <ele>45.06</ele>
   </trkpt>
   <trkpt lat="1.3646600000000002" lon="103.77201000000001">
    <ele>44.74</ele>
   </trkpt>
   <trkpt lat="1.3646500000000001" lon="103.77201000000001">
    <ele>44.71000000000001</ele>
   </trkpt>
   <trkpt lat="1.3643766668929105" lon="103.7712833331865">
    <ele>41.11</ele>
   </trkpt>
   <trkpt lat="1.3641033335664414" lon="103.77055666653814">
    <ele>37.39</ele>
   </trkpt>
   <trkpt lat="1.36383" lon="103.76983000000001">
    <ele>36.47</ele>
   </trkpt>
   <trkpt lat="1.3637200001520782" lon="103.76897499996323">
    <ele>31.52</ele>
   </trkpt>
   <trkpt lat="1.3636100000000002" lon="103.76812000000001">
    <ele>27.44</ele>
   </trkpt>
   <trkpt lat="1.3636100000000002" lon="103.76811000000001">
    <ele>27.4</ele>
   </trkpt>
   <trkpt lat="1.3636000000000001" lon="103.76797">
    <ele>26.8</ele>
   </trkpt>
   <trkpt lat="1.36362" lon="103.76795000000001">
    <ele>26.8</ele>
   </trkpt>
   <trkpt lat="1.3635700000000002" lon="103.76789000000001">
    <ele>26.94</ele>
   </trkpt>
   <trkpt lat="1.36342" lon="103.76788">
    <ele>27.110000000000003</ele>
   </trkpt>
   <trkpt lat="1.36325" lon="103.76793">
    <ele>27.540000000000003</ele>
   </trkpt>
   <trkpt lat="1.36315" lon="103.76785000000001">
    <ele>27.44</ele>
   </trkpt>
   <trkpt lat="1.3627500000000001" lon="103.76775">
    <ele>27.470000000000002</ele>
   </trkpt>
   <trkpt lat="1.3626200000000002" lon="103.76767000000001">
    <ele>27.46</ele>
   </trkpt>
   <trkpt lat="1.3622400000000001" lon="103.76754000000001">
    <ele>27.4</ele>
   </trkpt>
   <trkpt lat="1.3621100000000002" lon="103.76753000000001">
    <ele>27.51</ele>
   </trkpt>
   <trkpt lat="1.3618400000000002" lon="103.76744000000001">
    <ele>27.92</ele>
   </trkpt>
   <trkpt lat="1.3618100000000002" lon="103.76743">
    <ele>27.950000000000003</ele>
   </trkpt>
   <trkpt lat="1.36159" lon="103.76734">
    <ele>28.090000000000003</ele>
   </trkpt>
   <trkpt lat="1.3611000000000002" lon="103.76729">
    <ele>28.39</ele>
   </trkpt>
   <trkpt lat="1.3608200000000001" lon="103.76729">
    <ele>28.78</ele>
   </trkpt>
   <trkpt lat="1.3605800000000001" lon="103.76732000000001">
    <ele>28.84</ele>
   </trkpt>
   <trkpt lat="1.3605800000000001" lon="103.76736000000001">
    <ele>29.93</ele>
   </trkpt>
   <trkpt lat="1.3604800000000001" lon="103.76738">
    <ele>30.35</ele>
   </trkpt>
   <trkpt lat="1.3599949999937264" lon="103.76744000001294">
    <ele>29.730000000000004</ele>
   </trkpt>
   <trkpt lat="1.3595100000000002" lon="103.76750000000001">
    <ele>29.810000000000002</ele>
   </trkpt>
   <trkpt lat="1.3595700000000002" lon="103.76772000000001">
    <ele>30.79</ele>
   </trkpt>
   <trkpt lat="1.3594400000000002" lon="103.76775">
    <ele>31.51</ele>
   </trkpt>
   <trkpt lat="1.3594700000000002" lon="103.76802">
    <ele>33.67</ele>
   </trkpt>
   <trkpt lat="1.3601450000009006" lon="103.76800500000418">
    <ele>39.17</ele>
   </trkpt>
   <trkpt lat="1.3608200000000001" lon="103.76799000000001">
    <ele>42.160000000000004</ele>
   </trkpt>
   <trkpt lat="1.3611000000000002" lon="103.76804000000001">
    <ele>43.49</ele>
   </trkpt>
   <trkpt lat="1.36118" lon="103.76808000000001">
    <ele>43.84</ele>
   </trkpt>
   <trkpt lat="1.3611900000000001" lon="103.76815">
    <ele>44.58</ele>
   </trkpt>
   <trkpt lat="1.36114" lon="103.76839000000001">
    <ele>46.900000000000006</ele>
   </trkpt>
   <trkpt lat="1.3611000000000002" lon="103.76838000000001">
    <ele>44.14000000000001</ele>
   </trkpt>
   <trkpt lat="1.36111" lon="103.76836000000002">
    <ele>44.03000000000001</ele>
   </trkpt>
   <trkpt lat="1.3606500000000001" lon="103.76828">
    <ele>42.580000000000005</ele>
   </trkpt>
   <trkpt lat="1.3604500000000002" lon="103.76828">
    <ele>42.580000000000005</ele>
   </trkpt>
   <trkpt lat="1.3606500000000001" lon="103.76828">
    <ele>42.57</ele>
   </trkpt>
   <trkpt lat="1.36111" lon="103.76836000000002">
    <ele>44.03000000000001</ele>
   </trkpt>
   <trkpt lat="1.3611000000000002" lon="103.76838000000001">
    <ele>44.14000000000001</ele>
   </trkpt>
   <trkpt lat="1.3606500000000001" lon="103.76830000000001">
    <ele>45.68000000000001</ele>
   </trkpt>
   <trkpt lat="1.3601950000732785" lon="103.76832000000056">
    <ele>43.81</ele>
   </trkpt>
   <trkpt lat="1.3597400000000002" lon="103.76834000000001">
    <ele>39.120000000000005</ele>
   </trkpt>
   <trkpt lat="1.3597100000000002" lon="103.76804000000001">
    <ele>35.43</ele>
   </trkpt>
   <trkpt lat="1.3594700000000002" lon="103.76805">
    <ele>33.67</ele>
   </trkpt>
   <trkpt lat="1.3594400000000002" lon="103.76775">
    <ele>31.51</ele>
   </trkpt>
   <trkpt lat="1.3595700000000002" lon="103.76772000000001">
    <ele>30.51</ele>
   </trkpt>
   <trkpt lat="1.3595100000000002" lon="103.76750000000001">
    <ele>29.810000000000002</ele>
   </trkpt>
   <trkpt lat="1.35939" lon="103.76752">
    <ele>29.810000000000002</ele>
   </trkpt>
   <trkpt lat="1.35938" lon="103.76750000000001">
    <ele>29.810000000000002</ele>
   </trkpt>
   <trkpt lat="1.3597800000000002" lon="103.76746000000001">
    <ele>34.550000000000004</ele>
   </trkpt>
   <trkpt lat="1.35973" lon="103.76691000000001">
    <ele>35.22</ele>
   </trkpt>
   <trkpt lat="1.3602200000000002" lon="103.76684">
    <ele>29.630000000000003</ele>
   </trkpt>
   <trkpt lat="1.3602200000000002" lon="103.76682000000001">
    <ele>29.69</ele>
   </trkpt>
   <trkpt lat="1.3596800000000002" lon="103.7669">
    <ele>30.070000000000004</ele>
   </trkpt>
   <trkpt lat="1.35941" lon="103.76697000000001">
    <ele>30.240000000000002</ele>
   </trkpt>
   <trkpt lat="1.3594000000000002" lon="103.76694">
    <ele>30.240000000000002</ele>
   </trkpt>
   <trkpt lat="1.3589449997591834" lon="103.76709500011293">
    <ele>30.51</ele>
   </trkpt>
   <trkpt lat="1.3584900000000002" lon="103.76725">
    <ele>30.85</ele>
   </trkpt>
   <trkpt lat="1.35819" lon="103.76738">
    <ele>31.3</ele>
   </trkpt>
   <trkpt lat="1.35796" lon="103.76742000000002">
    <ele>31.810000000000006</ele>
   </trkpt>
   <trkpt lat="1.35766" lon="103.76744000000001">
    <ele>31.85</ele>
   </trkpt>
   <trkpt lat="1.35758" lon="103.76745000000001">
    <ele>31.880000000000006</ele>
   </trkpt>
   <trkpt lat="1.35728" lon="103.76752">
    <ele>32.080000000000005</ele>
   </trkpt>
   <trkpt lat="1.3572300000000002" lon="103.76732000000001">
    <ele>41.49</ele>
   </trkpt>
   <trkpt lat="1.3571000000000002" lon="103.76728000000001">
    <ele>41.63</ele>
   </trkpt>
   <trkpt lat="1.35718" lon="103.76725">
    <ele>41.550000000000004</ele>
   </trkpt>
   <trkpt lat="1.3571000000000002" lon="103.76728000000001">
    <ele>41.63</ele>
   </trkpt>
   <trkpt lat="1.356709999901418" lon="103.76753500011435">
    <ele>42.17</ele>
   </trkpt>
   <trkpt lat="1.3563200000000002" lon="103.76779">
    <ele>43.04</ele>
   </trkpt>
   <trkpt lat="1.3562800000000002" lon="103.76774">
    <ele>43.35000000000001</ele>
   </trkpt>
   <trkpt lat="1.35586" lon="103.76802">
    <ele>44.09</ele>
   </trkpt>
   <trkpt lat="1.3554000000000002" lon="103.76828">
    <ele>43.77</ele>
   </trkpt>
   <trkpt lat="1.3548300000000002" lon="103.76840000000001">
    <ele>40.82</ele>
   </trkpt>
   <trkpt lat="1.3546200000000002" lon="103.7685">
    <ele>40.040000000000006</ele>
   </trkpt>
   <trkpt lat="1.35454" lon="103.76856000000001">
    <ele>39.690000000000005</ele>
   </trkpt>
   <trkpt lat="1.3543200000000002" lon="103.76894000000001">
    <ele>39.13</ele>
   </trkpt>
   <trkpt lat="1.3542100000000001" lon="103.76910000000001">
    <ele>39.980000000000004</ele>
   </trkpt>
   <trkpt lat="1.35406" lon="103.76917">
    <ele>40.42</ele>
   </trkpt>
   <trkpt lat="1.3537400000000002" lon="103.76927">
    <ele>42.370000000000005</ele>
   </trkpt>
   <trkpt lat="1.353255000020656" lon="103.76941000002321">
    <ele>44.96000000000001</ele>
   </trkpt>
   <trkpt lat="1.35277" lon="103.76955000000001">
    <ele>45.68000000000001</ele>
   </trkpt>
   <trkpt lat="1.3523199998283328" lon="103.76965000005715">
    <ele>45.24</ele>
   </trkpt>
   <trkpt lat="1.3518700000000001" lon="103.76975">
    <ele>44.07000000000001</ele>
   </trkpt>
   <trkpt lat="1.35186" lon="103.76969000000001">
    <ele>49.78</ele>
   </trkpt>
   <trkpt lat="1.35219" lon="103.76964000000001">
    <ele>52.160000000000004</ele>
   </trkpt>
   <trkpt lat="1.35223" lon="103.76927">
    <ele>54.61000000000001</ele>
   </trkpt>
   <trkpt lat="1.35219" lon="103.76908">
    <ele>55.23</ele>
   </trkpt>
   <trkpt lat="1.35219" lon="103.76906000000001">
    <ele>55.260000000000005</ele>
   </trkpt>
   <trkpt lat="1.3520466668800835" lon="103.76835999997442">
    <ele>56.11000000000001</ele>
   </trkpt>
   <trkpt lat="1.351903333558432" lon="103.76766000003151">
    <ele>59.660000000000004</ele>
   </trkpt>
   <trkpt lat="1.35176" lon="103.76696000000001">
    <ele>76.33000000000001</ele>
   </trkpt>
   <trkpt lat="1.3517400000000002" lon="103.76687000000001">
    <ele>77.23</ele>
   </trkpt>
   <trkpt lat="1.35175" lon="103.76685">
    <ele>77.41000000000001</ele>
   </trkpt>
   <trkpt lat="1.35226" lon="103.76662">
    <ele>84.35000000000001</ele>
   </trkpt>
   <trkpt lat="1.35243" lon="103.76659000000001">
    <ele>86.57000000000001</ele>
   </trkpt>
   <trkpt lat="1.3524800000000001" lon="103.76656000000001">
    <ele>87.01</ele>
   </trkpt>
   <trkpt lat="1.3524900000000002" lon="103.76650000000001">
    <ele>87.83</ele>
   </trkpt>
   <trkpt lat="1.35247" lon="103.76636">
    <ele>88.71000000000001</ele>
   </trkpt>
   <trkpt lat="1.35217" lon="103.76638000000001">
    <ele>85.97</ele>
   </trkpt>
   <trkpt lat="1.3519500000000002" lon="103.7664">
    <ele>84.63000000000001</ele>
   </trkpt>
   <trkpt lat="1.3517400000000002" lon="103.76648000000002">
    <ele>83.84</ele>
   </trkpt>
   <trkpt lat="1.35111" lon="103.76693">
    <ele>81.52000000000001</ele>
   </trkpt>
   <trkpt lat="1.35078" lon="103.76697000000001">
    <ele>80.35000000000001</ele>
   </trkpt>
   <trkpt lat="1.3511000000130449" lon="103.76648500011747">
    <ele>90.22000000000001</ele>
   </trkpt>
   <trkpt lat="1.35142" lon="103.766">
    <ele>104.10000000000001</ele>
   </trkpt>
   <trkpt lat="1.3511000000837308" lon="103.76648500001032">
    <ele>90.22000000000001</ele>
   </trkpt>
   <trkpt lat="1.35078" lon="103.76697000000001">
    <ele>80.35000000000001</ele>
   </trkpt>
   <trkpt lat="1.3505900000000002" lon="103.76719000000001">
    <ele>79.61</ele>
   </trkpt>
   <trkpt lat="1.35054" lon="103.76723000000001">
    <ele>79.14</ele>
   </trkpt>
   <trkpt lat="1.35034" lon="103.76749000000001">
    <ele>74.81</ele>
   </trkpt>
   <trkpt lat="1.35033" lon="103.76754000000001">
    <ele>74.81</ele>
   </trkpt>
   <trkpt lat="1.349893333510708" lon="103.7681466668483">
    <ele>65.87</ele>
   </trkpt>
   <trkpt lat="1.3494566668701318" lon="103.76875333347867">
    <ele>53.18000000000001</ele>
   </trkpt>
   <trkpt lat="1.34902" lon="103.76936">
    <ele>44.52</ele>
   </trkpt>
   <trkpt lat="1.34898" lon="103.76949">
    <ele>40.370000000000005</ele>
   </trkpt>
   <trkpt lat="1.34898" lon="103.76960000000001">
    <ele>40.370000000000005</ele>
   </trkpt>
   <trkpt lat="1.34905" lon="103.76998">
    <ele>35.410000000000004</ele>
   </trkpt>
   <trkpt lat="1.34912" lon="103.76999">
    <ele>35.45</ele>
   </trkpt>
   <trkpt lat="1.34905" lon="103.76998">
    <ele>35.410000000000004</ele>
   </trkpt>
   <trkpt lat="1.34932" lon="103.77005000000001">
    <ele>35.54</ele>
   </trkpt>
   <trkpt lat="1.3501400000834494" lon="103.7699500000238">
    <ele>36.93000000000001</ele>
   </trkpt>
   <trkpt lat="1.3509600000000002" lon="103.76985">
    <ele>40.24</ele>
   </trkpt>
   <trkpt lat="1.35114" lon="103.7698">
    <ele>41.46</ele>
   </trkpt>
   <trkpt lat="1.3518700000000001" lon="103.76975">
    <ele>44.53000000000001</ele>
   </trkpt>
   <trkpt lat="1.3520200000000002" lon="103.76972">
    <ele>44.61</ele>
   </trkpt>
   <trkpt lat="1.3518700000000001" lon="103.76975">
    <ele>44.07000000000001</ele>
   </trkpt>
   <trkpt lat="1.35186" lon="103.76969000000001">
    <ele>49.78</ele>
   </trkpt>
   <trkpt lat="1.35219" lon="103.76964000000001">
    <ele>52.160000000000004</ele>
   </trkpt>
   <trkpt lat="1.35223" lon="103.76927">
    <ele>54.61000000000001</ele>
   </trkpt>
   <trkpt lat="1.3521000001713805" lon="103.76862999994498">
    <ele>56.03</ele>
   </trkpt>
   <trkpt lat="1.3519700001741206" lon="103.7679899999585">
    <ele>57.290000000000006</ele>
   </trkpt>
   <trkpt lat="1.3518400000000002" lon="103.76735000000001">
    <ele>68.29</ele>
   </trkpt>
   <trkpt lat="1.3518400000000002" lon="103.76734">
    <ele>68.51</ele>
   </trkpt>
   <trkpt lat="1.3517400000000002" lon="103.76687000000001">
    <ele>77.23</ele>
   </trkpt>
   <trkpt lat="1.35175" lon="103.76685">
    <ele>77.41000000000001</ele>
   </trkpt>
   <trkpt lat="1.35206" lon="103.76671">
    <ele>81.22</ele>
   </trkpt>
   <trkpt lat="1.35226" lon="103.76662">
    <ele>84.35000000000001</ele>
   </trkpt>
   <trkpt lat="1.35243" lon="103.76659000000001">
    <ele>86.57000000000001</ele>
   </trkpt>
   <trkpt lat="1.3524800000000001" lon="103.76656000000001">
    <ele>87.01</ele>
   </trkpt>
   <trkpt lat="1.3524900000000002" lon="103.76650000000001">
    <ele>87.83</ele>
   </trkpt>
   <trkpt lat="1.35247" lon="103.76636">
    <ele>88.71000000000001</ele>
   </trkpt>
   <trkpt lat="1.3519500000000002" lon="103.7664">
    <ele>84.63000000000001</ele>
   </trkpt>
   <trkpt lat="1.3517400000000002" lon="103.76648000000002">
    <ele>84.02000000000001</ele>
   </trkpt>
   <trkpt lat="1.35111" lon="103.76693">
    <ele>81.52000000000001</ele>
   </trkpt>
   <trkpt lat="1.35078" lon="103.76697000000001">
    <ele>80.35000000000001</ele>
   </trkpt>
   <trkpt lat="1.3511000000130449" lon="103.76648500011747">
    <ele>90.22000000000001</ele>
   </trkpt>
   <trkpt lat="1.35142" lon="103.766">
    <ele>104.10000000000001</ele>
   </trkpt>
   <trkpt lat="1.3511000000837308" lon="103.76648500001032">
    <ele>90.22000000000001</ele>
   </trkpt>
   <trkpt lat="1.35078" lon="103.76697000000001">
    <ele>80.35000000000001</ele>
   </trkpt>
   <trkpt lat="1.3505900000000002" lon="103.76719000000001">
    <ele>79.61</ele>
   </trkpt>
   <trkpt lat="1.35054" lon="103.76723000000001">
    <ele>79.14</ele>
   </trkpt>
   <trkpt lat="1.35034" lon="103.76749000000001">
    <ele>74.81</ele>
   </trkpt>
   <trkpt lat="1.35033" lon="103.76754000000001">
    <ele>74.81</ele>
   </trkpt>
   <trkpt lat="1.349893333510708" lon="103.7681466668483">
    <ele>65.87</ele>
   </trkpt>
   <trkpt lat="1.3494566668701318" lon="103.76875333347867">
    <ele>53.18000000000001</ele>
   </trkpt>
   <trkpt lat="1.34902" lon="103.76936">
    <ele>44.52</ele>
   </trkpt>
   <trkpt lat="1.34898" lon="103.76949">
    <ele>40.370000000000005</ele>
   </trkpt>
   <trkpt lat="1.34898" lon="103.76960000000001">
    <ele>40.370000000000005</ele>
   </trkpt>
   <trkpt lat="1.34902" lon="103.76979000000001">
    <ele>38.13</ele>
   </trkpt>
   <trkpt lat="1.34902" lon="103.76983000000001">
    <ele>37.62</ele>
   </trkpt>
   <trkpt lat="1.34898" lon="103.76960000000001">
    <ele>40.370000000000005</ele>
   </trkpt>
   <trkpt lat="1.34898" lon="103.76949">
    <ele>40.370000000000005</ele>
   </trkpt>
   <trkpt lat="1.34902" lon="103.76936">
    <ele>44.52</ele>
   </trkpt>
   <trkpt lat="1.349456666791812" lon="103.76875333358747">
    <ele>53.18000000000001</ele>
   </trkpt>
   <trkpt lat="1.3498933334323884" lon="103.76814666695711">
    <ele>65.87</ele>
   </trkpt>
   <trkpt lat="1.35033" lon="103.76754000000001">
    <ele>74.81</ele>
   </trkpt>
   <trkpt lat="1.35034" lon="103.76749000000001">
    <ele>74.81</ele>
   </trkpt>
   <trkpt lat="1.35054" lon="103.76723000000001">
    <ele>79.14</ele>
   </trkpt>
   <trkpt lat="1.3505900000000002" lon="103.76719000000001">
    <ele>79.61</ele>
   </trkpt>
   <trkpt lat="1.35078" lon="103.76697000000001">
    <ele>80.35000000000001</ele>
   </trkpt>
   <trkpt lat="1.3510800000134089" lon="103.766510000103">
    <ele>90.22000000000001</ele>
   </trkpt>
   <trkpt lat="1.35138" lon="103.76605">
    <ele>102.88000000000001</ele>
   </trkpt>
   <trkpt lat="1.35142" lon="103.766">
    <ele>104.10000000000001</ele>
   </trkpt>
   <trkpt lat="1.3511000000837308" lon="103.76648500001032">
    <ele>90.22000000000001</ele>
   </trkpt>
   <trkpt lat="1.35078" lon="103.76697000000001">
    <ele>80.35000000000001</ele>
   </trkpt>
   <trkpt lat="1.3505900000000002" lon="103.76719000000001">
    <ele>79.61</ele>
   </trkpt>
   <trkpt lat="1.35054" lon="103.76723000000001">
    <ele>79.14</ele>
   </trkpt>
   <trkpt lat="1.35034" lon="103.76749000000001">
    <ele>74.81</ele>
   </trkpt>
   <trkpt lat="1.35033" lon="103.76754000000001">
    <ele>74.81</ele>
   </trkpt>
   <trkpt lat="1.349893333510708" lon="103.7681466668483">
    <ele>65.87</ele>
   </trkpt>
   <trkpt lat="1.3494566668701318" lon="103.76875333347867">
    <ele>53.18000000000001</ele>
   </trkpt>
   <trkpt lat="1.34902" lon="103.76936">
    <ele>44.52</ele>
   </trkpt>
   <trkpt lat="1.34898" lon="103.76949">
    <ele>40.370000000000005</ele>
   </trkpt>
   <trkpt lat="1.34898" lon="103.76960000000001">
    <ele>40.370000000000005</ele>
   </trkpt>
   <trkpt lat="1.34905" lon="103.76998">
    <ele>35.410000000000004</ele>
   </trkpt>
   <trkpt lat="1.3492000000000002" lon="103.77001000000001">
    <ele>35.49</ele>
   </trkpt>
   <trkpt lat="1.3491900000000001" lon="103.77001000000001">
    <ele>35.49</ele>
   </trkpt>
   <trkpt lat="1.34905" lon="103.76998">
    <ele>35.410000000000004</ele>
   </trkpt>
   <trkpt lat="1.34898" lon="103.76960000000001">
    <ele>40.370000000000005</ele>
   </trkpt>
   <trkpt lat="1.34898" lon="103.76949">
    <ele>40.370000000000005</ele>
   </trkpt>
   <trkpt lat="1.34902" lon="103.76936">
    <ele>44.52</ele>
   </trkpt>
   <trkpt lat="1.349456666791812" lon="103.76875333358747">
    <ele>53.18000000000001</ele>
   </trkpt>
   <trkpt lat="1.3498933334323884" lon="103.76814666695711">
    <ele>65.87</ele>
   </trkpt>
   <trkpt lat="1.35033" lon="103.76754000000001">
    <ele>74.81</ele>
   </trkpt>
   <trkpt lat="1.35034" lon="103.76749000000001">
    <ele>76.46</ele>
   </trkpt>
   <trkpt lat="1.35054" lon="103.76723000000001">
    <ele>79.14</ele>
   </trkpt>
   <trkpt lat="1.3505900000000002" lon="103.76719000000001">
    <ele>79.61</ele>
   </trkpt>
   <trkpt lat="1.35078" lon="103.76697000000001">
    <ele>80.35000000000001</ele>
   </trkpt>
   <trkpt lat="1.3510949999966027" lon="103.76648500014264">
    <ele>90.22000000000001</ele>
   </trkpt>
   <trkpt lat="1.35141" lon="103.766">
    <ele>104.07000000000001</ele>
   </trkpt>
   <trkpt lat="1.35142" lon="103.766">
    <ele>104.10000000000001</ele>
   </trkpt>
   <trkpt lat="1.3511000000837308" lon="103.76648500001032">
    <ele>90.22000000000001</ele>
   </trkpt>
   <trkpt lat="1.35078" lon="103.76697000000001">
    <ele>80.35000000000001</ele>
   </trkpt>
   <trkpt lat="1.3505900000000002" lon="103.76719000000001">
    <ele>79.61</ele>
   </trkpt>
   <trkpt lat="1.35054" lon="103.76723000000001">
    <ele>79.14</ele>
   </trkpt>
   <trkpt lat="1.35034" lon="103.76749000000001">
    <ele>74.81</ele>
   </trkpt>
   <trkpt lat="1.35033" lon="103.76754000000001">
    <ele>74.81</ele>
   </trkpt>
   <trkpt lat="1.349893333510708" lon="103.7681466668483">
    <ele>65.87</ele>
   </trkpt>
   <trkpt lat="1.3494566668701318" lon="103.76875333347867">
    <ele>53.18000000000001</ele>
   </trkpt>
   <trkpt lat="1.34902" lon="103.76936">
    <ele>44.52</ele>
   </trkpt>
   <trkpt lat="1.34898" lon="103.76949">
    <ele>40.370000000000005</ele>
   </trkpt>
   <trkpt lat="1.34898" lon="103.76960000000001">
    <ele>40.370000000000005</ele>
   </trkpt>
   <trkpt lat="1.34901" lon="103.76977000000001">
    <ele>38.37</ele>
   </trkpt>
   <trkpt lat="1.34902" lon="103.76983000000001">
    <ele>37.62</ele>
   </trkpt>
   <trkpt lat="1.34898" lon="103.76960000000001">
    <ele>40.370000000000005</ele>
   </trkpt>
   <trkpt lat="1.34898" lon="103.76949">
    <ele>40.370000000000005</ele>
   </trkpt>
   <trkpt lat="1.34902" lon="103.76936">
    <ele>44.52</ele>
   </trkpt>
   <trkpt lat="1.349456666791812" lon="103.76875333358747">
    <ele>53.18000000000001</ele>
   </trkpt>
   <trkpt lat="1.3498933334323884" lon="103.76814666695711">
    <ele>65.87</ele>
   </trkpt>
   <trkpt lat="1.35033" lon="103.76754000000001">
    <ele>74.81</ele>
   </trkpt>
   <trkpt lat="1.35034" lon="103.76749000000001">
    <ele>74.81</ele>
   </trkpt>
   <trkpt lat="1.35054" lon="103.76723000000001">
    <ele>79.14</ele>
   </trkpt>
   <trkpt lat="1.3505900000000002" lon="103.76719000000001">
    <ele>79.61</ele>
   </trkpt>
   <trkpt lat="1.35078" lon="103.76697000000001">
    <ele>80.35000000000001</ele>
   </trkpt>
   <trkpt lat="1.3510849999914982" lon="103.76650500013916">
    <ele>90.22000000000001</ele>
   </trkpt>
   <trkpt lat="1.35139" lon="103.76604">
    <ele>103.15</ele>
   </trkpt>
   <trkpt lat="1.35142" lon="103.766">
    <ele>104.10000000000001</ele>
   </trkpt>
   <trkpt lat="1.3511000000837308" lon="103.76648500001032">
    <ele>90.22000000000001</ele>
   </trkpt>
   <trkpt lat="1.35078" lon="103.76697000000001">
    <ele>80.35000000000001</ele>
   </trkpt>
   <trkpt lat="1.3505900000000002" lon="103.76719000000001">
    <ele>79.61</ele>
   </trkpt>
   <trkpt lat="1.35054" lon="103.76723000000001">
    <ele>79.14</ele>
   </trkpt>
   <trkpt lat="1.35034" lon="103.76749000000001">
    <ele>74.81</ele>
   </trkpt>
   <trkpt lat="1.35033" lon="103.76754000000001">
    <ele>74.81</ele>
   </trkpt>
   <trkpt lat="1.349893333510708" lon="103.7681466668483">
    <ele>65.87</ele>
   </trkpt>
   <trkpt lat="1.3494566668701318" lon="103.76875333347867">
    <ele>53.18000000000001</ele>
   </trkpt>
   <trkpt lat="1.34902" lon="103.76936">
    <ele>44.52</ele>
   </trkpt>
   <trkpt lat="1.34898" lon="103.76949">
    <ele>40.370000000000005</ele>
   </trkpt>
   <trkpt lat="1.34898" lon="103.76960000000001">
    <ele>40.370000000000005</ele>
   </trkpt>
   <trkpt lat="1.34905" lon="103.76998">
    <ele>35.410000000000004</ele>
   </trkpt>
   <trkpt lat="1.34932" lon="103.77005000000001">
    <ele>35.54</ele>
   </trkpt>
   <trkpt lat="1.3501400000834494" lon="103.7699500000238">
    <ele>36.93000000000001</ele>
   </trkpt>
   <trkpt lat="1.3509600000000002" lon="103.76985">
    <ele>40.24</ele>
   </trkpt>
   <trkpt lat="1.35114" lon="103.7698">
    <ele>41.46</ele>
   </trkpt>
   <trkpt lat="1.3512400000000002" lon="103.76979000000001">
    <ele>41.79</ele>
   </trkpt>
   <trkpt lat="1.3518700000000001" lon="103.76975">
    <ele>43.59</ele>
   </trkpt>
   <trkpt lat="1.3523500000000002" lon="103.76965000000001">
    <ele>45.24</ele>
   </trkpt>
   <trkpt lat="1.35277" lon="103.76955000000001">
    <ele>45.68000000000001</ele>
   </trkpt>
   <trkpt lat="1.3534300000000001" lon="103.76937000000001">
    <ele>43.95</ele>
   </trkpt>
   <trkpt lat="1.35406" lon="103.76917">
    <ele>40.42</ele>
   </trkpt>
   <trkpt lat="1.3542100000000001" lon="103.76910000000001">
    <ele>39.980000000000004</ele>
   </trkpt>
   <trkpt lat="1.3543200000000002" lon="103.76894000000001">
    <ele>39.13</ele>
   </trkpt>
   <trkpt lat="1.35451" lon="103.76861000000001">
    <ele>39.57</ele>
   </trkpt>
   <trkpt lat="1.35454" lon="103.76856000000001">
    <ele>39.690000000000005</ele>
   </trkpt>
   <trkpt lat="1.3546200000000002" lon="103.7685">
    <ele>40.040000000000006</ele>
   </trkpt>
   <trkpt lat="1.3548300000000002" lon="103.76840000000001">
    <ele>40.82</ele>
   </trkpt>
   <trkpt lat="1.3554000000000002" lon="103.76828">
    <ele>43.77</ele>
   </trkpt>
   <trkpt lat="1.35586" lon="103.76802">
    <ele>44.09</ele>
   </trkpt>
   <trkpt lat="1.3562800000000002" lon="103.76774">
    <ele>43.35000000000001</ele>
   </trkpt>
   <trkpt lat="1.3568200000000001" lon="103.76735000000001">
    <ele>42.410000000000004</ele>
   </trkpt>
   <trkpt lat="1.35724" lon="103.76712">
    <ele>42.14</ele>
   </trkpt>
   <trkpt lat="1.35739" lon="103.76705000000001">
    <ele>42.050000000000004</ele>
   </trkpt>
   <trkpt lat="1.3575700000000002" lon="103.76689">
    <ele>42.36</ele>
   </trkpt>
   <trkpt lat="1.3577000000000001" lon="103.76658">
    <ele>43.64000000000001</ele>
   </trkpt>
   <trkpt lat="1.3579500000000002" lon="103.76581">
    <ele>43.42</ele>
   </trkpt>
   <trkpt lat="1.358130000077073" lon="103.76523000001899">
    <ele>39.690000000000005</ele>
   </trkpt>
   <trkpt lat="1.3583100000000001" lon="103.76465">
    <ele>34.86</ele>
   </trkpt>
   <trkpt lat="1.3583900000000002" lon="103.76445000000001">
    <ele>33.82</ele>
   </trkpt>
   <trkpt lat="1.3585800000000001" lon="103.76413000000001">
    <ele>30.560000000000002</ele>
   </trkpt>
   <trkpt lat="1.35861" lon="103.76407">
    <ele>30.11</ele>
   </trkpt>
   <trkpt lat="1.3587600000000002" lon="103.76382000000001">
    <ele>26.860000000000003</ele>
   </trkpt>
   <trkpt lat="1.35878" lon="103.76371">
    <ele>26.860000000000003</ele>
   </trkpt>
   <trkpt lat="1.3587600000000002" lon="103.76362">
    <ele>26.660000000000004</ele>
   </trkpt>
   <trkpt lat="1.3584" lon="103.76331">
    <ele>26.17</ele>
   </trkpt>
   <trkpt lat="1.3579100000000002" lon="103.76296">
    <ele>25.67</ele>
   </trkpt>
   <trkpt lat="1.3573600000000001" lon="103.76263">
    <ele>25.580000000000002</ele>
   </trkpt>
   <trkpt lat="1.3570300000000002" lon="103.76247000000001">
    <ele>25.45</ele>
   </trkpt>
   <trkpt lat="1.35711" lon="103.76227000000002">
    <ele>25.23</ele>
   </trkpt>
   <trkpt lat="1.3570600000000002" lon="103.76224">
    <ele>25.09</ele>
   </trkpt>
   <trkpt lat="1.3571900000000001" lon="103.76184">
    <ele>27.06</ele>
   </trkpt>
   <trkpt lat="1.35729" lon="103.76152">
    <ele>30.53</ele>
   </trkpt>
   <trkpt lat="1.3574300000000001" lon="103.76122000000001">
    <ele>33.17</ele>
   </trkpt>
   <trkpt lat="1.35762" lon="103.76103">
    <ele>34.11</ele>
   </trkpt>
   <trkpt lat="1.3579" lon="103.76064000000001">
    <ele>37.43000000000001</ele>
   </trkpt>
   <trkpt lat="1.35786" lon="103.76061000000001">
    <ele>37.52</ele>
   </trkpt>
   <trkpt lat="1.3579700000000001" lon="103.76041000000001">
    <ele>38.7</ele>
   </trkpt>
   <trkpt lat="1.3584100000000001" lon="103.75973">
    <ele>43.230000000000004</ele>
   </trkpt>
   <trkpt lat="1.3586200000000002" lon="103.75941">
    <ele>46.8</ele>
   </trkpt>
   <trkpt lat="1.35868" lon="103.75944000000001">
    <ele>46.61000000000001</ele>
   </trkpt>
   <trkpt lat="1.3589000000000002" lon="103.75907000000001">
    <ele>49.510000000000005</ele>
   </trkpt>
   <trkpt lat="1.3593000000000002" lon="103.75827000000001">
    <ele>58.38</ele>
   </trkpt>
   <trkpt lat="1.3595000000000002" lon="103.75794">
    <ele>61.39000000000001</ele>
   </trkpt>
   <trkpt lat="1.35972" lon="103.75769000000001">
    <ele>64.87</ele>
   </trkpt>
   <trkpt lat="1.3598700000000001" lon="103.75784">
    <ele>66.0</ele>
   </trkpt>
   <trkpt lat="1.36009" lon="103.75761000000001">
    <ele>71.41</ele>
   </trkpt>
   <trkpt lat="1.36033" lon="103.75743000000001">
    <ele>76.45</ele>
   </trkpt>
   <trkpt lat="1.3603500000000002" lon="103.75737000000001">
    <ele>76.47000000000001</ele>
   </trkpt>
   <trkpt lat="1.36071" lon="103.75721000000001">
    <ele>101.0</ele>
   </trkpt>
   <trkpt lat="1.36067" lon="103.75716000000001">
    <ele>101.0</ele>
   </trkpt>
   <trkpt lat="1.36071" lon="103.75721000000001">
    <ele>101.0</ele>
   </trkpt>
   <trkpt lat="1.3603500000000002" lon="103.75737000000001">
    <ele>76.47000000000001</ele>
   </trkpt>
   <trkpt lat="1.36033" lon="103.75743000000001">
    <ele>76.45</ele>
   </trkpt>
   <trkpt lat="1.36009" lon="103.75761000000001">
    <ele>71.41</ele>
   </trkpt>
   <trkpt lat="1.3598700000000001" lon="103.75784">
    <ele>66.0</ele>
   </trkpt>
   <trkpt lat="1.35972" lon="103.75769000000001">
    <ele>64.87</ele>
   </trkpt>
   <trkpt lat="1.3596700000000002" lon="103.75775">
    <ele>64.56</ele>
   </trkpt>
   <trkpt lat="1.3597000000000001" lon="103.75778000000001">
    <ele>64.62</ele>
   </trkpt>
   <trkpt lat="1.3595100000000002" lon="103.75797000000001">
    <ele>62.400000000000006</ele>
   </trkpt>
   <trkpt lat="1.35938" lon="103.75822000000001">
    <ele>58.81000000000001</ele>
   </trkpt>
   <trkpt lat="1.359145000096226" lon="103.75866999993978">
    <ele>53.83</ele>
   </trkpt>
   <trkpt lat="1.35891" lon="103.75912000000001">
    <ele>50.7</ele>
   </trkpt>
   <trkpt lat="1.3586" lon="103.75968">
    <ele>46.540000000000006</ele>
   </trkpt>
   <trkpt lat="1.358315000018288" lon="103.76011500008313">
    <ele>41.400000000000006</ele>
   </trkpt>
   <trkpt lat="1.35803" lon="103.76055000000001">
    <ele>38.970000000000006</ele>
   </trkpt>
   <trkpt lat="1.3576700000000002" lon="103.76105000000001">
    <ele>35.120000000000005</ele>
   </trkpt>
   <trkpt lat="1.35746" lon="103.7613">
    <ele>34.4</ele>
   </trkpt>
   <trkpt lat="1.35735" lon="103.76155000000001">
    <ele>32.199999999999996</ele>
   </trkpt>
   <trkpt lat="1.35711" lon="103.76227000000002">
    <ele>25.23</ele>
   </trkpt>
   <trkpt lat="1.3570300000000002" lon="103.76247000000001">
    <ele>25.45</ele>
   </trkpt>
   <trkpt lat="1.3573600000000001" lon="103.76263">
    <ele>25.580000000000002</ele>
   </trkpt>
   <trkpt lat="1.35756" lon="103.76275000000001">
    <ele>25.580000000000002</ele>
   </trkpt>
   <trkpt lat="1.3579100000000002" lon="103.76296">
    <ele>25.67</ele>
   </trkpt>
   <trkpt lat="1.3584200000000002" lon="103.76333000000001">
    <ele>26.17</ele>
   </trkpt>
   <trkpt lat="1.3584" lon="103.76331">
    <ele>26.17</ele>
   </trkpt>
   <trkpt lat="1.3587600000000002" lon="103.76362">
    <ele>26.660000000000004</ele>
   </trkpt>
   <trkpt lat="1.35878" lon="103.76371">
    <ele>26.860000000000003</ele>
   </trkpt>
   <trkpt lat="1.35884" lon="103.76369000000001">
    <ele>26.930000000000003</ele>
   </trkpt>
   <trkpt lat="1.3588300000000002" lon="103.76388000000001">
    <ele>28.020000000000003</ele>
   </trkpt>
   <trkpt lat="1.35868" lon="103.76412">
    <ele>29.580000000000002</ele>
   </trkpt>
   <trkpt lat="1.3584200000000002" lon="103.7646">
    <ele>33.75</ele>
   </trkpt>
   <trkpt lat="1.3582133334873103" lon="103.76522666679944">
    <ele>38.12</ele>
   </trkpt>
   <trkpt lat="1.3580066668122022" lon="103.76585333349166">
    <ele>42.9</ele>
   </trkpt>
   <trkpt lat="1.3578000000000001" lon="103.76648000000002">
    <ele>42.800000000000004</ele>
   </trkpt>
   <trkpt lat="1.35766" lon="103.7669">
    <ele>41.82</ele>
   </trkpt>
   <trkpt lat="1.3575700000000002" lon="103.76701000000001">
    <ele>41.470000000000006</ele>
   </trkpt>
   <trkpt lat="1.35742" lon="103.76714000000001">
    <ele>41.42</ele>
   </trkpt>
   <trkpt lat="1.35735" lon="103.76717000000001">
    <ele>41.42</ele>
   </trkpt>
   <trkpt lat="1.3571000000000002" lon="103.76728000000001">
    <ele>41.63</ele>
   </trkpt>
   <trkpt lat="1.3572300000000002" lon="103.76732000000001">
    <ele>41.49</ele>
   </trkpt>
   <trkpt lat="1.35728" lon="103.76752">
    <ele>32.080000000000005</ele>
   </trkpt>
   <trkpt lat="1.3573000000000002" lon="103.76759000000001">
    <ele>31.490000000000002</ele>
   </trkpt>
   <trkpt lat="1.3575000000000002" lon="103.76753000000001">
    <ele>31.3</ele>
   </trkpt>
   <trkpt lat="1.35762" lon="103.76751">
    <ele>30.97</ele>
   </trkpt>
   <trkpt lat="1.3575000000000002" lon="103.76753000000001">
    <ele>31.3</ele>
   </trkpt>
   <trkpt lat="1.3573000000000002" lon="103.76759000000001">
    <ele>31.490000000000002</ele>
   </trkpt>
   <trkpt lat="1.35728" lon="103.76752">
    <ele>32.080000000000005</ele>
   </trkpt>
   <trkpt lat="1.35766" lon="103.76744000000001">
    <ele>31.85</ele>
   </trkpt>
   <trkpt lat="1.35796" lon="103.76742000000002">
    <ele>31.810000000000006</ele>
   </trkpt>
   <trkpt lat="1.35819" lon="103.76738">
    <ele>31.3</ele>
   </trkpt>
   <trkpt lat="1.3585600000000002" lon="103.76723000000001">
    <ele>30.750000000000004</ele>
   </trkpt>
   <trkpt lat="1.3594000000000002" lon="103.76694">
    <ele>30.240000000000002</ele>
   </trkpt>
   <trkpt lat="1.35941" lon="103.76697000000001">
    <ele>30.240000000000002</ele>
   </trkpt>
   <trkpt lat="1.3596800000000002" lon="103.7669">
    <ele>30.070000000000004</ele>
   </trkpt>
   <trkpt lat="1.3602200000000002" lon="103.76682000000001">
    <ele>29.630000000000003</ele>
   </trkpt>
   <trkpt lat="1.3602200000000002" lon="103.76684">
    <ele>29.630000000000003</ele>
   </trkpt>
   <trkpt lat="1.35973" lon="103.76691000000001">
    <ele>35.22</ele>
   </trkpt>
   <trkpt lat="1.3597800000000002" lon="103.76746000000001">
    <ele>34.550000000000004</ele>
   </trkpt>
   <trkpt lat="1.35938" lon="103.76750000000001">
    <ele>29.810000000000002</ele>
   </trkpt>
   <trkpt lat="1.35939" lon="103.76752">
    <ele>29.810000000000002</ele>
   </trkpt>
   <trkpt lat="1.3593600000000001" lon="103.76750000000001">
    <ele>29.810000000000002</ele>
   </trkpt>
   <trkpt lat="1.35874" lon="103.76759000000001">
    <ele>29.730000000000004</ele>
   </trkpt>
   <trkpt lat="1.35847" lon="103.7676">
    <ele>29.540000000000003</ele>
   </trkpt>
   <trkpt lat="1.3581500000000002" lon="103.76767000000001">
    <ele>30.230000000000004</ele>
   </trkpt>
   <trkpt lat="1.3576300000000001" lon="103.76806">
    <ele>33.03</ele>
   </trkpt>
   <trkpt lat="1.35748" lon="103.76821000000001">
    <ele>34.4</ele>
   </trkpt>
   <trkpt lat="1.35746" lon="103.76830000000001">
    <ele>34.4</ele>
   </trkpt>
   <trkpt lat="1.3574000000000002" lon="103.76839000000001">
    <ele>35.14</ele>
   </trkpt>
   <trkpt lat="1.3573300000000001" lon="103.76847000000001">
    <ele>35.27</ele>
   </trkpt>
   <trkpt lat="1.35731" lon="103.76856000000001">
    <ele>35.27</ele>
   </trkpt>
   <trkpt lat="1.35731" lon="103.76867000000001">
    <ele>35.61</ele>
   </trkpt>
   <trkpt lat="1.35735" lon="103.76874000000001">
    <ele>35.61</ele>
   </trkpt>
   <trkpt lat="1.35756" lon="103.76878">
    <ele>35.69</ele>
   </trkpt>
  </trkseg>
 </trk>
</gpx>
